entity_id	business_name	business_address	country
S3-300000	Acme Industrial Solutions #2 LLC	Unit #2, 500 West Madison St, Chicago, IL, 60661	US
S3-300001	Sri Laxm Textiles #3 & Sarees	Unit #3, 12/A, Nariman Point, Express Towers, Mumbai, 400021	India
S3-300002	hindustan unilever #4 trading co	Unit #4, Shop 8, New Market Area, Bhopal, 462001	India
S3-300003	Gupta Book Depot #7 & Stationers	Unit #7, Plot 42, Electronic City Ph 1, Bengaluru, Karnataka, 560100	India
S3-300004	Golden Gate Capital #10 Hodings LLC	NY - Unit #10, 350 Fifth Ave, 54th Flooroor - New York	US
S3-300005	Mahindra and Mahindra #11 Financial Services	Unit #11, Plot 42, Electronic City Ph 1, Bengaluru	India
S3-300006	Golden Gate Capital #13 Holdings LLC	MA - Unit #13, 100 Federal St, 28th Floor - Boston	US
S3-300007	Wipro Consumer Care #14 and Lighting	Unit #14, G-10, Ground Fl, Banjara Hills Road No 12, Telangana, 560034	India
S3-300008	Juniper Ridge Construction #19 Co.	Unit #19, 100 Federal St, 28th Floor, Boston, MA	US
S3-300009	Olympic Mountain Sports #22 LLC	Unit #22, 1200 Smith St, Suite 2200, Houston, TX, 77002	US
S3-300010	Patel Brothers Provision #23Bh&ar	Unit #23, Opp. City Railway Station, M.G. Rd, Pune, 411001	India
S3-300011	Magnolia Bakery and Cafe #24	IL, Chicago, Unit #24, 500 West Madison Street	US
S3-300012	Liberty Auto Body #25 and Repair	Unit #25, 100 Federal St, 28th Floor, Boston	US
S3-300013	INFOSYS TECHNOLOGIES #29 LTD	Unit #29, Plot 42, Electronic City Ph 1, Bengaluru, 560100	India
S3-300014	ambika jewellers #30 pvt. ltd.	Unit #30, 45-B, Anna Salai, Mount Rd, Chennai, Tamil Nadu, 600002	India
S3-300015	MAGNOLIA BAKERY AND CAFE #31	Unit #31, 350 Fifth Ave, 54th Flooroor, New York, NY	US
S3-300016	Horizon Media Group #33 Enterprises	Unit #33, 2500 Peachtree Rd NW, Atlanta, GA	US
S3-300017	Shree Ganesh General Store #34 Store	Unit #34, 12/A, Nariman Point, Express Towers, Mumbai	India
S3-300018	Cascade Software Labs #35 Technologies	Unit #35, 111 Congress Ave, Suite 400, Austin, TX, 78701	US
S3-300019	Liberty Auto Body #37 & Repair	Unit #37, 100 Federal St, 28th Fl, Boston, MA, 02110	US
S3-300020	Venkateshwara Hardware #39 & Electricals	Karnataka, Unit #39, Bhnd Nexus Mall, Koramangala 5th Block, Bengaluru, 560095	India
S3-300021	SUN PHARMACEUTICAL #40 INDUSTRIES LTD	Unit #40, 104, Civil Lines, Near Bus Stand, Jaipur, Rajasthan, 302006	India
S3-300022	Delta Healthcare Partners #43 P.C.	Unit #43, 100 Federal St, 28th Fl - MA - 02110	US
S3-300023	Infosys Tech #46 Ld	Unit #46, Shop 8, New Market Area, Bhopal, 462001	India
S3-300024	sharma sweet house #48 and restaurant	Unit #48, 22, Park St, 3rd Flooroor, Kolkata	India
S3-300025	Krishn Medical #50 & General Stores	Unit #50, 45-B, Anna Salai, Mount Rd, Chennai, Tamil Nadu, 600002	India
S3-300026	Keystone Property Management #52 LLC	Unit #52, 350 Fifth Ave, 54th Fl, New York, NY, 10118	US
S3-300027	keystone property management 54 llc	Unit #54, 1301 Second Avenue, Ste 3000, Seattle, 98101	US
S3-300028	Juniper Ridge Construction #55 Co.	Unit #55, 350 Fifth Ave, 54th Floor, New York, NY, 10118	US
S3-300029	radha raman h&looms #56 emporium	Unit #56, Shop 15, Sector 18 Market, Noida	India
S3-300030	Olympic Mountain Sports #60 LC	90067, Los Angeles, Unit #60, 2000 Avenue of the Stars, CA	US
S3-300031	Pacific Coast BioLabs #61 Inc.	Unit #61, 701 Brickell Ave, Suite 1700, Miami, 33131	US
S3-300032	Delta Healthcare Partners #62 P.C.	Unit #62, 350 Fifth Ave, 54th Fl, New York, NY, 10118	US
S3-300033	Keystone Property Management #63 LLC	Unit #63, 1301 Second Avenue, Suite 3000, Seattle, WA	US
S3-300034	Sharma Sweet House #65 & Restaurant	Chennai, Unit #65, 45-B, Anna Salai, Mount Road, 600002	India
S3-300035	Sri Balaji Udyog #67 Pvt Ltd	Unit #67, NH-8, Near Toll Plaza, Udyog Vihar Phase 4, Gurugram, Haryana	India
S3-300036	bharti airtel #68 ent.	411001, Pune, Maharashtra, Unit #68, Opposite City Railway Station, M.G. Road	India
S3-300037	Magnolia Bakery and Cafe #69	30305, Unit #69, 2500 Peachtree Rd NW, Atlanta	US
S3-300038	Adani Ent. #73 Ltd	Unit #73, Shop 8, New Market Area, Bhopal, Madhya Pradesh, 462001	India
S3-300039	Asian Paints #77 Colour Solutions	Unit #77, Shop 8, New Market Area - Bhopal - Madhya Pradesh	India
S3-300040	golden gate capital #79 holdings llc	Unit #79, 1200 Smith Street, Ste 2200 - Houston - TX - 77002	US
S3-300041	Bajaj Auto #80 Holdings Ltd	Unit #80, Nr Old High Court, Mall Road, Shimla	India
S3-300042	ICICI Securites #81 Pvt. Ltd.	Unit #81, 45-B, Anna Salai, Mount Rd, Chennai, Tamil Nadu, 600002	India
S3-300043	Golden Gate Capital #82 Holdings LLC	Unit #82, 100 Montgomery Street, Ste 1500, San Francisco, CA	US
S3-300044	Wipr Consumer Care #84 & Lighting	Unit #84, Behind Nexus Mall, Koramangala 5th Block, Karnataka	India
S3-300045	TITAN COMPANY #86 ENTERPRISES	Unit #86, G-10, Ground Floor, Banjara Hills Rd No 12, Hyderabad	India
S3-300046	Royal Enfield Service #88 Centre	Unit #88, G-10, Ground Flooroor, Banjara Hills Rd No 12, Hyderabad, Telangana	India
S3-300047	Quantum Leap Robotics #89 LLC	Unit #89, 1200 Smith St, Ste 2200, Houston, TX, 77002	US
S3-300048	Beacon Financial Group #92 Corp	Unit #92, 2000 Ave of the Stars, Los Angeles, 90067	US
S3-300049	Horizon Media Group #93 Ent.	Miami, Unit #93, 701 Brickell Avenue, Suite 1700	US
S3-300050	apex diagnosti centre #94 & path lab	Unit #94, Door No 8-2-293, Jubilee Hills, Hyderabad, Telangana, 500033	India
S3-300051	hindustan unilever #96 trading co	Unit #96, 22, Park St, 3rd Fl, Kolkata, 700016	India
S3-300052	Krishna Medical #97 and General Stores	Unit #97, 22, Park Street, 3rd Fl - Kolkata	India
S3-300053	Reliance Retail #101 Private Limited	Unit #101, 12/A, Nariman Point, Express Towers, Mumbai	India
S3-300054	Venkateshwara Hardware #102 and Electricals	Unit #102, Bhnd Nexus Mall, Koramangala 5th Block, Bengaluru	India
S3-300055	Quantum Leap obotics #103 LLC	Unit #103, 2000 Ave of the Stars, Los Angeles, 90067	US
S3-300056	Quantum Leap Robotics #104 LLC	Unit #104, 2000 Avenuenue of the Stars, Los Angeles, CA	US
S3-300057	VENKATESHWARA HARDWARE #105 AND ELECTRICALS	Unit #105, Chowk Bazaar, Nr Ghanta Ghar, Surat	India
S3-300058	Ironclad Security Services #106 Inc	Unit #106, 2500 Peachtree Rd NW - Atlanta - GA	US
S3-300059	Evergreen Valley Dental #109 Associates	Unit #109, 111 Congress Avenuenue, Ste 400, Austin, TX	US
S3-300060	magnolia bakry & cafe #110	Unit #110, 350 Fifth Ave, 54th Fl, New York, NY, 10118	US
S3-300061	reliance retail #111 private limited	Unit #111, 104, Civil Lines, Near Bus Stand, Jaipur, Rajasthan	India
S3-300062	tata consultancy services #112 limited	Haryana, Gurugram, 122015, Unit #112, NH-8, Near Toll Plaza, Udyog Vihar Ph 4	India
S3-300063	Liberty Auto Body #113 & Repair	Unit #113, 1301 Second Avenuenue, Suite 3000, Seattle, WA	US
S3-300064	Aani Ent. #114 Ltd	Madhya Pradesh, Bhopal, Unit #114, Shop 8, New Market Area	India
S3-300065	quantum leap robotics #116 llc	Unit #116, 1200 Smith Streetreet, Ste 2200, Houston, 77002	US
S3-300066	mahindra & mahinra #119 financial services	Unit #119, Near SBI ATM, Gali No 4, Karol Bagh, New Delhi, 110005	India
S3-300067	nexus cloud tech #120 corporation	Unit #120, 1301 Second Ave, Suite 3000, Seattle	US
S3-300068	Sri Balaji Udyog #123 Pvt Ltd	Unit #123, Shop 15, Sector 18 Market - Noida - 201301	India
S3-300069	horizon media group #125 ent.	Unit #125, 1301 Second Avenue, Ste 3000, Seattle	US
S3-300070	Liberty Auto Body #127 & Repair	Unit #127, 2500 Peachtree Rd NW - GA - 30305	US
S3-300071	Golden Gate Capital #128 Holdings LLC	Unit #128, 2500 Peachtree Rd NW, Atlanta, GA	US
S3-300072	hdfc bank #129 ltd	700016, Kolkata, Unit #129, 22, Park St, 3rd Fl	India
S3-300073	Royal Enfield Service #130 Centre	Unit #130, Opp. City Railway Streetation, M.G. Rd - Maharashtra - Pune	India
S3-300074	Horizon Media Group #132 Ent.	Unit #132, 701 Brickell Avenue, Suite 1700, Miami	US
S3-300075	Ironclad Security Services #134 Inc	Chicago, Unit #134, 500 West Madison Street	US
S3-300076	Frontier Energy Systems #135 Corp.	Unit #135, 100 Montgomery St, Ste 1500, San Francisco, CA, 94104	US
S3-300077	Olympic Mountain Sports #139 LLC	Unit #139, 701 Brickell Avenue, Suite 1700, 33131	US
S3-300078	olympic mountain sports #140 llc	Unit #140, 1200 Smith St, Ste 2200, 77002	US
S3-300079	Rdwood Wealth Management #141 Group	Unit #141, 2000 Ave of the Stars, Los Angeles, 90067	US
S3-300080	Infosys Tech #142 Ltd	Unit #142, Opposite City Railway Streetation, M.G. Road, Pune, 411001	India
S3-300081	Acme Industrial Solutions #143 LLC	Unit #143, 500 West Madison St, Chicago, IL, 60661	US
S3-300082	ICICI ecurities #144 Pvt. Ltd.	Shimla, Himachal Pradesh, 171001, Unit #144, Near Old High Court, Mall Road	India
S3-300083	Keystone Property Management #146 LLC	Unit #146, 2500 Peachtree Road NW, Atlanta, GA, 30305	US
S3-300084	PACIFIC COAST BIOLABS #148 INC.	Unit #148, 111 Congress Avenue, Suite 400, Austin, TX	US
S3-300085	Magnolia Bakery and Cafe #150	Unit #150, 350 Fifth Avenue, 54th Flooroor, New York, NY, 10118	US
S3-300086	Golden Gate Capital #151 Holdings LLC	Unit #151, 500 West Madison St, Chicago, IL, 60661	US
S3-300087	Magnolia Bakery and Cafe #152	Unit #152, 1301 Second Ave, Ste 3000, Seattle, WA, 98101	US
S3-300088	Shree Balaji Udyog #153 Private Limited	Unit #153, 22, Park St, 3rd Fl, Kolkata, West Bengal	India
S3-300089	Acme Industrial Solutions #155 LLC	Unit #155, 350 Fifth Ave, 54th Fl, New York, 10118	US
S3-300090	FRONTIER ENERGY SYSTEMS #157 CORP.	Unit #157, 100 Federal Street, 28th Fl, Boston, MA, 02110	US
S3-300091	Beacon Financial Group #158 Corp	Unit #158, 701 Brickell Avenuenue, Ste 1700, Miami, FL, 33131	US
S3-300092	Keystone Property Management #159 LLC	TX, 77002, Unit #159, 1200 Smith St, Ste 2200, Houston	US
S3-300093	Juniper Ridge Construction #160 Co.	Unit #160, 111 Congress Ave, Ste 400 - Austin - 78701	US
S3-300094	Royal Enfield Service #161 Centre	Unit #161, Shop 15, Sector 18 Market - 201301	India
S3-300095	BHARTI AIRTEL #162 ENT.	Unit #162, Bhnd Nexus Mall, Koramangala 5th Block, Karnataka, 560095	India
S3-300096	Pacific Coast BioLabs #163 Inc.	Unit #163, 500 West Madison St, Chicago, IL, 60661	US
S3-300097	Swastik Auto Spares #164Works	Unit #164, G-10, Ground Floor, Banjara Hills Road No 12, Hyderabad, Telangana	India
S3-300098	Bharti Airtel #165 Enterprises	700016 - Unit #165, 22, Park St, 3rd Floor - West Bengal - Kolkata	India
S3-300099	Quantum Leap Robotics #167 LLC	Unit #167, 100 Federal St, 28th Fl, Boston, MA, 02110	US
S3-300100	Reliance Retail #169 Private Limited	West Bengal, 700016, Kolkata, Unit #169, 22, Park St, 3rd Fl	India
S3-300101	Beacon Financial Group #170 Corp	Unit #170, 500 West Madison St, Chicago	US
S3-300102	Godrej Consumer Products #172 Ltd	Unit #172, Door No 8-2-293, Jubilee Hills, Hyderabad, Telangana, 500033	India
S3-300103	Shree Ganesh General Store #174 Store	Hyderabad, Unit #174, G-10, Ground Fl, Banjara Hills Road No 12, 560034	India
S3-300104	Golden Gate Capital #175 Holdings LLC	WA, 98101, Seattle, Unit #175, 1301 Second Ave, Ste 3000	US
S3-300105	Quantum Leap Robotics #176 LLC	Unit #176, 2000 Avenue of the Stars, Los Angeles, CA, 90067	US
S3-300106	DELTA HEALTHCARE PARTNERS #177 P.C.	Unit #177, 1200 Smith St, Suite 2200, Houston, TX	US
S3-300107	Quantum Leap Robotics #178 LLC	IL, Unit #178, 500 West Madison St, Chicago, 60661	US
S3-300108	Sun Pharmaceutical #179 Industries Ltd	Unit #179, 45-B, Anna Salai, Mount Road, Chennai, 600002	India
S3-300109	Ironclad Security Serv. #180 Inc	Unit #180, 500 West Madison Street, IL	US
S3-300110	Liberty Auto Body #181 and Repair	San Francisco - Unit #181, 100 Montgomery St, Ste 1500 - 94104	US
S3-300111	Frontier Energy Systems #184 Corp.	Unit #184, 2500 Peachtree Road NW, Atlanta, GA, 30305	US
S3-300112	Asian Paints #185 Clour Solns	Unit #185, Behind Nexus Mall, Koramangala 5th Block, Bengaluru, Karnataka, 560095	India
S3-300113	Krishna Medical #187 and General Stores	Unit #187, Shop 15, Sector 18 Market - Noida - Uttar Pradesh - 201301	India
S3-300114	Magnolia Bakery & Cafe #188	Unit #188, 100 Federal St, 28th Flooroor, Boston	US
S3-300115	Shree Ganesh General Store #189 Store	Kolkata, Unit #189, 22, Park St, 3rd Floor	India
S3-300116	Liberty Auto Body #190 and Repair	Unit #190, 111 Congress Avenue, Suite 400, Austin	US
S3-300117	ICICI Seurities #192 Private Limited	Unit #192, 12/A, Nariman Point, Express Towers, Mumbai, Maharashtra	India
S3-300118	Maruti Suzuki #193 India Ltd.	Unit #193, Chowk Bazaar, Near Ghanta Ghar, Surat, 395003	India
S3-300119	Pacific Coast BioLabs #194 Inc.	Unit #194, 350 Fifth Ave, 54th Fl - New York - NY - 10118	US
S3-300120	godrej consumer products #196 ltd	Unit #196, 45-B, Anna Salai, Mount Road, Chennai, Tamil Nadu, 600002	India
S3-300121	HDFC Bank #197 Ltd	Unit #197, Chowk Bazaar, Nr Ghanta Ghar, Surat, 395003	India
S3-300122	Nexus Cloud Tech #200 Corporation	Unit #200, 2500 Peachtree Rd NW, Atlanta, GA, 30305	US
S3-300123	Quantum Leap Robotics #202 LLC	Unit #202, 2000 Avenue of the Streetars, Los Angeles, CA, 90067	US
S3-300124	Radha Raman H&looms #204 Emporium	Unit #204, Chowk Bazaar, Near Ghanta Ghar, Surat, Gujarat, 395003	India
S3-300125	icici securities #211 private limited	Hyderabad, Telangana, Unit #211, G-10, Ground Flooroor, Banjara Hills Road No 12, 560034	India
S3-300126	Nexus Cloud Tech #215 Corporation	Unit #215, 111 Congress Ave, Ste 400, Austin, TX, 78701	US
S3-300127	Om Sai Digital Printing #216 erv.	Unit #216, 104, Civil Lines, Near Bus Streetand, Jaipur	India
S3-300128	State Bank of India #217	Unit #217, 12/A, Nariman Point, Express Towers, Mumbai	India
S3-300129	Apex lobal Logistics #219 Inc.	Unit #219, 100 Montgomery St, Ste 1500, San Francisco, CA, 94104	US
S3-300130	Acme Industrial Solutions #223 LLC	Unit #223, 500 West Madison St, Chicago, 60661	US
S3-300131	Delta Healthcare Partners #224 P.C.	Unit #224, 2500 Peachtree Rd NW, Atlanta, GA, 30305	US
S3-300132	Keystone Property Management #226 LLC	Unit #226, 1200 Smith Street, Suite 2200 - Houston - TX	US
S3-300133	SUN PHARMACEUTICAL #228 INDUSTRIES LTD	Unit #228, 104, Civil Lines, Nr Bus Streetand, Jaipur, 302006	India
S3-300134	HDFC Bank #229 Ltd	Unit #229, Chowk Bazaar, Nr Ghanta Ghar, Surat, 395003	India
S3-300135	INFOSYS TECHNOLOGIES #230 LTD	Unit #230, 45-B, Anna Salai, Mount Rd, Chennai, Tamil Nadu	India
S3-300136	Sri Laxmi Textiles #233 & Sarees	Unit #233, 22, Park Streetreet, 3rd Fl	India
S3-300137	Swastik Auto Spares #234 Woks	Unit #234, Shop 8, New Market Area, 462001	India
S3-300138	Mahindra & Mahindra #235 Financial Serv.	Unit #235, 104, Civil Lines, Nr Bus Stand, Jaipur, Rajasthan, 302006	India
S3-300139	Dabur India #236 Limited	Bhopal, Unit #236, Shop 8, New Market Area	India
S3-300140	shree balaji udyog #237 private limited	Unit #237, Near SBI ATM, Gali No 4, Karol Bagh, Delhi, 110005	India
S3-300141	Apex Diagnostic Centre #238 and Path Lab	Unit #238, Chowk Bazaar, Near Ghanta Ghar, Gujarat, 395003	India
S3-300142	Bajaj Auto #240 Holdings Ltd	Unit #240, Door No 8-2-293, Jubilee Hills, Hyderabad, Telangana	India
S3-300143	Venkateshwara Hardware #241 & Electricals	Unit #241, G-10, Ground Flooroor, Banjara Hills Rd No 12, Hyderabad, 560034	India
S3-300144	Pacific Coast BioLabs #242 Inc.	Unit #242, 100 Montgomery St, Ste 1500, San Francisco, CA, 94104	US
S3-300145	Ironclad Security Serv. #243 Inc	Unit #243, 2000 Ave of the Stars, Los Angeles, CA	US
S3-300146	Wipro Cosumer Care #244 & Lighting	Surat, 395003, Gujarat, Unit #244, Chowk Bazaar, Nr Ghanta Ghar	India
S3-300147	Hindustan Unilever #245 Trading Co	Unit #245, Shop 15, Sec 18 Market, Noida, 201301	India
S3-300148	Quantum Leap Robotics#246 LLC	Unit #246, 350 Fifth Ave, 54th Fl, NY, 10118, New York	US
S3-300149	Titan Company #247 Enterprises	Unit #247, NH-8, Nr Toll Plaza, Udyog Vihar Phase 4, Gurugram, 122015	India
S3-300150	TATA CONSULTANCY SERVICES #248 LTD.	Unit #248, NH-8, Nr Toll Plaza, Udyog Vihar Phase 4, Gurugram, 122015	India
S3-300151	asian paints #249 colour solns	Unit #249, Bhnd Nexus Mall, Koramangala 5th Block, Bengaluru	India
S3-300152	apex global logistics #251 inc.	Unit #251, 350 Fifth Ave, 54th Fl, New York, NY, 10118	US
S3-300153	Olympic Mountain Sports #253 LLC	Unit #253, 701 Brickell Avenue, Ste 1700 - Miami - FL - 33131	US
S3-300154	Keystone Property Management #254 LLC	Unit #254, 2000 Ave of the Streetars, Los Angeles	US
S3-300155	Radha Raman H&looms #255 Emporium	Maharashtra, 411001, Pune, Unit #255, Opposite City Railway Station, M.G. Rd	India
S3-300156	Krishna Medical #256 & General Stores	Unit #256, G-10, Ground Fl, Banjara Hills Road No 12, 560034	India
S3-300157	Royal Enfield Service #258 Centre	Unit #258, Bhnd Nexus Mall, Koramangala 5th Block, Bengaluru, Karnataka, 560095	India
S3-300158	Magnolia Bakery and Cafe #262	San Francisco, CA, Unit #262, 100 Montgomery St, Suite 1500	US
S3-300159	Apex Global Logistics #264 Inc.	Unit #264, 111 Congress Avenue, Suite 400, 78701, Austin	US
S3-300160	Golden Gate Capital #265 Holdings LLC	Unit #265, 500 West Madison Street, Chicago, IL	US
S3-300161	Sri Laxmi Textiles #266 & Sarees	Unit #266, Shop 8, New Market Area - Bhopal	India
S3-300162	Om Sai Digital Printing #268 Services	Unit #268, Nr Old High Court, Mall Road, Shimla, 171001	India
S3-300163	Radha Raman H&looms #270 Emporium	Unit #270, 45-B, Anna Salai, Mount Road, Chennai, Tamil Nadu, 600002	India
S3-300164	Sri Laxmi Textiles #271 & Sarees	Unit #271, Nr Old High Court, Mall Rd, Shimla	India
S3-300165	IRONCLAD SECURITY SERVICES #272 INC	Unit #272, 500 West Madison St, Chicago, IL	US
S3-300166	ACME INDUSTRIAL SOLUTIONS #273 LLC	Unit #273, 1301 Second Avenue, Suite 3000, Seattle, WA	US
S3-300167	Apollo Hospitals #275 Enterprise Ltd	Unit #275, Near SBI ATM, Gali No 4, Karol Bagh, New Delhi, Delhi, 110005	India
S3-300168	Magnolia Bakery and Cafe #276	Unit #276, 100 Federal St, 28th Fl, Boston, MA, 02110	US
S3-300169	Evergreen Valley Dental #278 Associates	Unit #278, 2000 Ave of the Stars, Los Angeles, CA, 90067	US
S3-300170	TATA CONSULTANCY SERVICES #280 LTD.	Unit #280, Shop 8, New Market Area, Bhopal, Madhya Pradesh, 462001	India
S3-300171	Liberty Auto Body #281 & Repair	Unit #281, 100 Montgomery Street, Ste 1500 - San Francisco	US
S3-300172	Gupta Book Depot #282 & Stationers	110005, Delhi, Unit #282, Near SBI ATM, Gali No 4, Karol Bagh, New Delhi	India
S3-300173	apex global logistics #284 inc.	Unit #284, 1301 Second Ave, Ste 3000, 98101, Seattle	US
S3-300174	Delta Healthcare Partners #285 P.C.	Unit #285, 1301 Second Avenue, Suite 3000, Seattle, WA, 98101	US
S3-300175	Dabur India #288 Limited	Unit #288, 22, Park Street, 3rd Floor, Kolkata, West Bengal, 700016	India
S3-300176	Apex Global Logistics #290 Inc.	Unit #290, 1301 Second Ave, Suite 3000, Seattle, WA, 98101	US
S3-300177	adani ent. #291 ltd	Unit #291, 22, Park St, 3rd Fl, Kolkata	India
S3-300178	Quantum Leap Robotics #292 LLC	Unit #292, 350 Fifth Ave, 54th Fl, New York, NY, 10118	US
S3-300179	Redwood Wealth Management #293 Group	Unit #293, 111 Congress Avenuenue, Ste 400 - Austin - TX	US
S3-300180	Redwood Wealth Management #295Group	Unit #295, 350 Fifth Ave, 54th Floor, New York	US
S3-300181	Keystone Property Management #296 LLC	Unit #296, 1200 Smith Streetreet, Suite 2200, 77002	US
S3-300182	Frontier Energy Systems #298 Corp.	Unit #298, 350 Fifth Avenue, 54th Fl, New York	US
S3-300183	quantum leap robotics #300 llc	Unit #300, 111 Congress Avenuenue, Ste 400, TX	US
S3-300184	JUNIPER RIDGE CONSTRUCTION #301 COMPANY	Unit #301, 500 West Madison St, Chicago, IL	US
S3-300185	State Bank of India #302	Unit #302, Chowk Bazaar, Nr Ghanta Ghar - Surat - Gujarat	India
S3-300186	KAILASH PARBAT PURE VEG #303 RESTAURANT	Unit #303, Opposite City Railway Station, M.G. Road, Pune, Maharashtra, 411001	India
S3-300187	Sharma Sweet House #305 and Restaurant	Unit #305, Plot 42, Electronic City Phasease 1, Bengaluru, 560100	India
S3-300188	Summit View Veterinary #306 Hospital	Unit #306, 100 Federal Street, 28th Fl - Boston - MA	US
S3-300189	Redwod Wealth Management #308 Group	Unit #308, 2000 Avenue of the Stars, Los Angeles, 90067	US
S3-300190	Adani Ent. #309 Ltd	Unit #309, NH-8, Nr Toll Plaza, Udyog Vihar Ph 4, Gurugram, 122015	India
S3-300191	godrej consumer product #310 ltd	Unit #310, 45-B, Anna Salai, Mount Road, Chennai	India
S3-300192	Ambika Jewellers #311 Pvt. Ltd.	Unit #311, 12/A, Nariman Point, Express Towers, Mumbai, Maharashtra	India
S3-300193	HDFC Bank #313 Ltd	Unit #313, Shop 8, New Market Area, Bhopal	India
S3-300194	Cascade Software Labs #317 Tech	Unit #317, 2000 Ave of the Stars, Los Angeles, CA	US
S3-300195	TITAN COMPANY #318 ENTERPRISES	700016, West Bengal, Unit #318, 22, Park St, 3rd Floor	India
S3-300196	Dabur India #319 Limited	Unit #319, 104, Civil Lines, Near Bus Streetand, Jaipur	India
S3-300197	SUN PHARMACEUTICAL #321 INDUSTRIES LTD	Unit #321, Plot 42, Electronic City Phasease 1, Bengaluru, 560100	India
S3-300198	Reliance Retail #323 Private Limited	Haryana, Unit #323, NH-8, Nr Toll Plaza, Udyog Vihar Phase 4, Gurugram, 122015	India
S3-300199	Sharma Sweet House #324 and Restaurant	Unit #324, Door No 8-2-293, Jubilee Hills, Hyderabad, Telangana	India
S3-300200	KEYSTONE PROPERTY MANAGEMENT #326 LLC	90067, Los Angeles, Unit #326, 2000 Avenue of the Streetars, CA	US
S3-300201	reliance retail #328 private limited	Unit #328, 45-B, Anna Salai, Mount Road, Chennai, Tamil Nadu	India
S3-300202	Acme Industrial Solutions #329 LC	Unit #329, 701 Brickell Avenue, Suite 1700, Miami, FL, 33131	US
S3-300203	cascade software labs #331 tech	Unit #331, 2000 Ave of the Streetars, Los Angeles, CA, 90067	US
S3-300204	apex diagnostic centre #332 & path lab	Unit #332, Bhnd Nexus Mall, Koramangala 5th Block - Bengaluru - Karnataka - 560095	India
S3-300205	Apollo Hospitals #333 Enterprise Ltd	Unit #333, NH-8, Near Toll Plaza, Udyog Vihar Phasease 4, 122015	India
S3-300206	Sun Pharmaceutical #335 Industries Ltd	Bhopal - 462001 - Unit #335, Shop 8, New Market Area	India
S3-300207	Redwood Wealth Management #336Group	02110, Unit #336, 100 Federal Street, 28th Fl, Boston	US
S3-300208	Larsen and Toubro #338 Infotech Ltd	Unit #338, Near SBI ATM, Gali No 4, Karol Bagh, New Delhi	India
S3-300209	Golden Gate Capital #342 Holdings LLC	Unit #342, 100 Federal St, 28th Floor, Boston, MA, 02110	US
S3-300210	Kailash Parbat Pure Veg #343 Restaurant	Unit #343, Shop 8, New Market Area - Bhopal - 462001	India
S3-300211	Godrej Consumer Products #344 Ltd	Unit #344, Opposite City Railway Station, M.G. Road, Pune, Maharashtra, 411001	India
S3-300212	Larsen & Toubro #346 Infotech Ltd	Unit #346, Opposite City Railway Station, M.G. Road, 411001	India
S3-300213	Apex Diagnostic Centre #348 and Path Lab	Bengaluru, Karnataka, 560100, Unit #348, Plot 42, Electronic City Ph 1	India
S3-300214	Dabur India #349 Ltd.	Karnataka, Bengaluru, Unit #349, Plot 42, Electronic City Ph 1	India
S3-300215	Stte Bank of India #350	Unit #350, 45-B, Anna Salai, Mount Rd, Chennai, 600002	India
S3-300216	maruti suzuki #351 india limited	Unit #351, G-10, Ground Fl, Banjara Hills Road No 12, Telangana, 560034	India
S3-300217	Frontier Energy Systems #352 Corp.	Unit #352, 1301 Sectorond Ave, Suite 3000, WA	US
S3-300218	Olympic Mountain Sports #353 LLC	Unit #353, 1301 Sectorond Avenuenue, Ste 3000 - Seattle - WA	US
S3-300219	adani ent. #354 ltd	Unit #354, Opposite City Railway Station, M.G. Road, Pune, 411001	India
S3-300220	Godrej Consumer Products #356 Ltd	Unit #356, Shop 8, New Market Area, Bhopal, 462001	India
S3-300221	Liberty Auto Body #357 &Repair	Unit #357, 350 Fifth Ave, 54th Flooroor, New York, NY	US
S3-300222	Dabur India #358 Limited	Unit #358, Plot 42, Electronic City Phasease 1, 560100	India
S3-300223	Beacon Financial Group #359 Corp	Unit #359, 100 Montgomery Street, Suite 1500, San Francisco, CA, 94104	US
S3-300224	Hindustan Unilever #361 Trading Co	Unit #361, Nr SBI ATM, Gali No 4, Karol Bagh, New Delhi, Delhi, 110005	India
S3-300225	golden gate capital #362 holdings llc	Unit #362, 701 Brickell Avenuenue, Ste 1700, Miami, FL, 33131	US
S3-300226	ICICI Securities #365 Pvt Ltd.	Unit #365, Shop 15, Sec 18 Market, Noida	India
S3-300227	Horizon Media Group #366 Ent.	Atlanta, GA, Unit #366, 2500 Peachtree Rd NW	US
S3-300228	Infosys Technologies #368 Ltd	Unit #368, 104, Civil Lines, Nr Bus Stand - Jaipur - 302006	India
S3-300229	Kailash Parbat Pure Veg #369 Restaurant	Unit #369, 22, Park Streetreet, 3rd Floor, Kolkata, West Bengal, 700016	India
S3-300230	SHARMA SWEET HOUSE #370 AND RESTAURANT	Unit #370, 104, Civil Lines, Nr Bus Streetand, Jaipur, 302006	India
S3-300231	maruti suzuki #371 india lmited	Unit #371, 22, Park St, 3rd Flooroor, Kolkata, 700016	India
S3-300232	Olympic Mountain Sports #373 LLC	Unit #373, 350 Fifth Ave, 54th Fl, New York, NY	US
S3-300233	Shree Balaji Udyog #374 Pvt Ltd	Unit #374, G-10, Ground Fl, Banjara Hills Rd No 12, Hyderabad, Telangana	India
S3-300234	Reliance Retail #375 Private Limited	Hyderabad, Unit #375, G-10, Ground Floor, Banjara Hills Road No 12	India
S3-300235	apex diagnostic centre #376 & path lab	Unit #376, Door No 8-2-293, Jubilee Hills, Hyderabad, Telangana, 500033	India
S3-300236	INFOSYS TECH #377 LTD	Unit #377, Door No 8-2-293, Jubilee Hills, Hyderabad, Telangana	India
S3-300237	Magnolia Bakery and Cafe #378	Unit #378, 100 Montgomery St, Ste 1500, San Francisco, CA, 94104	US
S3-300238	MAHINDRA & MAHINDRA #379 FINANCIAL SERVICES	Unit #379, Shop 8, New Market Area, Bhopal, Madhya Pradesh	India
S3-300239	Ironclad Security Serv #380 Inc	Unit #380, 1200 Smith St, Suite 2200 - Houston - TX - 77002	US
S3-300240	Summit View Veterinary #381 Hospital	Unit #381, 100 Montgomery St, Suite 1500, San Francisco, CA	US
S3-300241	Om Sai Digital Printing #382 Serv.	Unit #382, Nr Old High Court, Mall Rd, Shimla, Himachal Pradesh	India
S3-300242	Pacific Coast BioLabs #383 Inc.	Unit #383, 701 Brickell Avenue, Ste 1700, Miami, FL	US
S3-300243	MAGNOLIA BAKERY & CAFE #384	Unit #384, 100 Federal St, 28th Flooroor, Boston, MA, 02110	US
S3-300244	LIBERTY AUTO BODY #385 AND REPAIR	Unit #385, 100 Montgomery St, Ste 1500 - San Francisco	US
S3-300245	Maruti Suzuki #387 India Ltd.	Unit #387, Bhnd Nexus Mall, Koramangala 5th Block, Bengaluru, Karnataka	India
S3-300246	APOLLO HOSPITALS #388 ENTERPRISE LTD	Unit #388, Shop 8, New Market Area, Bhopal, 462001	India
S3-300247	Sri Ganesh Kirana #389 Store	Unit #389, 22, Park St, 3rd Fl, Kolkata, West Bengal	India
S3-300248	Gupta Book Depot #390 & Sationers	Unit #390, Nr Old High Court, Mall Road, Shimla, Himachal Pradesh	India
S3-300249	State Ban of India #391	Unit #391, Door No 8-2-293, Jubilee Hills, Hyderabad, 500033	India
S3-300250	Reliance Retail #392 Private Limited	Unit #392, 12/A, Nariman Point, Express Towers, Mumbai, Maharashtra	India
S3-300251	Magnolia Bakery and Cafe #395	Unit #395, 701 Brickell Avenue, Ste 1700, Miami, 33131	US
S3-300252	Keytone Property Management #396 LLC	60661, Unit #396, 500 West Madison St, Chicago	US
S3-300253	Adani Ent #399 Ltd	Unit #399, Chowk Bazaar, Near Ghanta Ghar, 395003	India
S3-300254	State Bank of India #400	400021, Unit #400, 12/A, Nariman Point, Express Towers	India
S3-300255	Mahindra & Mahindra #401 Financial Serv.	Unit #401, G-10, Ground Fl, Banjara Hills Road No 12, 560034, Hyderabad	India
S3-300256	Larsen & Toubro #402 Infotech Ltd	Unit #402, 104, Civil Lines, Nr Bus Stand, Jaipur, Rajasthan, 302006	India
S3-300257	redwood wealth management #403 group	Unit #403, 1301 Second Avenue, Suite 3000, 98101, Seattle, WA	US
S3-300258	Wipro Consumer Care #404 & Lighting	Unit #404, 45-B, Anna Salai, Mount Road, Chennai, Tamil Nadu, 600002	India
S3-300259	quantum leap robotics #405 llc	Unit #405, 2000 Avenue of the Stars - Los Angeles - CA	US
S3-300260	sun pharmaceutical #408 industries ltd	Unit #408, Chowk Bazaar, Near Ghanta Ghar, Gujarat, 395003	India
S3-300261	Adani Ent. #409 Ltd	Unit #409, G-10, Ground Floor, Banjara Hills Rd No 12, Hyderabad, Telangana	India
S3-300262	Adani Ent. #410 Ltd	Unit #410, NH-8, Nr Toll Plaza, Udyog Vihar Phase 4, Gurugram, Haryana, 122015	India
S3-300263	Horizon Media Group #411 Enterprises	GA, Unit #411, 2500 Peachtree Rd NW, Atlanta, 30305	US
S3-300264	Venkateshwara Hardware #413 & Electricals	Unit #413, Plot 42, Electronic City Ph 1, Bengaluru, 560100	India
S3-300265	Golden Gate Capital #414 Holdings LLC	Unit #414, 100 Montgomery Street, Suite 1500 - San Francisco - CA - 94104	US
S3-300266	sri ganesh kirana #416 store	Unit #416, Chowk Bazaar, Nr Ghanta Ghar, Surat, Gujarat	India
S3-300267	keystone property management #417 llc	Unit #417, 1200 Smith Streetreet, Suite 2200, Houston, TX, 77002	US
S3-300268	Redwood Wealth Management #421 Group	Unit #421, 2500 Peachtree Rd NW, Atlanta, 30305	US
S3-300269	Quantum Leap Rbotics #423 LLC	Unit #423, 1301 Sectorond Ave, Ste 3000, Seattle, WA	US
S3-300270	HDFC Bank #424 Ltd	Unit #424, Behind Nexus Mall, Koramangala 5th Block, Bengaluru, Karnataka	India
S3-300271	Acme Industrial Solns #425 LLC	Unit #425, 1200 Smith Street, Suite 2200, Houston, TX, 77002	US
S3-300272	Asian Paints #426 Colour Solutions	400021, Unit #426, 12/A, Nariman Point, Express Towers, Mumbai	India
S3-300273	Apollo Hospitals #428 Enterprise Ltd	Unit #428, Nr Old High Court, Mall Rd, Shimla, 171001	India
S3-300274	Tata Consultancy Services #430 Ltd.	Unit #430, 22, Park Street, 3rd Floor, Kolkata, 700016	India
S3-300275	Godrej Consumer Products #431 Ltd	Unit #431, 45-B, Anna Salai, Mount Rd, Chennai	India
S3-300276	Frontier Energy Systems #432 Corp.	Unit #432, 111 Congress Ave, Suite 400, Austin, TX, 78701	US
S3-300277	ICICI Securities #433 Private Ltd.	Unit #433, Nr Old High Court, Mall Road, Shimla, 171001	India
S3-300278	Gupta Book Depot #434 & Statioers	Unit #434, Shop 15, Sectortor 18 Market, Uttar Pradesh, 201301, Noida	India
S3-300279	Redwood Wealth Management #435 Group	Unit #435, 500 West Madison St, Chicago	US
S3-300280	Horizon Media Group #437 Ent.	Unit #437, 2000 Ave of the Streetars - Los Angeles - CA	US
S3-300281	Reliance Retail #43 Pvt Ltd	Unit #438, 104, Civil Lines, Near Bus Stand, Jaipur, Rajasthan, 302006	India
S3-300282	Apex Global Logistics #440 Inc.	Unit #440, 701 Brickell Avenue, Ste 1700, FL, 33131	US
S3-300283	Horizon Media Group #443 Ent.	Unit #443, 111 Congress Avenue, Ste 400 - Austin - 78701	US
S3-300284	mahindra & mahindra #444 financial serv.	Unit #444, Door No 8-2-293, Jubilee Hills, Telangana, 500033	India
S3-300285	Pacific Coast BioLabs 445 Inc.	Unit #445, 350 Fifth Ave, 54th Floor, New York, NY	US
S3-300286	bharti airtl #446 ent.	Noida, Unit #446, Shop 15, Sector 18 Market, Uttar Pradesh, 201301	India
S3-300287	golden gate capital #447 hldings llc	Unit #447, 701 Brickell Avenuenue, Ste 1700 - Miami - 33131	US
S3-300288	Royal Enfield Service #450 Centre	Mumbai, Unit #450, 12/A, Nariman Point, Express Towers, 400021	India
S3-300289	Beacon Financal Group #451 Corp	Unit #451, 701 Brickell Avenue, Ste 1700, 33131, Miami	US
S3-300290	Patel Brothers Provision #454 Bh&ar	Unit #454, 12/A, Nariman Point, Express Towers, Mumbai, 400021	India
S3-300291	wipro consumer care #455 & lighting	Unit #455, 22, Park Street, 3rd Fl - Kolkata - West Bengal - 700016	India
S3-300292	Magnolia Bakery & Cafe #456	Unit #456, 100 Montgomery St, Ste 1500, San Francisco, 94104	US
S3-300293	Evergreen Valley Dental #457 Associates	Unit #457, 111 Congress Ave, Suite 400 - TX - 78701	US
S3-300294	Nexus Cloud Tech #458 Corporaion	Unit #458, 100 Federal Street, 28th Floor, Boston, 02110	US
S3-300295	Adani Ent. #459 Ltd	Unit #459, Nr SBI ATM, Gali No 4, Karol Bagh, New Delhi, Delhi, 110005	India
S3-300296	Liberty Auto Body #461 and Repair	Unit #461, 350 Fifth Avenue, 54th Floor, New York, 10118	US
S3-300297	state bank of india #463	Unit #463, Bhnd Nexus Mall, Koramangala 5th Block, Bengaluru, Karnataka	India
S3-300298	Kailash Parbat Pure Veg #464 Restaurant	Unit #464, Opp. City Railway Station, M.G. Rd, Pune, Maharashtra, 411001	India
S3-300299	GOLDEN GATE CAPITAL #465 HOLDINGS LLC	Unit #465, 1200 Smith Street, Ste 2200 - Houston - TX - 77002	US
S3-300300	Adani Enterprises #466 Ltd	Unit #466, G-10, Ground Flooroor, Banjara Hills Road No 12, Hyderabad	India
S3-300301	HDFC Bank #467 Ltd	Unit #467, Behind Nexus Mall, Koramangala 5th Block, Bengaluru	India
S3-300302	Om Sai Digital Printing #469 Services	Unit #469, 22, Park St, 3rd Fl - 700016 - Kolkata - West Bengal	India
S3-300303	ASIAN PAINTS #470 OLOUR SOLNS	Unit #470, Plot 42, Electronic City Phase 1, Bengaluru, Karnataka, 560100	India
S3-300304	Shree Ganesh General Store #47 Store	600002, Unit #473, 45-B, Anna Salai, Mount Rd, Chennai, Tamil Nadu	India
S3-300305	ADANI ENTERPRISES #475 LTD	Madhya Pradesh - 462001 - Bhopal - Unit #475, Shop 8, New Market Area	India
S3-300306	bharti airtel #476 enterprises	171001, Unit #476, Near Old High Court, Mall Road, Himachal Pradesh, Shimla	India
S3-300307	ICICI Securities #477 Pvt. Ltd.	Unit #477, Shop 8, New Market Area - Bhopal - Madhya Pradesh - 462001	India
S3-300308	Infosys Tech #478 Ltd	Unit #478, NH-8, Near Toll Plaza, Udyog Vihar Phase 4, Gurugram	India
S3-300309	cascade software labs #480 technologies	Unit #480, 350 Fifth Ave, 54th Fl, New York, NY, 10118	US
S3-300310	Redwood Wealth Management #481 Group	Unit #481, 1301 Sectorond Avenue, Ste 3000, Seattle, WA, 98101	US
S3-300311	sri ganesh kiana #482 store	Unit #482, Nr SBI ATM, Gali No 4, Karol Bagh, New Delhi, Delhi, 110005	India
S3-300312	Acme Industrial Solns #483 LLC	Unit #483, 350 Fifth Ave, 54th Floor, New York, 10118	US
S3-300313	Keystone Property Management #484 LLC	Unit #484, 1200 Smith Street, Suite 2200, Houston, TX, 77002	US
S3-300314	Mahindra & Mahindra #485 Financial Serv.	Unit #485, 104, Civil Lines, Near Bus Stand, Jaipur, 302006	India
S3-300315	cascade software labs #87 technologies	Chicago, Unit #487, 500 West Madison Street, 60661	US
S3-300316	Rada Raman H&looms #488 Emporium	Unit #488, Door No 8-2-293, Jubilee Hills, Hyderabad, Telangana	India
S3-300317	Golden Gate Capital #491 Holdings LLC	Unit #491, 1301 Second Ave, Suite 3000, Seattle, WA, 98101	US
S3-300318	Sri Balaji Udyog #495 Pvt Ltd	Unit #495, Shop 8, New Market Area	India
S3-300319	Tata Consultancy Services #498 Ltd.	Unit #498, 22, Park St, 3rd Fl, Kolkata, West Bengal, 700016	India
S3-300320	Infosys Technologies #499 Ltd	Unit #499, Nr Old High Court, Mall Rd, Shimla, Himachal Pradesh	India
S3-300321	Mahindra & Mahindra #502 Financial Serv.	Unit #502, Behind Nexus Mall, Koramangala 5th Block, Bengaluru, Karnataka	India
S3-300322	Golden Gate Capital #504 Holdings LLC	Miami, Unit #504, 701 Brickell Ave, Ste 1700, FL	US
S3-300323	apex diagnostic centre #505 and pat lab	Unit #505, Door No 8-2-293, Jubilee Hills - Hyderabad - Telangana	India
S3-300324	Royal Enfield Service #506 Centre	Unit #506, Opp. City Railway Station, M.G. Rd, Maharashtra	India
S3-300325	Apollo Hospitals #507 Enterprise Ltd	Madhya Pradesh, Bhopal, Unit #507, Shop 8, New Market Area	India
S3-300326	Royal Enfield Service #510 Centre	Unit #510, NH-8, Near Toll Plaza, Udyog Vihar Phasease 4, Gurugram, Haryana	India
S3-300327	Golden Gate Capital #515 Holdings LLC	Unit #515, 350 Fifth Ave, 54th Fl, New York, NY	US
S3-300328	Sharma Sweet House #516 & Rstaurant	Unit #516, 12/A, Nariman Point, Express Towers - Mumbai - 400021	India
S3-300329	acme industrial solutions #517 llc	Unit #517, 111 Congress Ave, Ste 400, Austin, TX, 78701	US
S3-300330	apex diagnostic centre #518 and path lab	Unit #518, 45-B, Anna Salai, Mount Rd - Chennai - Tamil Nadu	India
S3-300331	gupta book depot #519 and sttioners	Unit #519, Door No 8-2-293, Jubilee Hills, 500033	India
S3-300332	State Bank of India #523	Unit #523, 104, Civil Lines, Near Bus Stand, Jaipur, Rajasthan, 302006	India
S3-300333	Patel Brothers Provision #524 Bhandar	Unit #524, Shop 8, New Market Area, Bhopal, 462001	India
S3-300334	bharti airtel #525 ent.	Unit #525, 45-B, Anna Salai, Mount Rd, Chennai, Tamil Nadu, 600002	India
S3-300335	Olympic Mountain Sports #526 LLC	Unit #526, 2500 Peachtree Rd NW, Atlanta, GA	US
S3-300336	Shree Ganesh Kirana #527 Store	Unit #527, Door No 8-2-293, Jubilee Hills, Hyderabad, Telangana, 500033	India
S3-300337	sri ganesh kirana #529 store	Unit #529, 104, Civil Lines, Near Bus Streetand, Jaipur, Rajasthan	India
S3-300338	Bharti Airtel #530 Enterprises	Unit #530, Opp. City Railway Station, M.G. Rd, Pune, Maharashtra, 411001	India
S3-300339	MAGNOLIA BAKERY & CAFE #531	33131, Unit #531, 701 Brickell Ave, Ste 1700, Miami	US
S3-300340	LIBERTY AUTO BODY #532 & REPAIR	Unit #532, 2000 Ave of the Stars, 90067	US
S3-300341	Sun Pharmaceutical #533 Industries Ltd	Unit #533, 104, Civil Lines, Near Bus Stand, Jaipur	India
S3-300342	Frontier Energy Systems #535 Corporation	Unit #535, 1301 Second Ave, Suite 3000, Seattle	US
S3-300343	Quantum Leap Robotics #537 LLC	Unit #537, 500 West Madison Streetreet, Chicago, IL	US
S3-300344	QUANTUM LEAPROBOTICS #539 LLC	Unit #539, 2000 Ave of the Stars - Los Angeles - CA - 90067	US
S3-300345	Ambika Jewellers #541 Private Limited	Unit #541, 12/A, Nariman Point, Express Towers, Mumbai, 400021	India
S3-300346	Venkateshwara Hardware #543 and Electricals	Unit #543, 12/A, Nariman Point, Express Towers - Mumbai - Maharashtra - 400021	India
S3-300347	Radha Raman H&looms #544 Emporium	Unit #544, 22, Park Streetreet, 3rd Fl - Kolkata	India
S3-300348	Kailash Parbat Pure Veg #545 Retaurant	Unit #545, Nr SBI ATM, Gali No 4, Karol Bagh, New Delhi, Delhi	India
S3-300349	BAJAJ AUTO #546 HOLDINGS LTD	Noida, 201301, Unit #546, Shop 15, Sector 18 Market	India
S3-300350	Sun Pharmaceutical #547 Industries Ltd	Unit #547, G-10, Ground Fl, Banjara Hills Road No 12, Hyderabad, Telangana	India
S3-300351	Bajaj Auto #548 Holdings Ltd	Unit #548, 45-B, Anna Salai, Mount Rd, Chennai	India
S3-300352	Sharma Sweet House #549 and Restaurant	Unit #549, 45-B, Anna Salai, Mount Road, Tamil Nadu, 600002	India
S3-300353	juniper ridge construction #550 company	Unit #550, 500 West Madison St, Chicago, IL	US
S3-300354	Ironclad Security Services #552 Inc	Unit #552, 1200 Smith Streetreet, Ste 2200, Houston, TX, 77002	US
S3-300355	redwood wealth management #554 group	Unit #554, 100 Montgomery Street, Suite 1500, San Francisco, 94104	US
S3-300356	Horizon Media Group #555 Ent.	78701, Austin, Unit #555, 111 Congress Ave, Ste 400, TX	US
S3-300357	Juniper Ridge Construction #556 Compay	33131, Unit #556, 701 Brickell Ave, Ste 1700, Miami, FL	US
S3-300358	Horizon Media Group #557 Enterprises	Unit #557, 111 Congress Avenuenue, Ste 400, TX, Austin	US
S3-300359	ICICI Securities #558 Pvt. Ltd.	Unit #558, 104, Civil Lines, Nr Bus Stand, Jaipur, 302006	India
S3-300360	Tata Consultancy Services #559 Ltd.	Unit #559, Chowk Bazaar, Near Ghanta Ghar, Surat, Gujarat, 395003	India
S3-300361	Gupta Book Depot #562 nd Stationers	Unit #562, Bhnd Nexus Mall, Koramangala 5th Block, Bengaluru, 560095	India
S3-300362	Ambika Jewellers #563 Private Limited	Unit #563, Bhnd Nexus Mall, Koramangala 5th Block, Bengaluru, 560095	India
S3-300363	Om Sai Digital Printing #564 Srv.	Unit #564, Shop 15, Sectortor 18 Market, Noida, 201301	India
S3-300364	KEYSTONE PROPERTY MANAGEMENT #565 LLC	Unit #565, 111 Congress Ave, Suite 400, Austin, TX, 78701	US
S3-300365	Cascade Software Labs #566 Tech	Unit #566, 2000 Avenue of the Stars, Los Angeles, CA, 90067	US
S3-300366	Beacon Financial Group #567 Corp	Unit #567, 701 Brickell Avenuenue, Ste 1700 - Miami - 33131	US
S3-300367	Delta Healthcare Partners #568 P.C.	Unit #568, 100 Montgomery St, Suite 1500, San Francisco	US
S3-300368	Cascade Softwar Labs #569 Tech	Unit #569, 111 Congress Ave, Suite 400, Austin	US
S3-300369	Titan Company #570 Enterprises	Unit #570, Near Old High Court, Mall Rd	India
S3-300370	Pacific Coast BioLabs #572 Inc.	Unit #572, 1200 Smith Street, Suite 2200, Houston, 77002	US
S3-300371	Olympic Mountain Sports #573 LLC	Unit #573, 100 Federal St, 28th Floor, Boston, MA, 02110	US
S3-300372	Hindustan Unilever #577 Trading Co	New Delhi, Unit #577, Near SBI ATM, Gali No 4, Karol Bagh	India
S3-300373	Venkateshwara Hardware #579 and Electricals	201301, Unit #579, Shop 15, Sec 18 Market, Uttar Pradesh	India
S3-300374	State Bank of Inia #583	Delhi, 110005, Unit #583, Nr SBI ATM, Gali No 4, Karol Bagh, New Delhi	India
S3-300375	Redwood Wealth Management #584 Group	Unit #584, 350 Fifth Ave, 54th Floor, New York	US
S3-300376	Nexus Cloud Technologies #587 Corp.	Houston, Unit #587, 1200 Smith St, Suite 2200	US
S3-300377	godrej consumer products #588 ltd	Unit #588, G-10, Ground Fl, Banjara Hills Rd No 12, Hyderabad, Telangana, 560034	India
S3-300378	Pacific Coast BioLabs #589 Inc.	Unit #589, 2000 Avenue of the Stars, Los Angeles, CA, 90067	US
S3-300379	golden gate capita #590 holdings llc	Unit #590, 100 Federal Street, 28th Flooroor, MA, 02110	US
S3-300380	Golden Gate Capital #591 Holdings LLC	Unit #591, 100 Montgomery St, Suite 1500, San Francisco, CA	US
S3-300381	Olympic Mountain Sports #594 LLC	Unit #594, 100 Federal Street, 28th Floor, MA, 02110, Boston	US
S3-300382	Nexus Cloud echnologies #595 Corporation	Unit #595, 500 West Madison Streetreet - Chicago - IL	US
S3-300383	ICCI SECURITIES #596 PRIVATE LTD.	Unit #596, Behind Nexus Mall, Koramangala 5th Block, Bengaluru, 560095	India
S3-300384	Sun Pharmaceutical #597 Industries Ltd	Unit #597, G-10, Ground Flooroor, Banjara Hills Rd No 12, 560034, Hyderabad	India
S3-300385	Acme Industrial Solns #598 LLC	Unit #598, 500 West Madison St, Chicago, IL	US
S3-300386	State Bank of India #600	Shimla, Unit #600, Near Old High Court, Mall Rd	India
S3-300387	HDFC Bank #601 Ltd	Unit #601, Nr SBI ATM, Gali No 4, Karol Bagh, New Delhi, Delhi	India
S3-300388	Krishna Medical #602 & General Stores	Unit #602, Near SBI ATM, Gali No 4, Karol Bagh, New Delhi, Delhi, 110005	India
S3-300389	APOLLO HOSPITALS #604 ENTERPRISE LTD	Unit #604, Shop 15, Sec 18 Market - Noida - Uttar Pradesh	India
S3-300390	Shree Balaji Udyog #606 Pvt Ltd	Unit #606, 12/A, Nariman Point, Express Towers, Maharashtra	India
S3-300391	Redwood Wealth Management #607 Group	Unit #607, 500 West Madison Streetreet, Chicago, IL, 60661	US
S3-300392	Juniper Ridge Construction #608 Co.	Unit #608, 1200 Smith St, Suite 2200, Houston, TX	US
S3-300393	Sri Laxmi Textiles #609 and Sarees	Unit #609, Behind Nexus Mall, Koramangala 5th Block, Bengaluru, Karnataka, 560095	India
S3-300394	SUMMIT VIEW VETERINARY #610 HOSPITAL	Unit #610, 350 Fifth Ave, 54th Flooroor, New York, NY, 10118	US
S3-300395	Liberty Auto Body #611 and Repair	Unit #611, 500 West Madison Street, Chicago, IL	US
S3-300396	Magnolia Bakery and Cafe #62	Unit #612, 100 Federal Street, 28th Floor, Boston, 02110	US
S3-300397	Horizon Media Group #614 Enterprises	Unit #614, 100 Federal St, 28th Floor, Boston	US
S3-300398	Acme Industrial Solns #615 LLC	Unit #615, 100 Montgomery St, Ste 1500, San Francisco, CA	US
S3-300399	larsen & toubro #618 infotec ltd	Unit #618, Shop 15, Sec 18 Market - Uttar Pradesh - 201301	India
S3-300400	Apollo Hospitals #619 Enterprise Ltd	500033 - Unit #619, Door No 8-2-293, Jubilee Hills - Telangana - Hyderabad	India
S3-300401	Redwood Wealth Management #620 Group	Unit #620, 1301 Sectorond Avenuenue, Suite 3000, Seattle, WA, 98101	US
S3-300402	tata consultancy serv. #621 limited	Unit #621, G-10, Ground Fl, Banjara Hills Road No 12, Hyderabad, Telangana	India
S3-300403	hdfc bank #622 ltd	Unit #622, Chowk Bazaar, Near Ghanta Ghar, Surat, Gujarat, 395003	India
S3-300404	Quantum Leap Robotics #623 LLC	Unit #623, 500 West Madison Street, Chicago, IL	US
S3-300405	Summit View Veterinary #625 Hospital	New York, Unit #625, 350 Fifth Ave, 54th Floor, 10118	US
S3-300406	ACME INDUSTRIAL SOLUTIONS #628 LLC	Unit #628, 2500 Peachtree Rd NW, Atlanta	US
S3-300407	Patel Brothers Provision #630 Bh&ar	Unit #630, Near SBI ATM, Gali No 4, Karol Bagh, New Delhi, Delhi, 110005	India
S3-300408	Reliance Retail #633 Private Limited	Unit #633, Bhnd Nexus Mall, Koramangala 5th Block, Bengaluru	India
S3-300409	APEX GLOBAL LOGISTICS #635 INC.	02110, Unit #635, 100 Federal St, 28th Fl, MA, Boston	US
S3-300410	Pacific Coast BioLabs #636 Inc.	Unit #636, 111 Congress Avenue, Ste 400, Austin, TX	US
S3-300411	Cascade Software Labs #637 Tech	Unit #637, 100 Federal Street, 28th Fl - 02110	US
S3-300412	Olympic Mountain Sports #638 LLC	GA, Unit #638, 2500 Peachtree Rd NW, Atlanta	US
S3-300413	Pacific Coast BioLabs #639 Inc.	Unit #639, 111 Congress Avenue, Suite 400, Austin, TX	US
S3-300414	TITAN COMPANY #641 ENTERPRISES	Unit #641, Shop 15, Sector 18 Market, 201301	India
S3-300415	Pacific Coast BioLabs #642 Inc.	Unit #642, 1200 Smith St, Suite 2200, Houston, TX, 77002	US
S3-300416	DELTA HEALTHCARE PARTNERS #646 P.C.	Unit #646, 2500 Peachtree Rd NW, Atlanta	US
S3-300417	HDFC Bank #647 Ltd	Unit #647, Near Old High Court, Mall Rd, Shimla	India
S3-300418	Juniper Ridge Construction #648 Company	Unit #648, 701 Brickell Ave, Ste 1700, Miami, FL, 33131	US
S3-300419	juniper ridge construction #651 company	94104, Unit #651, 100 Montgomery St, Ste 1500	US
S3-300420	Frontier Energy Systems #652 Corporatin	Unit #652, 2500 Peachtree Rd NW, GA, 30305	US
S3-300421	HDFC Bank #653 Ltd	Unit #653, NH-8, Nr Toll Plaza, Udyog Vihar Ph 4, Gurugram, Haryana, 122015	India
S3-300422	Cascade Software abs #654 Technologies	Unit #654, 100 Federal St, 28th Fl, MA, 02110	US
S3-300423	QUANTUM LEAP ROBOTICS #655 LLC	Unit #655, 2000 Avenue of the Stars, Los Angeles, CA, 90067	US
S3-300424	Tata Consultancy Services #656 Ltd.	Unit #656, Shop 8, New Market Area, Bhopal, Madhya Pradesh, 462001	India
S3-300425	Tata Consultancy Serv. #657 Limited	411001, Unit #657, Opp. City Railway Streetation, M.G. Road, Pune	India
S3-300426	Golden Gate Capital #658 Holdings LLC	Unit #658, 2000 Ave of the Stars, Los Angeles	US
S3-300427	Venkateshwara Hardware #659 & Electricals	Unit #659, Plot 42, Electronic City Phase 1, Bengaluru, Karnataka, 560100	India
S3-300428	Apollo Hospitals #660 Enterprise Ltd	Unit #660, NH-8, Nr Toll Plaza, Udyog Vihar Ph 4, Gurugram, 122015	India
S3-300429	hindustan unilever #661 trading co	Unit #661, 22, Park Street, 3rd Flooroor, West Bengal, 700016	India
S3-300430	DABUR INDIA #663 LIMTED	Unit #663, Shop 8, New Market Area, Bhopal, 462001	India
S3-300431	Lberty Auto Body #664 and Repair	Unit #664, 100 Montgomery St, Suite 1500, San Francisco	US
S3-300432	KRISHNA MEDICAL #665 AND GENERAL STORES	Unit #665, 45-B, Anna Salai, Mount Rd, Chennai, Tamil Nadu, 600002	India
S3-300433	Mahindra & Mahindra #668 Financial Services	Unit #668, 12/A, Nariman Point, Express Towers, Mumbai, Maharashtra	India
S3-300434	Godrej Consumer Products #670 Ltd	Unit #670, Shop 8, New Market Area, Madhya Pradesh, Bhopal, 462001	India
S3-300435	Beacon Financial Group #672 orp	Unit #672, 111 Congress Ave, Suite 400, Austin, TX, 78701	US
S3-300436	Royal Enfield Service #674 Centre	Unit #674, Shop 15, Sector 18 Market, Noida, Uttar Pradesh, 201301	India
S3-300437	Bharti Airtel #675 Enterprises	Unit #675, Near Old High Court, Mall Rd, Shimla, Himachal Pradesh	India
S3-300438	Wipro Consumer Care #676 and Lighting	Unit #676, Near Old High Court, Mall Rd, Shimla, Himachal Pradesh, 171001	India
S3-300439	BEACON FINANCIAL GROUP #678 CORP	Atlanta, 30305, GA, Unit #678, 2500 Peachtree Rd NW	US
S3-300440	Liberty Auto Body #679 and Repair	Unit #679, 100 Federal St, 28th Fl, Boston, 02110	US
S3-300441	Redwood Wealth Management #680 Group	Unit #680, 350 Fifth Avenue, 54th Fl - NY - 10118	US
S3-300442	Adani Enterprises #681 Ltd	Unit #681, 12/A, Nariman Point, Express Towers, Mumbai, Maharashtra	India
S3-300443	Ambika Jewellers #684 Pivate Ltd.	110005, Unit #684, Near SBI ATM, Gali No 4, Karol Bagh, Delhi	India
S3-300444	Cascade Software Labs #685 Technologies	Unit #685, 350 Fifth Avenue, 54th Fl, New York, NY, 10118	US
S3-300445	Bharti Airtel #688 Enterprises	Unit #688, Behind Nexus Mall, Koramangala 5th Block, Bengaluru, 560095	India
S3-300446	ironclad security serv. #689 inc	Unit #689, 100 Federal St, 28th Fl, 02110	US
S3-300447	ICICI Securities #690 Private Limited	Unit #690, 12/A, Nariman Point, Express Towers - Mumbai - Maharashtra - 400021	India
S3-300448	Shree Balaji Udyog #691 Privae Limited	Unit #691, 22, Park Street, 3rd Fl, Kolkata, West Bengal, 700016	India
S3-300449	MAHINDRA AND MAHINDRA #694 INANCIAL SERVICES	Unit #694, Shop 15, Sector 18 Market - Noida - Uttar Pradesh - 201301	India
S3-300450	Keystone Property Managemet #696 LLC	77002, Unit #696, 1200 Smith St, Ste 2200	US
S3-300451	Redwood Wealth Management #698 Group	Unit #698, 100 Montgomery Street, Suite 1500 - San Francisco - CA	US
S3-300452	quantum leap robotics #699 llc	Unit #699, 111 Congress Ave, Ste 400, Austin, TX	US
S3-300453	Titan Company #702 Ent.	Unit #702, NH-8, Nr Toll Plaza, Udyog Vihar Ph 4 - Gurugram	India
S3-300454	Acme Industrial Solns #704 LC	Unit #704, 2000 Avenue of the Streetars, Los Angeles, 90067	US
S3-300455	adani enterprises #705 ltd	Surat, Unit #705, Chowk Bazaar, Near Ghanta Ghar	India
S3-300456	Frontier Energy Systems #706 Corp.	Unit #706, 350 Fifth Ave, 54th Floor, New York, NY	US
S3-300457	Apex Diagnostic Centre #707 & Path Lab	Unit #707, 45-B, Anna Salai, Mount Road, Chennai, Tamil Nadu	India
S3-300458	Olympic Mountain Sports #710 LLC	Unit #710, 701 Brickell Avenue, Ste 1700, FL, 33131, Miami	US
S3-300459	reliance retail #11 private limited	Unit #711, 104, Civil Lines, Near Bus Stand, Jaipur, Rajasthan	India
S3-300460	Titan Company #712 Ent.	Unit #712, Shop 15, Sectortor 18 Market, Noida, Uttar Pradesh, 201301	India
S3-300461	olympic mountain sports #713 llc	Unit #713, 100 Montgomery St, Ste 1500, CA, San Francisco	US
S3-300462	apex global logistics #714 inc.	Unit #714, 100 Montgomery St, Ste 1500, San Francisco, CA, 94104	US
S3-300463	Swastik Auto Spares #717 Works	Unit #717, Shop 8, New Market Area, 462001	India
S3-300464	Godrej Consumer Products #718 Ltd	Unit #718, Near Old High Court, Mall Road, Shimla, Himachal Pradesh, 171001	India
S3-300465	Maruti Suzuki #719 India Limited	Unit #719, Nr SBI ATM, Gali No 4, Karol Bagh, Delhi	India
S3-300466	Olympic Mountain Sports #721 LLC	Unit #721, 1200 Smith St, Ste 2200, Houston, 77002	US
S3-300467	Liberty Auto Body #722 and Repair	Unit #722, 1200 Smith St, Ste 2200, Houston, 77002	US
S3-300468	Reliance Retail #723 Private Limited	Unit #723, 12/A, Nariman Point, Express Towers, Mumbai, Maharashtra, 400021	India
S3-300469	Pacific Coast BioLabs #724 Inc.	Unit #724, 111 Congress Avenue, Ste 400 - Austin - 78701	US
S3-300470	Ironclad Security Services #725 Inc	Unit #725, 1200 Smith St, Suite 2200, Houston, TX, 77002	US
S3-300471	shree balaji udyog #726 private limited	Unit #726, Chowk Bazaar, Nr Ghanta Ghar, Surat, 395003	India
S3-300472	swastik auto spares #732 works	Unit #732, 22, Park St, 3rd Fl, Kolkata, West Bengal, 700016	India
S3-300473	Dabur India #734 Ltd.	Unit #734, Shop 15, Sec 18 Market - Noida - 201301	India
S3-300474	Mahindra & Mahindra #737 Financal Serv.	Unit #737, Shop 15, Sector 18 Market, Noida, 201301	India
S3-300475	bajaj auto #738 holdings ltd	Unit #738, Nr Old High Court, Mall Road - Shimla - Himachal Pradesh - 171001	India
S3-300476	Mahindra & Mahindra #739 Financial Serv.	Unit #739, NH-8, Nr Toll Plaza, Udyog Vihar Ph 4, Gurugram, Haryana, 122015	India
S3-300477	Dabur India #740Limited	Unit #740, Door No 8-2-293, Jubilee Hills, Hyderabad	India
S3-300478	MARUTI SUZUKI #741 INDIA LTD.	Unit #741, Shop 8, New Market Area - Bhopal - 462001	India
S3-300479	Acme Industrial Solns #742 LLC	Unit #742, 1301 Second Ave, Suite 3000, Seattle, WA, 98101	US
S3-300480	Venkateshwara Hardware #744 and Electricals	Unit #744, Near Old High Court, Mall Rd, Shimla, Himachal Pradesh	India
S3-300481	apex global logistics #745 inc.	Unit #745, 100 Federal St, 28th Flooroor, Boston, MA	US
S3-300482	KRISHNA MEDICAL #747 & GENERAL STORES	Unit #747, Door No 8-2-293, Jubilee Hills - Hyderabad - 500033	India
S3-300483	Mahindra & Mahindra #749 Financial Serv.	Unit #749, Plot 42, Electronic City Ph 1 - Bengaluru - 560100	India
S3-300484	Kailash Parbat Pure Veg #750 Restaurant	Rajasthan, Unit #750, 104, Civil Lines, Nr Bus Streetand	India
S3-300485	Venkateshwara Hardware #753 and Electricals	600002, Unit #753, 45-B, Anna Salai, Mount Road, Chennai	India
S3-300486	Ironclad Secuity Serv. #755 Inc	Unit #755, 350 Fifth Avenue, 54th Flooroor, New York	US
S3-300487	redwood wealth management #758 group	Unit #758, 1301 Sectorond Ave, Ste 3000, Seattle	US
S3-300488	Summit View Veterinary #759 Hospital	Unit #759, 701 Brickell Ave, Ste 1700 - Miami - FL - 33131	US
S3-300489	FRONTIER ENERGY SYSTEMS #761 CORPORATION	Unit #761, 100 Federal Street, 28th Fl, Boston, 02110	US
S3-300490	Beaon Financial Group #763 Corp	Unit #763, 350 Fifth Avenue, 54th Floor, New York, 10118	US
S3-300491	Godrej Consumer Products #764 Ltd	Unit #764, 22, Park Streetreet, 3rd Fl, Kolkata, 700016	India
S3-300492	Beacon Financial Group #765 Corp	Unit #765, 1200 Smith St, Ste 2200, Houston, TX	US
S3-300493	Golden Gate Capital #766 Holdings LLC	Unit #766, 111 Congress Avenue, Ste 400, Austin, 78701	US
S3-300494	Juniper Ridge Construction #769 Company	Unit #769, 2500 Peachtree Rd NW, Atlanta	US
S3-300495	Juniper Ridge Construction #770 Company	Unit #770, 350 Fifth Avenue, 54th Floor, New York, 10118	US
S3-300496	Adani Ent. #773 Ltd	Unit #773, Opp. City Railway Station, M.G. Road, Pune, Maharashtra	India
S3-300497	MAGNOLIA BAKERY AND CAFE #774	Unit #774, 350 Fifth Avenue, 54th Fl, New York, NY, 10118	US
S3-300498	Summit View Vetrinary #776 Hospital	Unit #776, 111 Congress Avenue, Suite 400, TX, 78701	US
S3-300499	Summit View Veterinary #777 Hospital	San Francisco, Unit #777, 100 Montgomery St, Ste 1500, CA, 94104	US
S3-300500	Horizon Media Group #778 Ent.	Unit #778, 100 Montgomery St, Suite 1500, CA, 94104	US
S3-300501	Wipro Consumer Care #779 and Lighting	Unit #779, Plot 42, Electronic City Ph 1, Karnataka	India
S3-300502	Horizon Media Group #780 Ent.	NY - Unit #780, 350 Fifth Avenue, 54th Fl - New York	US
S3-300503	Delta Healthcare Partners #781 P.C.	Unit #781, 2000 Avenue of the Streetars, Los Angeles	US
S3-300504	Beacon Financial Group #782 Corp	Atlanta, GA, Unit #782, 2500 Peachtree Rd NW	US
S3-300505	Redwood Wealth anagement #783 Group	San Francisco, CA, Unit #783, 100 Montgomery St, Ste 1500, 94104	US
S3-300506	Hindustan Unilever #784 Trading Co	Unit #784, 22, Park St, 3rd Fl, Kolkata, West Bengal, 700016	India
S3-300507	Bajaj Auto #785 Holdings Ltd	Chennai, Unit #785, 45-B, Anna Salai, Mount Rd	India
S3-300508	Om Sai Digital Printing #76 Serv.	Unit #786, 22, Park Street, 3rd Floor, Kolkata, West Bengal, 700016	India
S3-300509	Juniper Ridge Construction #787 Co.	Unit #787, 1200 Smith Street, Ste 2200, TX, 77002	US
S3-300510	Om Sai Digital Printing #788 Serv.	Unit #788, G-10, Ground Fl, Banjara Hills Rd No 12, Hyderabad, 560034	India
S3-300511	redwood wealth management #789 group	Unit #789, 111 Congress Avenue, Ste 400, Austin, TX	US
S3-300512	Frontier Energy Systems #790 Corp.	Chicago, 60661, Unit #790, 500 West Madison St	US
S3-300513	Adani Ent. #791 Ltd	Hyderabad, 500033, Unit #791, Door No 8-2-293, Jubilee Hills	India
S3-300514	Evergreen Valley Dental #796 Associates	Unit #796, 100 Federal Street, 28th Floor, Boston, 02110	US
S3-300515	shree balaji udyog #797 private limited	Unit #797, Near Old High Court, Mall Rd, Shimla, Himachal Pradesh, 171001	India
S3-300516	Hindustan Unilever #798 Trading Co	Unit #798, 104, Civil Lines, Near Bus Streetand, Jaipur, Rajasthan	India
S3-300517	Pacific Coast BioLabs #799 Inc.	Unit #799, 100 Federal St, 28th Fl, Boston, MA	US
S3-300518	ironclad security services #804 inc	Unit #804, 1200 Smith St, Suite 2200, Houston, TX, 77002	US
S3-300519	acme industrial solns #805 llc	02110, Unit #805, 100 Federal St, 28th Floor, MA, Boston	US
S3-300520	Redwood Wealth Management #806 Group	Unit #806, 2000 Avenue of the Stars - Los Angeles - CA	US
S3-300521	larsen and toubro #808 infotech ltd	171001, Unit #808, Nr Old High Court, Mall Road, Shimla, Himachal Pradesh	India
S3-300522	Apex Global Logistics #809 Inc.	Unit #809, 2500 Peachtree Rd NW, Atlanta, GA, 30305	US
S3-300523	Godrej Conumer Products #810 Ltd	Surat, Unit #810, Chowk Bazaar, Near Ghanta Ghar, Gujarat	India
S3-300524	LIBERTY AUTO BODY #811 AND REPAIR	Unit #811, 1301 Sectorond Ave, Suite 3000, 98101, WA, Seattle	US
S3-300525	Juniper Ridge onstruction #812 Co.	Unit #812, 2500 Peachtree Road NW, Atlanta, 30305	US
S3-300526	QUANTUM LEAP ROBOTICS #814 LLC	94104, San Francisco, Unit #814, 100 Montgomery St, Ste 1500	US
S3-300527	summit view veterinary #816 hospital	Unit #816, 2500 Peachtree Rd NW, Atlanta, GA	US
S3-300528	HDFC Bank #818 Ltd	Unit #818, Nr Old High Court, Mall Rd, Shimla, Himachal Pradesh, 171001	India
S3-300529	golden gate capital #819 holdings llc	Unit #819, 701 Brickell Ave, Suite 1700, Miami, FL	US
S3-300530	Sharma Sweet House #821 and Restaurant	Unit #821, Opposite City Railway Station, M.G. Road, Maharashtra	India
S3-300531	cascade software labs #22 tech	Unit #822, 111 Congress Ave, Ste 400, Austin	US
S3-300532	Ironclad Security Services #823 Inc	Unit #823, 1200 Smith St, Ste 2200, Houston, TX, 77002	US
S3-300533	Apex Diagnostic Centre #824 & Path Lab	Unit #824, Bhnd Nexus Mall, Koramangala 5th Block, Bengaluru, 560095	India
S3-300534	Evergreen Valley Dental #825 Associates	Unit #825, 701 Brickell Ave, Ste 1700, Miami, FL	US
S3-300535	Summit View Veterinary #827 Hospital	Unit #827, 350 Fifth Avenue, 54th Floor, New York, 10118	US
S3-300536	Apex Diagnostic Centre #828 & Path Lab	Unit #828, NH-8, Nr Toll Plaza, Udyog Vihar Phase 4, Gurugram, Haryana, 122015	India
S3-300537	Sun Pharmaceutical #829 Industries Ltd	560034, Hyderabad, Unit #829, G-10, Ground Fl, Banjara Hills Road No 12	India
S3-300538	Evergreen Valley Dental #830 Associates	Unit #830, 500 West Madison St, Chicago, 60661	US
S3-300539	Frontier Energy Systems #831 Corp.	Unit #831, 1301 Second Ave, Suite 3000, Seattle, WA	US
S3-300540	Hindustan Unilever #832 Trading Co	Unit #832, Shop 15, Sectortor 18 Market, Noida, 201301	India
S3-300541	Apex Global Logistics #834 Inc.	Unit #834, 100 Montgomery St, Suite 1500, San Francisco	US
S3-300542	kailash parbat pure veg #836 restaurant	Unit #836, 22, Park Street, 3rd Floor, Kolkata, 700016	India
S3-300543	Magnolia Bakery and Cafe #837	Unit #837, 350 Fifth Ave, 54th Fl, New York	US
S3-300544	Sri Laxmi Textiles #840 & Sarees	Unit #840, NH-8, Nr Toll Plaza, Udyog Vihar Phase 4, Gurugram	India
S3-300545	Royal Enfield Service #841 Centre	Unit #841, 12/A, Nariman Point, Express Towers, Mumbai	India
S3-300546	delta healthcare partners #842 p.c.	Unit #842, 1301 Second Avenue, Ste 3000, Seattle	US
S3-300547	Ironclad Security Services #843 Inc	Chicago, Unit #843, 500 West Madison St, IL	US
S3-300548	GOLDEN GATE CAPITAL #844 HOLDINGS LLC	Unit #844, 2500 Peachtree Rd NW, Atlanta, 30305	US
S3-300549	redwood wealth management #845 group	Unit #845, 350 Fifth Ave, 54th Fl, NY, 10118	US
S3-300550	Kailash Parbat Pure Veg #846 Restaurat	Unit #846, 22, Park St, 3rd Fl - Kolkata - 700016	India
S3-300551	Golden Gate Capital #847 Holdings LLC	Unit #847, 100 Federal St, 28th Fl, Boston, MA	US
S3-300552	liberty auto body #848 and repair	Unit #848, 2500 Peachtree Road NW, Atlanta, 30305	US
S3-300553	Summit View Veterinary #849 Hospital	Unit #849, 350 Fifth Ave, 54th Floor, 10118, NY, New York	US
S3-300554	Quantum Leap Robotics #850 LLC	Unit #850, 111 Congress Ave, Ste 400, Austin	US
S3-300555	Cascade Software Labs #851 Tech	Unit #851, 2500 Peachtree Rd NW, Atlanta, GA	US
S3-300556	ACME INDUSTRIAL SOLUTIONS #852 LLC	Unit #852, 500 West Madison Street, Chicago, IL, 60661	US
S3-300557	Beacon Financial Group #854 Corp	Unit #854, 111 Congress Avenue, Suite 400, TX, Austin	US
S3-300558	QUANTUM LEAP ROBOTICS #856 LLC	Unit #856, 100 Federal St, 28th Fl, Boston, MA	US
S3-300559	Royal Enfield Service #858 Centre	Unit #858, Opposite City Railway Streetation, M.G. Road, Maharashtra	India
S3-300560	Juniper Ridge Construction #859 Company	Unit #859, 1200 Smith St, Ste 2200, Houston, TX, 77002	US
S3-300561	Sri Laxmi Textiles #860 & Sarees	Unit #860, Near Old High Court, Mall Road, Shimla, 171001	India
S3-300562	Bajaj Auto #861 Holdings Ltd	Unit #861, 45-B, Anna Salai, Mount Rd, Chennai, Tamil Nadu	India
S3-300563	Kailash Parbat Pure Veg #862 Restaurant	Unit #862, 12/A, Nariman Point, Express Towers, Mumbai	India
S3-300564	APEX GLOBAL LOGISTICS #863 INC.	Unit #863, 701 Brickell Avenue, Suite 1700, Miami	US
S3-300565	Titan Company #864 Ent.	Unit #864, 12/A, Nariman Point, Express Towers, Mumbai, Maharashtra, 400021	India
S3-300566	titan company #865 ent.	Unit #865, NH-8, Near Toll Plaza, Udyog Vihar Ph 4, 122015	India
S3-300567	Sharma Sweet House #866 and Restaurant	Unit #866, 45-B, Anna Salai, Mount Road, Chennai, 600002	India
S3-300568	Bajaj Auto #867 Holings Ltd	Unit #867, Plot 42, Electronic City Phase 1, Bengaluru, Karnataka	India
S3-300569	Juniper Ridge Construction #868 Co.	Unit #868, 2000 Avenue of the Streetars - CA - 90067	US
S3-300570	Acme Industrial Solns #869 LLC	Unit #869, 111 Congress Ave, Ste 400, Austin, TX	US
S3-300571	Gupta Book Depot #870 & Stationers	Unit #870, 45-B, Anna Salai, Mount Rd, Chennai, 600002	India
S3-300572	Olympic Mountain Sports #871 LLC	Unit #871, 2500 Peachtree Road NW, Atlanta, GA	US
S3-300573	Wipro Consume Care #872 and Lighting	Unit #872, Shop 8, New Market Area, Bhopal, Madhya Pradesh, 462001	India
S3-300574	HDFC Bank #874 Ltd	Unit #874, Shop 8, New Market Area, Bhopal, Madhya Pradesh	India
S3-300575	Larsen & Toubro #875 Infotech Ltd	Unit #875, Plot 42, Electronic City Ph 1, Bengaluru, 560100	India
S3-300576	State Bank of India #876	Unit #876, 45-B, Anna Salai, Mount Road, Tamil Nadu, 600002	India
S3-300577	Summit View Veterinary #878 Hospital	Unit #878, 111 Congress Avenue, Suite 400, Austin, 78701	US
S3-300578	apex global logistics #879 inc.	Unit #879, 1200 Smith Street, Suite 2200, Houston, TX	US
S3-300579	Om Sai Digital Printing #880 erv.	Unit #880, Shop 8, New Market Area, Bhopal	India
S3-300580	beacon financial group #881 corp	Unit #881, 701 Brickell Ave, Suite 1700, Miami, FL	US
S3-300581	Beacon Financial Group #883 Corp	TX, Unit #883, 111 Congress Avenuenue, Ste 400, Austin	US
S3-300582	Kailash Parbat Pure Veg #884 Restaurant	Unit #884, 104, Civil Lines, Near Bus Streetand, Jaipur, Rajasthan, 302006	India
S3-300583	Adani Ent. #885 Ltd	Unit #885, NH-8, Nr Toll Plaza, Udyog Vihar Phasease 4, Gurugram, 122015	India
S3-300584	Golden Gate Capital #886 Holdings LLC	Unit #886, 1200 Smith Streetreet, Ste 2200, Houston, TX, 77002	US
S3-300585	Swastik Auto Spares #887 Works	Unit #887, Plot 42, Electronic City Phasease 1, Bengaluru, Karnataka, 560100	India
S3-300586	IRONCLAD SECURITY SERV. #890 INC	Unit #890, 2000 Ave of the Stars, Los Angeles	US
S3-300587	olympic mountain sports #891 llc	Unit #891, 500 West Madison St, IL, 60661	US
S3-300588	Delta Healhcare Partners #892 P.C.	Unit #892, 1301 Second Ave, Ste 3000, Seattle, 98101	US
S3-300589	Sun Pharmaceutcal #893 Industries Ltd	Unit #893, 45-B, Anna Salai, Mount Road, Chennai, Tamil Nadu, 600002	India
S3-300590	Beacon Financial Group #896 Corp	IL - Unit #896, 500 West Madison St - Chicago	US
S3-300591	Sharma Sweet House #897 & Restaurant	Unit #897, Opp. City Railway Streetation, M.G. Rd, Pune	India
S3-300592	ACME INDUSTRIAL SOLNS #898 LLC	Austin, 78701, Unit #898, 111 Congress Ave, Ste 400, TX	US
S3-300593	Asian Paints #899 Colour Solns	700016, Unit #899, 22, Park St, 3rd Fl, Kolkata, West Bengal	India
S3-300594	Maruti Suzuki #901 India Limited	Unit #901, Bhnd Nexus Mall, Koramangala 5th Block - Bengaluru - Karnataka - 560095	India
S3-300595	Sharma Sweet House #902 and Restaurant	Unit #902, Near SBI ATM, Gali No 4, Karol Bagh, New Delhi, Delhi, 110005	India
S3-300596	Ironclad Security Serv. #904 Inc	Unit #904, 350 Fifth Ave, 54th Fl, New York, 10118	US
S3-300597	Beacon Financial Group #905 Corp	Unit #905, 100 Montgomery St, Ste 1500 - San Francisco - CA - 94104	US
S3-300598	Sun Pharmaceutical #906 Industries Ltd	Unit #906, 104, Civil Lines, Near Bus Stand, Jaipur	India
S3-300599	CASCADE SOFTWARE LABS #907 TECHNOLOGIES	Unit #907, 2000 Avenue of the Streetars, Los Angeles, CA, 90067	US
S3-300600	Royal Enfield Service #908 Centre	Unit #908, 22, Park Streetreet, 3rd Flooroor, Kolkata	India
S3-300601	Swastk Auto Spares #910 Works	Unit #910, 104, Civil Lines, Nr Bus Stand, Jaipur, Rajasthan, 302006	India
S3-300602	reliance retail #911 vt ltd	Unit #911, Nr SBI ATM, Gali No 4, Karol Bagh, New Delhi, 110005	India
S3-300603	Cascade Software Labs #912 Technologies	Unit #912, 701 Brickell Ave, Suite 1700, FL	US
S3-300604	SUMMIT VIEW VETERINARY #913 HOSPITAL	Unit #913, 500 West Madison Street, Chicago, IL, 60661	US
S3-300605	Bharti Airtel #914 En.	Unit #914, NH-8, Nr Toll Plaza, Udyog Vihar Phasease 4 - Gurugram - 122015	India
S3-300606	MAGNOLA BAKERY AND CAFE #916	Unit #916, 100 Federal Streetreet, 28th Floor, Boston, MA, 02110	US
S3-300607	TATA CONSULTANCY SERVICES #918 LTD.	Unit #918, NH-8, Nr Toll Plaza, Udyog Vihar Phasease 4, Gurugram, Haryana, 122015	India
S3-300608	Delta Healthcare Partners #919 P.C.	Unit #919, 1301 Sectorond Avenue, Suite 3000, Seattle, WA, 98101	US
S3-300609	tata consultancy services #920 ltd.	395003, Unit #920, Chowk Bazaar, Nr Ghanta Ghar, Surat	India
S3-300610	Bajaj Auto #922 Holdings Ltd	Unit #922, Shop 15, Sector 18 Market, Noida, 201301	India
S3-300611	Golden Gate Capital #923 Holdings LLC	Unit #923, 2000 Avenue of the Stars, Los Angeles	US
S3-300612	bajaj auto #925 holdings ltd	Unit #925, Near Old High Court, Mall Rd, Shimla, 171001	India
S3-300613	wipro consumer care #92 & lighting	Unit #929, Chowk Bazaar, Near Ghanta Ghar, Surat	India
S3-300614	shree balaji udyog #930 private limited	Unit #930, Shop 15, Sectortor 18 Market, Noida, Uttar Pradesh, 201301	India
S3-300615	Reliance Retail #935 Pvt Ltd	Unit #935, Nr SBI ATM, Gali No 4, Karol Bagh, New Delhi, 110005	India
S3-300616	Pacific Coast BioLabs #936 Inc.	Unit #936, 2000 Ave of the Stars, Los Angeles	US
S3-300617	Apex Global Logistics #937 Inc.	Unit #937, 1301 Second Avenue, Suite 3000	US
S3-300618	Ironclad Security Serv. #938 Inc	Unit #938, 100 Federal Streetreet, 28th Flooroor - Boston	US
S3-300619	quantum leap roboics #939 llc	94104, Unit #939, 100 Montgomery St, Ste 1500	US
S3-300620	Pacific Coast BioLabs #941 Inc.	Unit #941, 1301 Sectorond Avenuenue, Ste 3000, Seattle, WA, 98101	US
S3-300621	Sharma Sweet House #942 and Restaurant	Uttar Pradesh, Unit #942, Shop 15, Sector 18 Market, Noida	India
S3-300622	Godrej Consumer Products #943 Ltd	Unit #943, Opposite City Railway Station, M.G. Road, Pune, Maharashtra, 411001	India
S3-300623	Pacific Coast BioLabs #944 Inc.	Unit #944, 500 West Madison Street, Chicago, 60661	US
S3-300624	Ironclad Security Serv. #946 Inc	Unit #946, 2000 Ave of the Stars, 90067	US
S3-300625	Stte Bank of India #947	Unit #947, 22, Park St, 3rd Fl, Kolkata, 700016	India
S3-300626	Apollo Hospitals #948 Enterprise Ltd	Unit #948, Shop 15, Sec 18 Market, Noida, Uttar Pradesh, 201301	India
S3-300627	Beacon Financial Group #949 Corp	Unit #949, 111 Congress Ave, Ste 400, Austin, TX, 78701	US
S3-300628	State Bank of India #950	Unit #950, 12/A, Nariman Point, Express Towers - Mumbai - Maharashtra - 400021	India
S3-300629	Larsen and Toubro #953 Infotech Ltd	Unit #953, Shop 8, New Market Area, Madhya Pradesh, 462001	India
S3-300630	tata consultancy serv. #954 limited	Unit #954, Chowk Bazaar, Near Ghanta Ghar, Surat, Gujarat, 395003	India
S3-300631	Golden Gate Capital #955 Holdings LLC	Unit #955, 350 Fifth Ave, 54th Flooroor, New York, NY, 10118	US
S3-300632	Frontier Energy Systems #958 Corp.	Unit #958, 111 Congress Ave, Suite 400 - 78701	US
S3-300633	Royal Enfield Service #959 Centre	Bengaluru, Unit #959, Plot 42, Electronic City Ph 1, Karnataka	India
S3-300634	Infosys Tech #961 Ltd	560034, Unit #961, G-10, Ground Fl, Banjara Hills Rd No 12, Hyderabad	India
S3-300635	Maruti Suzuki #962 India Limited	Unit #962, 22, Park Street, 3rd Fl, Kolkata, 700016	India
S3-300636	Apex Diagnostic Centre #963 & Path Lab	Unit #963, Near Old High Court, Mall Rd, Himachal Pradesh, Shimla, 171001	India
S3-300637	kailash parbt pure veg #964 restaurant	Himachal Pradesh - Unit #964, Nr Old High Court, Mall Road	India
S3-300638	FRONTIER ENERGY SYSTEMS #965 CORP.	Unit #965, 2500 Peachtree Road NW, Atlanta, 30305	US
S3-300639	magnolia bakery & cafe #968	Unit #968, 100 Montgomery Street, Ste 1500, San Francisco, CA, 94104	US
S3-300640	Wipro Consumer Care #99 & Lighting	Unit #969, 22, Park St, 3rd Fl - Kolkata - West Bengal - 700016	India
S3-300641	magnolia bakery and cafe #970	Unit #970, 111 Congress Avenue, Suite 400, Austin	US
S3-300642	sharma sweet house #971 and restaurant	Unit #971, 104, Civil Lines, Nr Bus Streetand, Jaipur, 302006	India
S3-300643	REDWOOD WEALTH MANAGEMENT #972 GROUP	Unit #972, 111 Congress Ave, Suite 400, Austin, TX, 78701	US
S3-300644	Acme Industrial Solutions #974 LLC	Unit #974, 2000 Avenue of the Streetars, Los Angeles, 90067	US
S3-300645	Frontier Energy Systems #975 Corporation	Chicago, IL, Unit #975, 500 West Madison St	US
S3-300646	Infosys Technologies #976 Ltd	Unit #976, 22, Park Streetreet, 3rd Flooroor, West Bengal, 700016	India
S3-300647	Krishna Medical #977 and General Stores	Unit #977, 104, Civil Lines, Nr Bus Streetand, Jaipur, 302006	India
S3-300648	Keystone Property Management #979 LLC	Unit #979, 701 Brickell Ave, Ste 1700, Miami, 33131	US
S3-300649	Shree Laxmi Textiles #982 and Sarees	Unit #982, 104, Civil Lines, Near Bus Stand, Jaipur, Rajasthan, 302006	India
S3-300650	Apollo Hospitals #985 Enterprise Ltd	Unit #985, Door No 8-2-293, Jubilee Hills, Hyderabad, Telangana	India
S3-300651	Reliance Retail #987 Private Limited	Unit #987, G-10, Ground Fl, Banjara Hills Road No 12 - Hyderabad - Telangana - 560034	India
S3-300652	Summit View eterinary #988 Hospital	Unit #988, 2500 Peachtree Rd NW - Atlanta - 30305	US
S3-300653	Radha Raman H&looms #989 Emporium	Unit #989, NH-8, Near Toll Plaza, Udyog Vihar Ph 4 - Gurugram - 122015	India
S3-300654	Apex Diagnostic Centre #990 and Path Lab	Unit #990, Shop 8, New Market Area - Madhya Pradesh - 462001	India
S3-300655	Apex Diagnostic Centre #991 & Path Lab	Unit #991, G-10, Ground Flooroor, Banjara Hills Rd No 12, Hyderabad, 560034	India
S3-300656	delta healthcare partners #992 p.c.	Unit #992, 100 Montgomery Street, Ste 1500, San Francisco, 94104	US
S3-300657	Royal Enfield Service #993 Cetre	Unit #993, 104, Civil Lines, Nr Bus Stand, Jaipur, 302006	India
S3-300658	EVERGREEN VALLEY DENTAL #994 ASSOCIATES	Unit #994, 100 Montgomery St, Suite 1500, CA, 94104	US
S3-300659	maruti suzuki #996 india limited	Unit #996, Shop 8, New Market Area, Bhopal, Madhya Pradesh, 462001	India
S3-300660	Olympic Mountain Sports #997 LLC	Unit #997, 100 Montgomery Street, Ste 1500, San Francisco, CA	US
S3-300661	Venkateshwara Hardware #998 and Electricals	Unit #998, 104, Civil Lines, Near Bus Streetand, Jaipur, 302006	India
S3-300662	Magnolia Bakery & Cafe 999	Atlanta - Unit #999, 2500 Peachtree Rd NW	US
S3-300663	Cascade Softwae Labs #1000 Tech	Unit #1000, 500 West Madison Streetreet, Chicago, IL, 60661	US
S3-300664	Krishna Medica #1001 & General Stores	Unit #1001, Shop 15, Sec 18 Market, Noida, 201301	India
S3-300665	FRONTIER ENERGY SYSTEMS #1002 CORP.	Unit #1002, 2500 Peachtree Road NW - Atlanta - GA - 30305	US
S3-300666	Om Sai Digtal Printing #1003 Serv.	Hyderabad, 560034, Unit #1003, G-10, Ground Floor, Banjara Hills Rd No 12	India
S3-300667	Apollo Hospitals #1004 Enterprise Ltd	Unit #1004, Door No 8-2-293, Jubilee Hills - Hyderabad - Telangana - 500033	India
S3-300668	Apex Diagnostic Centre #1005 and Path Lab	Unit #1005, Bhnd Nexus Mall, Koramangala 5th Block, Bengaluru, Karnataka	India
S3-300669	Beacon Financial Group #1006 Corp	Unit #1006, 350 Fifth Ave, 54th Fl, New York, 10118	US
S3-300670	Maruti Suzuki #1009 India Limited	Unit #1009, Opposite City Railway Station, M.G. Rd, Pune, Maharashtra, 411001	India
S3-300671	Magnolia Bakery & Cafe #1010	Unit #1010, 500 West Madison St, Chicago, IL, 60661	US
S3-300672	Shree Ganesh General Store #1011 Store	Karnataka, 560095, Unit #1011, Behind Nexus Mall, Koramangala 5th Block	India
S3-300673	Frontier Energy Systems #1012 Corp.	60661 - Chicago - Unit #1012, 500 West Madison Streetreet	US
S3-300674	Sun Pharmaceutical #1013 Industries Ltd	Unit #1013, NH-8, Near Toll Plaza, Udyog Vihar Ph 4, Gurugram, Haryana	India
S3-300675	Titan Company #1014 Enterprises	Mumbai, Unit #1014, 12/A, Nariman Point, Express Towers, 400021	India
S3-300676	Larsen & Toubro #1015 Infotech Ltd	Unit #1015, 45-B, Anna Salai, Mount Rd - Chennai - 600002	India
S3-300677	Olympic Mountain Sports #1016 LLC	Unit #1016, 2000 Avenue of the Stars, Los Angeles, CA	US
S3-300678	Summit View Veterinary #1018 Hosptal	Unit #1018, 701 Brickell Avenue, Suite 1700 - Miami - FL - 33131	US
S3-300679	Golden Gate Capital #1019 Holdings LLC	Unit #1019, 350 Fifth Ave, 54th Fl - New York - NY	US
S3-300680	Reliance Retail #1020 Private Limited	Unit #1020, Shop 15, Sec 18 Market, Noida, Uttar Pradesh, 201301	India
S3-300681	pacific coast biolabs #1022 inc.	Unit #1022, 1301 Sectorond Avenue, Ste 3000, Seattle	US
S3-300682	TITAN COMPANY #1023 ENT.	Unit #1023, Door No 8-2-293, Jubilee Hills, Hyderabad, 500033	India
S3-300683	pacific coast biolabs #1024 inc.	Unit #1024, 2500 Peachtree Rd NW, Atlanta, GA, 30305	US
S3-300684	Shree Balaji Udyog #1025 Private Limited	Bengaluru, Karnataka, Unit #1025, Behind Nexus Mall, Koramangala 5th Block	India
S3-300685	swastik auto spares #1026 works	Unit #1026, Door No 8-2-293, Jubilee Hills, Hyderabad, 500033	India
S3-300686	Dabur India #1028 Limited	Unit #1028, Behind Nexus Mall, Koramangala 5th Block, Bengaluru, Karnataka	India
S3-300687	BHARTI AIRTEL #1029 ENT.	Unit #1029, 22, Park St, 3rd Floor, Kolkata, West Bengal, 700016	India
S3-300688	Acme Industrial Solutions #1030 LLC	Unit #1030, 111 Congress Avenue, Suite 400, Austin, TX	US
S3-300689	Patel Brothers Provision #1031 Bhandar	Unit #1031, 45-B, Anna Salai, Mount Road, Chennai	India
S3-300690	radha raman h&looms #1033 emporium	Unit #1033, Opp. City Railway Station, M.G. Road, Pune, Maharashtra, 411001	India
S3-300691	Patel Brothers Provision #1039 Bh&ar	Unit #1039, NH-8, Near Toll Plaza, Udyog Vihar Ph 4, Gurugram, Haryana, 122015	India
S3-300692	acme industrial solutions #1040 llc	Unit #1040, 100 Montgomery St, Suite 1500, San Francisco	US
S3-300693	horizon media group #1043 enterprises	Unit #1043, 111 Congress Avenue, Ste 400, Austin, TX, 78701	US
S3-300694	Swastik Auto Spares #1044 Works	Madhya Pradesh, 462001, Bhopal, Unit #1044, Shop 8, New Market Area	India
S3-300695	Golden Gate Capital #1045 Holdings LLC	Unit #1045, 2500 Peachtree Road NW, Atlanta, 30305	US
S3-300696	Sri Laxmi Textiles #1046 & Sarees	Unit #1046, Near Old High Court, Mall Rd, Shimla, 171001	India
S3-300697	TIAN COMPANY #1047 ENT.	Unit #1047, Shop 15, Sector 18 Market, Noida, Uttar Pradesh	India
S3-300698	Redwood Wealth Management #1048 Group	Unit #1048, 111 Congress Ave, Ste 400, 78701, TX	US
S3-300699	GOLDEN GATE CAPITAL #1050 HOLDINGS LLC	Unit #1050, 350 Fifth Ave, 54th Floor, New York, NY, 10118	US
S3-300700	Patel Brothers Provision #1051 Bh&ar	Unit #1051, 45-B, Anna Salai, Mount Road, Chennai, Tamil Nadu, 600002	India
S3-300701	Magnolia Bakery and Cafe #1053	Unit #1053, 350 Fifth Ave, 54th Floor, 10118	US
S3-300702	Magnolia Bakery & Cafe #1054	Unit #1054, 2000 Ave of the Streetars - CA - 90067	US
S3-300703	Horizon Media Group #1055 Ent.	Houston, Unit #1055, 1200 Smith Street, Ste 2200	US
S3-300704	MAGNOLIA BAKERY & CAFE #1056	IL, Chicago, Unit #1056, 500 West Madison Streetreet	US
S3-300705	Reliance Retail #1058 Private Limited	Unit #1058, Shop 15, Sec 18 Market, Noida, 201301	India
S3-300706	Nexus Cloud Tech #1060 Corporation	Chicago, 60661, IL, Unit #1060, 500 West Madison Street	US
S3-300707	swastik auto spares #1061 works	Unit #1061, Door No 8-2-293, Jubilee Hills, Hyderabad, 500033	India
S3-300708	sri laxmi textiles #1062 & sarees	Unit #1062, Chowk Bazaar, Near Ghanta Ghar - Surat - Gujarat	India
S3-300709	Gupta Book Depot #1063 & Stationers	Unit #1063, NH-8, Nr Toll Plaza, Udyog Vihar Ph 4, Gurugram, Haryana, 122015	India
S3-300710	Juniper Ridge Construction #1069 Co.	Unit #1069, 701 Brickell Ave, Ste 1700, Miami, FL	US
S3-300711	godrej consumer products #1070 ltd	Unit #1070, Bhnd Nexus Mall, Koramangala 5th Block, Karnataka, 560095, Bengaluru	India
S3-300712	Asian Paints #1071 Colour Solns	Unit #1071, 22, Park Street, 3rd Fl - Kolkata - West Bengal	India
S3-300713	Godrej Consumer Products #1072 Ltd	Unit #1072, Chowk Bazaar, Nr Ghanta Ghar, Surat, 395003	India
S3-300714	Pacific Coast BioLabs #1074 Inc.	33131, Unit #1074, 701 Brickell Avenue, Suite 1700, Miami	US
S3-300715	ambika jewellers #1075 pvt. ltd.	Maharashtra, Unit #1075, 12/A, Nariman Point, Express Towers, 400021, Mumbai	India
S3-300716	Gupta Book Depot #1076 & Stationers	Unit #1076, Chowk Bazaar, Near Ghanta Ghar, Surat, Gujarat, 395003	India
S3-300717	tian company #1078 enterprises	Unit #1078, Shop 15, Sec 18 Market, Noida, Uttar Pradesh, 201301	India
S3-300718	Delta Healthcare Partners #1080 P.C.	Unit #1080, 500 West Madison St, Chicago, IL, 60661	US
S3-300719	Apex Global Logistics #1081 Inc.	Unit #1081, 2500 Peachtree Road NW, Atlanta, GA	US
S3-300720	Krishna Medical #1082 and General tores	Delhi, New Delhi, Unit #1082, Near SBI ATM, Gali No 4, Karol Bagh	India
S3-300721	Royal Enfield Service #1083 Centre	Unit #1083, 22, Park Street, 3rd Fl, Kolkata	India
S3-300722	Royal Enfield Service #1084 Centre	Surat, 395003, Unit #1084, Chowk Bazaar, Near Ghanta Ghar	India
S3-300723	Ironclad Security Services #1086 Inc	Unit #1086, 350 Fifth Avenue, 54th Fl	US
S3-300724	Liberty Auto Body #1087 and Repair	Unit #1087, 111 Congress Avenue, Ste 400, Austin, 78701	US
S3-300725	Beacon Financial Group #1090 Corp	Unit #1090, 100 Montgomery St, Suite 1500, San Francisco, CA, 94104	US
S3-300726	Acme Industrial Solns #1091 LLC	Unit #1091, 100 Montgomery Street, Ste 1500, 94104	US
S3-300727	Keystone Property Management #1092 LLC	Unit #1092, 701 Brickell Avenue, Suite 1700 - Miami - FL	US
S3-300728	Liberty Auto Body #1096 and Repair	Unit #1096, 2000 Avenue of the Streetars, Los Angeles, 90067	US
S3-300729	Reliane Retail #1097 Private Limited	Unit #1097, NH-8, Nr Toll Plaza, Udyog Vihar Phase 4, Gurugram, 122015	India
S3-300730	Nexus Cloud Technologies #1098 Corporation	Unit #1098, 1200 Smith Street, Ste 2200, Houston, 77002	US
S3-300731	Nexus Cloud Tech #1099 Corporation	Unit #1099, 1200 Smith St, Ste 2200, Houston	US
S3-300732	Golden Gate Capital #1101 Holdings LLC	Unit #1101, 2000 Avenue of the Stars - Los Angeles - CA	US
S3-300733	Apex Diagnostic Centre #1102 and Path Lab	Unit #1102, Opposite City Railway Streetation, M.G. Road, 411001, Maharashtra, Pune	India
S3-300734	bharti airtel #1103 enterprises	Unit #1103, Shop 15, Sector 18 Market, Noida, Uttar Pradesh	India
S3-300735	HDFC Bank #1104 Ld	Unit #1104, G-10, Ground Flooroor, Banjara Hills Road No 12 - Hyderabad - Telangana	India
S3-300736	Evergreen Valley Dental #1105 Associates	Unit #1105, 350 Fifth Ave, 54th Flooroor, New York, 10118	US
S3-300737	Tata Consultancy Services #1106 Ltd.	Unit #1106, Plot 42, Electronic City Phase 1 - Karnataka	India
S3-300738	Mahindra & Mahindra #1108 Financial Serv.	Unit #1108, 45-B, Anna Salai, Mount Road, Chennai, Tamil Nadu, 600002	India
S3-300739	APEX GLOBAL LOGISTICS #1110 INC.	Unit #1110, 500 West Madison Street, IL, 60661	US
S3-300740	Magnolia Bakery & Cafe #1111	NY, Unit #1111, 350 Fifth Ave, 54th Floor, New York	US
S3-300741	Keystone Property Management #1112 LLC	Unit #1112, 1301 Second Avenue, Suite 3000, Seattle, WA, 98101	US
S3-300742	Sri Laxmi Textiles #1113 & Sarees	462001, Madhya Pradesh, Unit #1113, Shop 8, New Market Area	India
S3-300743	Maruti Suzuki #1115 India Ltd.	Unit #1115, Shop 15, Sector 18 Market, Noida, Uttar Pradesh, 201301	India
S3-300744	apollo hospitals #1116 enterprise ltd	Unit #1116, Opp. City Railway Streetation, M.G. Rd, Pune, Maharashtra, 411001	India
S3-300745	Bajaj Auto #1117 Holdings Ltd	Unit #1117, Shop 15, Sec 18 Market, Noida, 201301	India
S3-300746	Delta Healthcare Partners #1118 P.C.	Unit #1118, 500 West Madison Streetreet, Chicago, 60661	US
S3-300747	cascade softwre labs #1120 tech	Unit #1120, 2000 Ave of the Streetars, 90067	US
S3-300748	Liberty Auto Body #1122 & Repair	Unit #1122, 2500 Peachtree Rd NW, Atlanta, 30305	US
S3-300749	Godrej Consumer Products #1123 Ltd	Rajasthan, Jaipur, Unit #1123, 104, Civil Lines, Nr Bus Streetand	India
S3-300750	Wipro Consumer Care #1125 & Lighting	Unit #1125, Shop 8, New Market Area, Bhopal, 462001	India
S3-300751	Hindustan Unilever #1126 Trading Co	Unit #1126, G-10, Ground Flooroor, Banjara Hills Road No 12, Hyderabad, Telangana	India
S3-300752	State Bank of India #1127	Chennai, Unit #1127, 45-B, Anna Salai, Mount Road	India
S3-300753	Lberty Auto Body #1129 and Repair	Unit #1129, 100 Federal Street, 28th Floor, 02110	US
S3-300754	Swastik Auto Spares #1131 Works	Unit #1131, Plot 42, Electronic City Phase 1 - Bengaluru - Karnataka - 560100	India
S3-300755	godrej consumer products #1132 ltd	Unit #1132, NH-8, Near Toll Plaza, Udyog Vihar Ph 4, Gurugram, 122015	India
S3-300756	TITAN COMPANY #1134 ENT.	Unit #1134, 104, Civil Lines, Nr Bus Streetand, Jaipur, 302006	India
S3-300757	keystone property management #1135 llc	Unit #1135, 350 Fifth Ave, 54th Fl - New York	US
S3-300758	Cascade Software Labs #1137 Technologies	Unit #1137, 111 Congress Avenue, Ste 400, Austin, 78701	US
S3-300759	SummitView Veterinary #1143 Hospital	Unit #1143, 500 West Madison Street, Chicago, IL	US
S3-300760	Evergreen Valley Dental #1144 Associates	Unit #1144, 1200 Smith Streetreet, Ste 2200, 77002	US
S3-300761	Olympic Mountain Sports #1145 LLC	Unit #1145, 111 Congress Avenue, Ste 400, Austin	US
S3-300762	Nexus Cloud Technologies #1146 Corporation	Unit #1146, 1200 Smith Street, Suite 2200 - Houston	US
S3-300763	Shree Balaji Udyog #1147 Private Limited	500033 - Unit #1147, Door No 8-2-293, Jubilee Hills - Telangana - Hyderabad	India
S3-300764	Beacon Financial Group #1150 Corp	Unit #1150, 100 Montgomery St, Suite 1500 - San Francisco - CA - 94104	US
S3-300765	Apex Global Logistics #1153 Inc.	Unit #1153, 2000 Avenuenue of the Streetars, Los Angeles, CA, 90067	US
S3-300766	Acme Industrial Solns #1154 LLC	Unit #1154, 2500 Peachtree Road NW - Atlanta	US
S3-300767	Frontier Energy Systems #1155 Corporation	Chicago, Unit #1155, 500 West Madison St, IL	US
S3-300768	Beacon Financial Group #1156 Corp	Unit #1156, 2500 Peachtree Rd NW, Atlanta, GA, 30305	US
S3-300769	Acme Industrial Solns #1158 LLC	Houston, TX, Unit #1158, 1200 Smith St, Ste 2200, 77002	US
S3-300770	Liberty Auto Body #1161 and Repar	Unit #1161, 100 Federal St, 28th Floor, Boston	US
S3-300771	Sri Balaji Udyog #1162 Pvt Ltd	Unit #1162, Shop 15, Sector 18 Market, Noida, Uttar Pradesh	India
S3-300772	Quantum Leap Robotics #1163 LLC	Unit #1163, 701 Brickell Avenue, Ste 1700, Miami, FL, 33131	US
S3-300773	Larsen and Toubro #1167 Infotech Ltd	Unit #1167, 12/A, Nariman Point, Express Towers - Mumbai - Maharashtra - 400021	India
S3-300774	Olympic ountain Sports #1168 LLC	Unit #1168, 111 Congress Avenue, Suite 400, Austin, TX, 78701	US
S3-300775	golden gate capital #1170 holdings llc	Chicago, IL, 60661, Unit #1170, 500 West Madison Street	US
S3-300776	Iroclad Security Serv. #1173 Inc	Unit #1173, 2000 Avenue of the Stars, Los Angeles, 90067	US
S3-300777	HDFC Bank #1175 Ltd	Unit #1175, Opp. City Railway Station, M.G. Rd, Pune, 411001	India
S3-300778	Pacific Coast BioLabs #1176 Inc.	Unit #1176, 1301 Sectorond Ave, Suite 3000, Seattle, WA, 98101	US
S3-300779	Keystone Property Management #1177 LLC	Unit #1177, 111 Congress Ave, Suite 400, Austin, TX, 78701	US
S3-300780	Apex Global Logistics #1178 Inc.	Unit #1178, 2500 Peachtree Road NW, Atlanta, 30305	US
S3-300781	Venkateshwara Hardware #1179 and Electricals	Unit #1179, 104, Civil Lines, Near Bus Stand - Jaipur	India
S3-300782	Maruti Suzuki #1180 India Ltd.	Unit #1180, 22, Park St, 3rd Fl, Kolkata, 700016	India
S3-300783	pacific coast biolabs #1181 inc.	Houston, TX, Unit #1181, 1200 Smith Streetreet, Suite 2200	US
S3-300784	Kailash Parbat Pure Veg #1182 Restaurant	Unit #1182, Shop 15, Sector 18 Market, Noida, Uttar Pradesh, 201301	India
S3-300785	Sharma Sweet House #1183 & Restaurant	Unit #1183, NH-8, Nr Toll Plaza, Udyog Vihar Ph 4, Gurugram, 122015	India
S3-300786	TATA CONSULTANCY SERVICES #1185 LTD.	Unit #1185, Nr SBI ATM, Gali No 4, Karol Bagh, New Delhi	India
S3-300787	Radha Raman Handlooms #1187 Emporium	Unit #1187, Shop 15, Sector 18 Market, Noida, Uttar Pradesh	India
S3-300788	Horizon Media Group #1189 Ent.	Unit #1189, 350 Fifth Ave, 54th Fl, New York, NY, 10118	US
S3-300789	Apex Global Logistics #1190 Inc.	33131, Miami, Unit #1190, 701 Brickell Ave, Suite 1700	US
S3-300790	kailash parbat pure veg #1191 restarant	Haryana, Unit #1191, NH-8, Nr Toll Plaza, Udyog Vihar Ph 4, Gurugram	India
S3-300791	VENKATESHWARA HARDWARE #1192 AND ELECTRICALS	Unit #1192, Opp. City Railway Station, M.G. Rd, Pune	India
S3-300792	Keystone Property Management #1194 LLC	Unit #1194, 111 Congress Avenue, Suite 400, Austin, TX, 78701	US
S3-300793	apollo hospitls #1196 enterprise ltd	Unit #1196, Shop 8, New Market Area, Bhopal	India
S3-300794	Beacon Financial Group #1198 Corp	Unit #1198, 100 Federal St, 28th Fl, Boston, MA, 02110	US
S3-300795	Maruti Suzuki #1201 India Lmited	Unit #1201, Shop 8, New Market Area, Bhopal, Madhya Pradesh	India
S3-300796	Royal Enfield Service #1202 Centre	Unit #1202, Near Old High Court, Mall Rd - Shimla - Himachal Pradesh - 171001	India
S3-300797	Frontier Energy Systems #1203 Corp.	Unit #1203, 100 Montgomery St, Suite 1500, San Francisco, CA	US
S3-300798	Magnolia Bakery & Cafe #1204	Unit #1204, 111 Congress Ave, Suite 400, Austin, 78701	US
S3-300799	Krishna Medical #1205 & General Stores	Unit #1205, Nr Old High Court, Mall Rd, Shimla, 171001	India
S3-300800	Frontier Energy Systems #1208 Corp.	Unit #1208, 111 Congress Avenue, Suite 400 - Austin - TX - 78701	US
S3-300801	Keystone Property Management #1209 LLC	Unit #1209, 2000 Avenue of the Stars, Los Angeles, CA	US
S3-300802	Kailash Parbat Pure Veg #1210 Restaurant	Unit #1210, G-10, Ground Fl, Banjara Hills Rd No 12, Hyderabad	India
S3-300803	apollo hospitals #1212 enerprise ltd	Unit #1212, 12/A, Nariman Point, Express Towers - Mumbai - Maharashtra	India
S3-300804	Gupta Book Depot #1215 & Statoners	Unit #1215, 45-B, Anna Salai, Mount Rd - Chennai	India
S3-300805	om sai digital printing #1216 services	Unit #1216, Chowk Bazaar, Near Ghanta Ghar, Surat, Gujarat	India
S3-300806	Patel Brothers Provision #1218 Bhandar	Unit #1218, Shop 15, Sec 18 Market, Noida	India
S3-300807	keystone property management #1220 llc	Unit #1220, 2500 Peachtree Rd NW, Atlanta, GA	US
S3-300808	sharma sweet house #1221 & restaurant	Unit #1221, 104, Civil Lines, Near Bus Streetand, Jaipur	India
S3-300809	PACIFIC COAST BIOLABS #1223 INC.	Unit #1223, 100 Federal St, 28th Floor, Boston, 02110, MA	US
S3-300810	Pacific Coast BioLabs #1225 Inc.	Unit #1225, 701 Brickell Avenuenue, Ste 1700 - Miami - 33131	US
S3-300811	dabur india #1227 ltd.	Unit #1227, Opp. City Railway Station, M.G. Rd, Pune, Maharashtra, 411001	India
S3-300812	Hindustan Unilever #1229 Trading Co	Unit #1229, 12/A, Nariman Point, Express Towers, Mumbai, Maharashtra, 400021	India
S3-300813	Sun Pharmaceutical #1232 Industries Ltd	Unit #1232, Shop 15, Sec 18 Market, Noida, Uttar Pradesh, 201301	India
S3-300814	Bajaj Auto #1233 Holdings Ltd	Unit #1233, 22, Park Street, 3rd Floor, Kolkata, West Bengal	India
S3-300815	OM SAI DGITAL PRINTING #1235 SERV.	Unit #1235, NH-8, Near Toll Plaza, Udyog Vihar Phase 4, Gurugram, Haryana	India
S3-300816	magnolia bakery and cafe #1236	Unit #1236, 111 Congress Ave, Suite 400, Austin, TX	US
S3-300817	Apex Global Logistics #1237 Inc.	Unit #1237, 2000 Avenue of the Stars, Los Angeles, CA	US
S3-300818	Apex Global Logistics #1239 Inc.	Unit #1239, 701 Brickell Ave, Ste 1700, Miami, FL	US
S3-300819	Infosys Technologies #1241 Ltd	Unit #1241, Shop 15, Sector 18 Market, 201301, Noida, Uttar Pradesh	India
S3-300820	Shree Laxmi Tetiles #1242 and Sarees	Unit #1242, Plot 42, Electronic City Phasease 1, Bengaluru, Karnataka	India
S3-300821	Sun Pharmaceutical #1244 Industries Ltd	Unit #1244, Door No 8-2-293, Jubilee Hills, Hyderabad, Telangana, 500033	India
S3-300822	Mahindra and Mahindra #1245 Financial Services	Unit #1245, G-10, Ground Floor, Banjara Hills Rd No 12, Hyderabad, 560034	India
S3-300823	ICICI Securities #1246 Pvt. Ltd.	Bengaluru, Unit #1246, Plot 42, Electronic City Phase 1	India
S3-300824	APOLLO HOSPITALS #1247 ENTERPRISE LTD	Unit #1247, Nr SBI ATM, Gali No 4, Karol Bagh - New Delhi - Delhi - 110005	India
S3-300825	Asian Paints #1249 Colour Solns	Unit #1249, Near SBI ATM, Gali No 4, Karol Bagh - New Delhi - Delhi	India
S3-300826	Quantum Leap Robotics #1251 LLC	Unit #1251, 2000 Avenuenue of the Stars, Los Angeles, CA, 90067	US
S3-300827	Kailash Parbat Pure Veg #1252 Restaurant	Unit #1252, Shop 15, Sector 18 Market - Noida - Uttar Pradesh - 201301	India
S3-300828	Evergreen Valley Dental #1253 Associates	Unit #1253, 111 Congress Avenue, Ste 400, Austin, 78701	US
S3-300829	Bharti Airtel #1259 Ent.	Unit #1259, Nr Old High Court, Mall Rd, Shimla, Himachal Pradesh, 171001	India
S3-300830	Patel Brothers Provision #1260 Bhandar	Unit #1260, Behind Nexus Mall, Koramangala 5th Block, Karnataka, Bengaluru	India
S3-300831	Gorej Consumer Products #1262 Ltd	Unit #1262, Plot 42, Electronic City Ph 1, Bengaluru	India
S3-300832	Kailash Parbat Pure Veg #1263 estaurant	Unit #1263, Plot 42, Electronic City Ph 1, 560100	India
S3-300833	Summit View Veterinary #1264 Hospital	Unit #1264, 2000 Ave of the Stars, Los Angeles, CA, 90067	US
S3-300834	Apex Global Logistics #166 Inc.	Unit #1266, 701 Brickell Ave, Ste 1700 - Miami - FL - 33131	US
S3-300835	Acme IndustrialSolutions #1267 LLC	Unit #1267, 2500 Peachtree Rd NW, Atlanta, GA	US
S3-300836	Nexus Cloud Tech #1268 Corporation	Unit #1268, 100 Montgomery Street, Suite 1500, San Francisco, CA, 94104	US
S3-300837	State Bank of India #1269	Unit #1269, 12/A, Nariman Point, Express Towers, Mumbai, Maharashtra, 400021	India
S3-300838	Larsen and Toubro #1270 Infotech Ltd	Unit #1270, Shop 15, Sec 18 Market, Noida, Uttar Pradesh	India
S3-300839	Frontier Energy Systems #1272 Corp.	Unit #1272, 701 Brickell Ave, Ste 1700, Miami, FL	US
S3-300840	Larsen & Toubro #1273 Infotech Ltd	Unit #1273, Near SBI ATM, Gali No 4, Karol Bagh, New Delhi	India
S3-300841	NEXUS CLOUD TECH #1275 CORPORATION	Unit #1275, 2000 Avenue of the Stars, Los Angeles, CA, 90067	US
S3-300842	HDFC Bank #277 Ltd	Unit #1277, Chowk Bazaar, Near Ghanta Ghar, Surat	India
S3-300843	Magnolia Bakery and Cafe #1278	Unit #1278, 500 West Madison St, Chicago, IL, 60661	US
S3-300844	Redwood Wealth Management #1280 Group	Unit #1280, 1301 Sectorond Ave, Suite 3000 - WA - 98101	US
S3-300845	Sun Pharmaceutical #1281 Industries Ltd	Unit #1281, Shop 15, Sector 18 Market, Uttar Pradesh	India
S3-300846	Cascde Software Labs #1283 Tech	Unit #1283, 350 Fifth Ave, 54th Flooroor, New York, NY, 10118	US
S3-300847	Titan Company #1284 Enterprises	Unit #1284, 45-B, Anna Salai, Mount Road - Chennai	India
S3-300848	State Bank of India #1285	Unit #1285, Chowk Bazaar, Near Ghanta Ghar, Surat, Gujarat	India
S3-300849	VENKATESHWARA HARDWARE #1286 & ELECTRICALS	Unit #1286, 22, Park St, 3rd Fl - Kolkata - 700016	India
S3-300850	HDFC Bank #1287 Ltd	Bengaluru, 560100, Karnataka, Unit #1287, Plot 42, Electronic City Phase 1	India
S3-300851	Nexus Cloud Tech #1289 Corporation	Houston, TX, 77002, Unit #1289, 1200 Smith St, Ste 2200	US
S3-300852	Acme Industrial Solutions #1291 LLC	Unit #1291, 2500 Peachtree Rd NW, Atlanta, GA	US
S3-300853	Ambika Jewellers #1292 Pvt. Ltd.	400021 - Maharashtra - Unit #1292, 12/A, Nariman Point, Express Towers - Mumbai	India
S3-300854	Apex Diagnostic Centre #1295 & Path Lab	Unit #1295, 12/A, Nariman Point, Express Towers	India
S3-300855	Sun Pharmaceutical #1297 Industries Ltd	Unit #1297, 12/A, Nariman Point, Express Towers, Maharashtra, 400021	India
S3-300856	QUANTUM LEAP ROBOTICS #1298 LLC	Unit #1298, 2500 Peachtree Rd NW, GA, 30305	US
S3-300857	Horizon Media Group #1299 Enterprises	Unit #1299, 350 Fifth Ave, 54th Fl, New York, NY, 10118	US
S3-300858	HINDUSTAN UNILEVER #1300 TRADING CO	Unit #1300, NH-8, Near Toll Plaza, Udyog Vihar Phasease 4, Gurugram, Haryana	India
S3-300859	asian paints #1301 colour solns	Himachal Pradesh, Unit #1301, Near Old High Court, Mall Rd	India
S3-300860	VENKATESHWARA HARDWARE #1302 & ELECTRICALS	Unit #1302, Behind Nexus Mall, Koramangala 5th Block, Bengaluru, 560095	India
S3-300861	Adni Ent. #1307 Ltd	Unit #1307, Bhnd Nexus Mall, Koramangala 5th Block, Bengaluru	India
S3-300862	VENKATESHWARA HARDWARE #1308 AND ELECTRICALS	Unit #1308, Door No 8-2-293, Jubilee Hills, Hyderabad, Telangana	India
S3-300863	dabur india #1311 ltd.	Unit #1311, Plot 42, Electronic City Ph 1, Bengaluru, 560100	India
S3-300864	Patel Brothers Provision #1314 Bh&ar	New Delhi, Unit #1314, Near SBI ATM, Gali No 4, Karol Bagh, Delhi, 110005	India
S3-300865	Asian Paints 1315 Colour Solns	Unit #1315, Door No 8-2-293, Jubilee Hills, Hyderabad, Telangana	India
S3-300866	magnolia bakery & cafe #1317	Unit #1317, 111 Congress Avenue, Suite 400, Austin, TX, 78701	US
S3-300867	Beacon Financial Group #1318 Corp	Unit #1318, 701 Brickell Ave, Suite 1700, Miami, FL	US
S3-300868	Pacific Coast BioLabs #1320 Inc.	Unit #1320, 111 Congress Avenue, Ste 400, Austin, TX, 78701	US
S3-300869	Sri Laxmi Textiles #1321 & Sarees	500033, Unit #1321, Door No 8-2-293, Jubilee Hills, Hyderabad, Telangana	India
S3-300870	Horizon Media Group #1322 Ent.	Unit #1322, 1200 Smith St, Suite 2200, 77002	US
S3-300871	Quantum Leap Robotics #1323 LLC	Unit #1323, 2500 Peachtree Road NW - Atlanta - GA - 30305	US
S3-300872	REDWOOD WEALTH MANAGEMNT #1324 GROUP	Unit #1324, 2000 Avenue of the Stars, Los Angeles, 90067	US
S3-300873	Liberty Auto Body #1325 and Repair	Unit #1325, 100 Montgomery St, Suite 1500, San Francisco, 94104	US
S3-300874	Horizon Media Group #1327 Enterprises	Unit #1327, 2500 Peachtree Road NW, Atlanta, GA, 30305	US
S3-300875	radha raman handlooms #1328 emorium	Unit #1328, Opposite City Railway Streetation, M.G. Road, Pune, Maharashtra	India
S3-300876	Keystone Property Management #1329 LLC	Unit #1329, 100 Federal St, 28th Fl, Boston, MA, 02110	US
S3-300877	SHARMA SWEET HOUSE #1330& RESTAURANT	Unit #1330, NH-8, Near Toll Plaza, Udyog Vihar Phase 4, Gurugram, Haryana, 122015	India
S3-300878	Horizon Media Group #1331 Ent.	Unit #1331, 100 Montgomery St, Ste 1500, San Francisco, CA, 94104	US
S3-300879	Sun Pharmaceutical #1332 Industries Ltd	Unit #1332, 45-B, Anna Salai, Mount Road, Chennai, 600002	India
S3-300880	Keystone Property Management #1333 LLC	Unit #1333, 1301 Second Ave, Suite 3000, Seattle, WA, 98101	US
S3-300881	Beacon Financial Group #1336 Corp	30305, Unit #1336, 2500 Peachtree Rd NW, Atlanta	US
S3-300882	juniper ridge consruction #1337 company	Unit #1337, 701 Brickell Ave, Suite 1700, Miami, 33131	US
S3-300883	Nexus Cloud Tech #1339 Corporation	Unit #1339, 111 Congress Ave, Ste 400, Austin, TX	US
S3-300884	HDFC Bank #1341 Ltd	Unit #1341, Behind Nexus Mall, Koramangala 5th Block - Bengaluru - Karnataka - 560095	India
S3-300885	Delta Healthcare Partners #1342 P.C.	Unit #1342, 2500 Peachtree Road NW, Atlanta, GA, 30305	US
S3-300886	Venkateshwara Hardware #1345 & Electricals	Unit #1345, 45-B, Anna Salai, Mount Road, Chennai, Tamil Nadu, 600002	India
S3-300887	Shree Balaji Udyog #1346 Pvt Ltd	Unit #1346, 12/A, Nariman Point, Express Towers, Mumbai, 400021	India
S3-300888	Sri Ganesh Kirana #1348 Store	Unit #1348, Nr SBI ATM, Gali No 4, Karol Bagh, New Delhi, 110005	India
S3-300889	Sri Balaji Udyog #1349 Pvt Ltd	Unit #1349, Plot 42, Electronic City Phasease 1 - Bengaluru - 560100	India
S3-300890	Om Sai Digital Printing #1350 Services	Unit #1350, Nr Old High Court, Mall Road, Shimla, 171001	India
S3-300891	Wipro Consumer Car #1351 and Lighting	Unit #1351, Nr Old High Court, Mall Rd - Shimla - 171001	India
S3-300892	Infosys Tech #1356 Ltd	110005 - Unit #1356, Near SBI ATM, Gali No 4, Karol Bagh	India
S3-300893	Shree Laxmi Textiles #1357 and Sarees	Unit #1357, NH-8, Nr Toll Plaza, Udyog Vihar Phase 4, Gurugram, 122015	India
S3-300894	GPTA BOOK DEPOT #1358 AND STATIONERS	Unit #1358, Door No 8-2-293, Jubilee Hills, Hyderabad, Telangana	India
S3-300895	godrej consumer products #1359 ltd	Unit #1359, Nr SBI ATM, Gali No 4, Karol Bagh, 110005, New Delhi	India
S3-300896	Magnolia Bakery & Cafe #1360	Unit #1360, 2000 Avenuenue of the Streetars, Los Angeles, 90067	US
S3-300897	Sri Laxmi Textiles #1361 & Sarees	Unit #1361, Plot 42, Electronic City Phasease 1 - Bengaluru - 560100	India
S3-300898	Apex Global Logistics #1364 Inc.	Unit #1364, 701 Brickell Ave, Suite 1700, Miami, FL, 33131	US
S3-300899	Evergreen Valley Dental #1365 Associates	Unit #1365, 500 West Madison St, Chicago, 60661	US
S3-300900	Titan Company #1366 Enterprises	Unit #1366, Bhnd Nexus Mall, Koramangala 5th Block, Bengaluru, 560095	India
S3-300901	Redwood Wealth Management #1367 Group	Unit #1367, 2000 Avenuenue of the Streetars, Los Angeles, 90067	US
S3-300902	Asian Paints #1371 Colour Solns	Unit #1371, Opposite City Railway Station, M.G. Road, Pune, Maharashtra	India
S3-300903	Beacon Financial Group #1372 Corp	Unit #1372, 2000 Ave of the Stars, Los Angeles	US
S3-300904	adani enterprises #1375 ltd	Unit #1375, Opp. City Railway Station, M.G. Rd, Pune, Maharashtra, 411001	India
S3-300905	Bharti Airtel #1376 Enterprises	Unit #1376, 22, Park Street, 3rd Fl, West Bengal	India
S3-300906	Summit View Veterinary #1377 Hospital	Unit #1377, 1301 Second Ave, Suite 3000 - Seattle - WA	US
S3-300907	SWASTIK AUTO SPARES #1379 WORKS	Unit #1379, 104, Civil Lines, Near Bus Stand, Jaipur, Rajasthan	India
S3-300908	Magnolia Bakery & Cafe #1380	GA, Unit #1380, 2500 Peachtree Rd NW, Atlanta	US
S3-300909	Sri Laxmi Textiles #1381 & Sarees	Unit #1381, Plot 42, Electronic City Ph 1, Bengaluru, Karnataka, 560100	India
S3-300910	acm industrial solns #1384 llc	Unit #1384, 500 West Madison Street, Chicago	US
S3-300911	Nexus Cloud Tech #1386 Corporation	Unit #1386, 100 Federal Streetreet, 28th Flooroor, Boston, 02110	US
S3-300912	Pacific Coast BioLabs #1387 Inc.	Unit #1387, 701 Brickell Ave, Suite 1700, Miami, FL, 33131	US
S3-300913	Adani Ent. #1388 Ltd	Unit #1388, G-10, Ground Fl, Banjara Hills Rd No 12, Hyderabad, 560034	India
S3-300914	Om Sai Digital Printing #1389 Serv.	Unit #1389, Door No 8-2-293, Jubilee Hills, Hyderabad, Telangana, 500033	India
S3-300915	Apex Global Logistics #1390 Inc.	Unit #1390, 350 Fifth Ave, 54th Fl, NY	US
S3-300916	TITAN COMPANY#1391 ENT.	Unit #1391, Plot 42, Electronic City Phase 1, Bengaluru, Karnataka	India
S3-300917	Beacon Financial Group #1393 Corp	Unit #1393, 2500 Peachtree Rd NW - Atlanta - GA - 30305	US
S3-300918	Acme Industrial Solutions #1397 LLC	Unit #1397, 500 West Madison St, Chicago, IL	US
S3-300919	Dabur India #1398 Ltd.	Unit #1398, NH-8, Nr Toll Plaza, Udyog Vihar Phase 4, Gurugram, Haryana, 122015	India
S3-300920	SRI LAXMI TEXTILES #1399 & SAREES	Unit #1399, Plot 42, Electronic City Ph 1, Bengaluru, Karnataka, 560100	India
S3-300921	Golden Gate Capital #1401 Holdings LLC	Unit #1401, 100 Montgomery St, Suite 1500, CA, 94104	US
S3-300922	Juniper Ridge Construction #1403 Co.	Unit #1403, 500 West Madison Streetreet, Chicago, IL, 60661	US
S3-300923	godrej consumer products #1406 ltd	Unit #1406, Near Old High Court, Mall Rd, Shimla, 171001	India
S3-300924	hinustan unilever #1409 trading co	Unit #1409, G-10, Ground Floor, Banjara Hills Rd No 12, Hyderabad, Telangana	India
S3-300925	Kailash Parbat Pure Veg #1414 Restaurant	Unit #1414, Shop 15, Sec 18 Market, Uttar Pradesh	India
S3-300926	Reliance Retail #1416 Private Limited	Unit #1416, Shop 15, Sec 18 Market, Noida, 201301	India
S3-300927	Cascade Software Labs #1418 Tech	Unit #1418, 701 Brickell Ave, Suite 1700	US
S3-300928	Apex Global Logistics #1419 Inc.	Unit #1419, 1200 Smith Streetreet, Suite 2200 - Houston - TX - 77002	US
S3-300929	krishna medical #1420 and general stores	Mumbai - 400021 - Unit #1420, 12/A, Nariman Point, Express Towers - Maharashtra	India
S3-300930	Wipro Consumer Care #1422 andLighting	Bengaluru, Unit #1422, Behind Nexus Mall, Koramangala 5th Block, Karnataka, 560095	India
S3-300931	sharma sweet house #1423 and restaurant	Bengaluru, Karnataka, 560100, Unit #1423, Plot 42, Electronic City Ph 1	India
S3-300932	State Bank of India #1424	Unit #1424, Chowk Bazaar, Near Ghanta Ghar, 395003	India
S3-300933	krishna medical #1425 and general stores	Unit #1425, Near SBI ATM, Gali No 4, Karol Bagh, New Delhi, Delhi, 110005	India
S3-300934	Maruti Suzuki #427 India Limited	Unit #1427, NH-8, Nr Toll Plaza, Udyog Vihar Phase 4, Gurugram, 122015	India
S3-300935	bajaj auto #1428 holdings ltd	110005, New Delhi, Unit #1428, Nr SBI ATM, Gali No 4, Karol Bagh	India
S3-300936	godrej consumer products #1429 ltd	Unit #1429, Shop 8, New Market Area - 462001	India
S3-300937	golden gate capital #1430 holdings llc	Unit #1430, 111 Congress Avenue, Ste 400, TX, 78701, Austin	US
S3-300938	State Bank of India #1431	Unit #1431, G-10, Ground Floor, Banjara Hills Road No 12, Hyderabad, Telangana, 560034	India
S3-300939	Reliance Retail #1432 Private Limitd	Hyderabad, Telangana, Unit #1432, G-10, Ground Flooroor, Banjara Hills Road No 12	India
S3-300940	juniper ridge construction #1433 company	Unit #1433, 111 Congress Ave, Ste 400, Austin, TX, 78701	US
S3-300941	Sri Laxmi Textiles #1439 & Sarees	Unit #1439, G-10, Ground Floor, Banjara Hills Road No 12, Telangana	India
S3-300942	Summit View Veterinary #1442 Hospital	Unit #1442, 2000 Avenue of the Stars, CA, 90067	US
S3-300943	Delta Healthcare Partners #1443 P.C.	Unit #1443, 701 Brickell Avenuenue, Ste 1700, Miami, 33131	US
S3-300944	Radha Raman H&looms #1444 Emporium	Unit #1444, G-10, Ground Fl, Banjara Hills Rd No 12, Hyderabad, 560034	India
S3-300945	Nexus Cloud Tech #1445 Corporation	Unit #1445, 2000 Ave of the Stars - 90067	US
S3-300946	Swastik Auto Spares #1446 Works	Unit #1446, Nr SBI ATM, Gali No 4, Karol Bagh, New Delhi, 110005	India
S3-300947	Olympic Mountain Sports #1447 LLC	Unit #1447, 1200 Smith Street, Ste 2200 - Houston - 77002	US
S3-300948	Reliance Retail #1448 Private Limited	Unit #1448, Bhnd Nexus Mall, Koramangala 5th Block - Bengaluru - Karnataka	India
S3-300949	Liberty Auto Body #1449 & Repair	Unit #1449, 500 West Madison Street, Chicago, IL, 60661	US
S3-300950	Shree Ganesh General Store #1450 Store	Unit #1450, 45-B, Anna Salai, Mount Rd, Tamil Nadu, Chennai	India
S3-300951	HDFC Bank#1451 Ltd	Unit #1451, 104, Civil Lines, Nr Bus Stand, Jaipur, Rajasthan	India
S3-300952	Delta Healthcare Partners #1452 P.C.	Unit #1452, 500 West Madison Street, Chicago, IL, 60661	US
S3-300953	Tata Consultncy Services #1454 Limited	Unit #1454, Behind Nexus Mall, Koramangala 5th Block, Karnataka, 560095	India
S3-300954	Adani Enterprises #1455 Ltd	Hyderabad, Unit #1455, Door No 8-2-293, Jubilee Hills, 500033, Telangana	India
S3-300955	Gupta Book Depot #1456 and Stationers	Unit #1456, NH-8, Nr Toll Plaza, Udyog Vihar Ph 4, 122015	India
S3-300956	LIBERTY AUTO BDY #1457 AND REPAIR	Unit #1457, 500 West Madison Street, Chicago, IL, 60661	US
S3-300957	RELIANCE RETAIL #1458 PVT LTD	Unit #1458, Shop 8, New Market Area - Bhopal - 462001	India
S3-300958	bharti airtel #1459 enterprises	Unit #1459, G-10, Ground Floor, Banjara Hills Road No 12, Hyderabad, Telangana	India
S3-300959	Summit View Veterinary #1461 Hospital	New York, 10118, Unit #1461, 350 Fifth Ave, 54th Floor	US
S3-300960	Gupta Book Depot #1462 & Stationers	122015, Haryana, Gurugram, Unit #1462, NH-8, Near Toll Plaza, Udyog Vihar Phasease 4	India
S3-300961	Apex Global Logistics #1464 Inc.	Unit #1464, 100 Federal Street, 28th Floor, Boston, MA, 02110	US
S3-300962	Godrej Consumer Products #1465 Ltd	Unit #1465, NH-8, Near Toll Plaza, Udyog Vihar Ph 4, Gurugram, Haryana, 122015	India
S3-300963	Delta Healthcare Partners #1466 P.C.	Unit #1466, 2000 Avenue of the Streetars, Los Angeles, CA	US
S3-300964	Patel Brothers Provision #1468 Bh&ar	Unit #1468, Shop 8, New Market Area, Bhopal, Madhya Pradesh, 462001	India
S3-300965	Sri Laxmi Textiles #1469 and Sarees	Unit #1469, Chowk Bazaar, Near Ghanta Ghar, Surat, Gujarat, 395003	India
S3-300966	evergreen valley dental #1470 associates	Unit #1470, 500 West Madison Streetreet, Chicago, IL	US
S3-300967	Liberty Auto Body #1471 and Repair	Unit #1471, 500 West Madison Street, Chicago, 60661	US
S3-300968	State Bank of India #1472	Unit #1472, Bhnd Nexus Mall, Koramangala 5th Block - Bengaluru - Karnataka - 560095	India
S3-300969	Wipro Consumer Care #1473 and Lighting	Unit #1473, 22, Park St, 3rd Fl, Kolkata	India
S3-300970	Delta Healthcare Partners #1475 P.C.	Unit #1475, 1200 Smith St, Suite 2200, Houston, TX	US
S3-300971	Acme Industrial Solutions #1477 LLC	Unit #1477, 701 Brickell Ave, Ste 1700, Miami, 33131	US
S3-300972	Nexus Cloud Technologies #1478 Corp.	Unit #1478, 500 West Madison St, IL	US
S3-300973	Shree Balaji Udyog #1479 Private Limited	Unit #1479, Plot 42, Electronic City Ph 1, Bengaluru, Karnataka, 560100	India
S3-300974	Larsen & Toubro #1480 Infotech Ltd	West Bengal, Unit #1480, 22, Park St, 3rd Fl, 700016	India
S3-300975	larsen and toubro #1481 infotech ltd	Hyderabad, Telangana, Unit #1481, G-10, Ground Floor, Banjara Hills Road No 12, 560034	India
S3-300976	Krishna Medical #1483 & General Stores	Chennai, Unit #1483, 45-B, Anna Salai, Mount Rd, Tamil Nadu	India
S3-300977	Kailash Parbat Pure Veg #1486 Restaurant	Unit #1486, Opposite City Railway Station, M.G. Rd, Pune, Maharashtra	India
S3-300978	Redwood Wealth Management #1488 Group	Unit #1488, 2000 Avenue of the Streetars, Los Angeles, CA	US
S3-300979	Titan Company #1492 Ent.	Unit #1492, 104, Civil Lines, Nr Bus Stand - Jaipur - Rajasthan	India
S3-300980	Delta Healthcare Partners #1493 P.C.	Unit #1493, 2000 Ave of the Stars, Los Angeles, 90067	US
S3-300981	Golden Gate Capital #1494 Holdings LLC	Unit #1494, 100 Federal Street, 28th Flooroor, Boston, MA, 02110	US
S3-300982	Summit View Veterinary #1495 Hospital	Unit #1495, 100 Montgomery St, Ste 1500, San Francisco, 94104	US
S3-300983	RELIANCE RETAIL #1496 PRIVATE LIMITED	Unit #1496, 104, Civil Lines, Nr Bus Streetand - Jaipur - 302006	India
S3-300984	REDWOOD WEALTH MANAGEMENT #1497 GROUP	Unit #1497, 500 West Madison Streetreet, Chicago, IL, 60661	US
S3-300985	Horizon Media Group #1498 Ent.	Unit #1498, 350 Fifth Avenue, 54th Floor, New York, NY, 10118	US
S3-300986	bajaj auto #1499 holdings ltd	Unit #1499, NH-8, Nr Toll Plaza, Udyog Vihar Phase 4, Gurugram, Haryana	India
S3-300987	Juniper Ridge Construction #1500 Company	Unit #1500, 100 Montgomery St, Ste 1500, San Francisco, 94104	US
S3-300988	Ironclad Security Serv. #1501 Inc	Unit #1501, 100 Federal St, 28th Fl, Boston, MA	US
S3-300989	Distractor Magnolia Bakery and Cafe Store Enterprises	1301 Second Ave, Suite 3000 - Seattle - WA	US
S3-300990	Distractor Frontier Energy Systems Store Enterprises	2000 Ave of the Streetars, Los Angeles, CA	US
S3-300991	Distractor Juniper Ridge Construction Store Enterprises	Houston, 1200 Smith St, Suite 2200, 77002, TX	US
S3-300992	Distractor Om Sai Digital Printing Store Enterprises	Opp. City Railway Streetation, M.G. Road, Pune	India
S3-300993	Distractor Summit View Veterinary Store Enterprises	701 Brickell Avenuenue, Ste 1700 - Miami - FL - 33131	US
S3-300994	Distractor Dabur India Store Enterprises	Maharashtra, Opposite City Railway Station, M.G. Road, Pune	India
S3-300995	Distractor State Bank of India Store Enterprises	Opp. City Railway Station, M.G. Rd, Pune, 411001	India
S3-300996	Distractor Delta Healthcare Partners Store Enterprises	2000 Avenuenue of the Stars, Los Angeles, CA, 90067	US
S3-300997	Distractor Golden Gate Capital Store Enterprises	701 Brickell Ave, Ste 1700, FL	US
S3-300998	Distractor Redwood Wealth Management Store Enterprises	111 Congress Avenuenue, Ste 400, TX, 78701	US
S3-300999	Distractor Apex Diagnostic Centre Store Enterprises	Chowk Bazaar, Nr Ghanta Ghar, Surat, 395003	India
S3-301000	Distractor Wipro Consumer Care Store Enterprises	12/A, Nariman Point, Express Towers, Mumbai, Maharashtra	India
S3-301001	Distractor Nexus Cloud Technologies Store Enterprises	New York, 350 Fifth Ave, 54th Floor	US
S3-301002	Distractor Liberty Auto Body Store Enterprises	2000 Ave of the Stars, Los Angeles	US
S3-301003	Distractor Nexus Cloud Technologies Store Enterprises	2500 Peachtree Rd NW, Atlanta, GA, 30305	US
S3-301004	Distractor Sri Laxmi Textiles Store Enterprises	Nr SBI ATM, Gali No 4, Karol Bagh, New Delhi, 110005	India
S3-301005	Distractor Juniper Ridge Construction Store Enterprises	500 West Madison St - Chicago - IL	US
S3-301006	Distractor Olympic Mountain Sports Store Enterprises	701 Brickell Ave, Suite 1700, Miami, FL, 33131	US
S3-301007	Distractor Swastik Auto Spares Store Enterprises	NH-8, Nr Toll Plaza, Udyog Vihar Phase 4, Gurugram, Haryana, 122015	India
S3-301008	Distractor Swastik Auto Spares Store Enterprises	NH-8, Near Toll Plaza, Udyog Vihar Ph 4, Gurugram, Haryana, 122015	India
S3-301009	Distractor Sharma Sweet House Store Enterprises	Plot 42, Electronic City Ph 1, Bengaluru, Karnataka, 560100	India
S3-301010	Distractor Venkateshwara Hardware Store Enterprises	22, Park St, 3rd Flooroor, Kolkata	India
S3-301011	Distractor Larsen & Toubro Store Enterprises	Kolkata - 22, Park Street, 3rd Flooroor	India
S3-301012	Distractor Juniper Ridge Construction Store Enterprises	2000 Avenuenue of the Streetars, CA	US
S3-301013	Distractor Hindustan Unilever Store Enterprises	Near SBI ATM, Gali No 4, Karol Bagh, New Delhi, Delhi, 110005	India
S3-301014	Distractor Delta Healthcare Partners Store Enterprises	1200 Smith St, Ste 2200, Houston, TX	US
S3-301015	Distractor Horizon Media Group Store Enterprises	CA, 100 Montgomery St, Ste 1500, 94104	US
S3-301016	Distractor Juniper Ridge Construction Store Enterprises	100 Federal Street, 28th Fl, Boston, MA, 02110	US
S3-301017	Distractor Apex Diagnostic Centre Store Enterprises	Noida, Shop 15, Sec 18 Market	India
S3-301018	Distractor Liberty Auto Body Store Enterprises	78701 - Austin - 111 Congress Avenuenue, Ste 400	US
S3-301019	Distractor Asian Paints Store Enterprises	Mumbai, 400021, 12/A, Nariman Point, Express Towers, Maharashtra	India
S3-301020	Distractor Radha Raman Handlooms Store Enterprises	Shop 8, New Market Area, Bhopal, Madhya Pradesh, 462001	India
S3-301021	Distractor Ambika Jewellers Store Enterprises	104, Civil Lines, Near Bus Stand, Jaipur, Rajasthan, 302006	India
S3-301022	Distractor Swastik Auto Spares Store Enterprises	12/A, Nariman Point, Express Towers, Maharashtra	India
S3-301023	Distractor Asian Paints Store Enterprises	Shop 8, New Market Area, Bhopal, 462001	India
S3-301024	Distractor Apollo Hospitals Store Enterprises	G-10, Ground Floor, Banjara Hills Rd No 12, Hyderabad, 560034	India
S3-301025	Distractor Shree Ganesh Kirana Store Enterprises	Opp. City Railway Station, M.G. Road - Maharashtra - 411001	India
S3-301026	Distractor Beacon Financial Group Store Enterprises	111 Congress Ave, Suite 400, Austin, 78701	US
S3-301027	Distractor Nexus Cloud Technologies Store Enterprises	77002, TX, 1200 Smith Street, Suite 2200	US
S3-301028	Distractor Apex Diagnostic Centre Store Enterprises	Opp. City Railway Streetation, M.G. Rd - Pune - Maharashtra - 411001	India
S3-301029	Distractor Apex Global Logistics Store Enterprises	111 Congress Avenue, Suite 400, Austin, TX	US
S3-301030	Distractor HDFC Bank Store Enterprises	NH-8, Near Toll Plaza, Udyog Vihar Ph 4, Gurugram, Haryana, 122015	India
S3-301031	Distractor Pacific Coast BioLabs Store Enterprises	2000 Avenuenue of the Streetars, Los Angeles, CA, 90067	US
S3-301032	Distractor Kailash Parbat Pure Veg Store Enterprises	Opposite City Railway Streetation, M.G. Rd, Maharashtra, 411001	India
S3-301033	Distractor Apex Diagnostic Centre Store Enterprises	45-B, Anna Salai, Mount Rd, Chennai, Tamil Nadu	India
S3-301034	Distractor Cascade Software Labs Store Enterprises	Boston, 100 Federal Streetreet, 28th Flooroor	US
S3-301035	Distractor Cascade Software Labs Store Enterprises	1200 Smith Streetreet, Ste 2200 - Houston - 77002	US
S3-301036	Distractor Infosys Technologies Store Enterprises	Door No 8-2-293, Jubilee Hills, Hyderabad, Telangana, 500033	India
S3-301037	Distractor Larsen & Toubro Store Enterprises	Chowk Bazaar, Near Ghanta Ghar, Surat, Gujarat, 395003	India
S3-301038	Distractor Horizon Media Group Store Enterprises	500 West Madison St - Chicago - 60661	US
S3-301039	Distractor Summit View Veterinary Store Enterprises	111 Congress Ave, Suite 400, Austin, 78701	US
S3-301040	Distractor Golden Gate Capital Store Enterprises	350 Fifth Ave, 54th Floor, New York, 10118	US
S3-301041	Distractor Larsen & Toubro Store Enterprises	Chowk Bazaar, Nr Ghanta Ghar, Surat, Gujarat, 395003	India
S3-301042	Distractor Tata Consultancy Services Store Enterprises	Behind Nexus Mall, Koramangala 5th Block, Bengaluru, 560095	India
S3-301043	Distractor Ambika Jewellers Store Enterprises	Opp. City Railway Streetation, M.G. Rd, Pune, Maharashtra	India
S3-301044	Distractor HDFC Bank Store Enterprises	45-B, Anna Salai, Mount Road, Chennai, Tamil Nadu	India
S3-301045	Distractor Tata Consultancy Services Store Enterprises	Chowk Bazaar, Near Ghanta Ghar, Gujarat, 395003	India
S3-301046	Distractor Delta Healthcare Partners Store Enterprises	New York, 10118, 350 Fifth Ave, 54th Floor	US
S3-301047	Distractor Radha Raman Handlooms Store Enterprises	Nr SBI ATM, Gali No 4, Karol Bagh - New Delhi - Delhi - 110005	India
S3-301048	Distractor Cascade Software Labs Store Enterprises	100 Federal St, 28th Fl, MA	US
S3-301049	Distractor Olympic Mountain Sports Store Enterprises	77002, Houston, TX, 1200 Smith St, Ste 2200	US
S3-301050	Distractor Maruti Suzuki Store Enterprises	Nr SBI ATM, Gali No 4, Karol Bagh, New Delhi, Delhi, 110005	India
S3-301051	Distractor Asian Paints Store Enterprises	New Delhi - 110005 - Nr SBI ATM, Gali No 4, Karol Bagh - Delhi	India
S3-301052	Distractor Keystone Property Management Store Enterprises	98101, Seattle, 1301 Second Ave, Suite 3000	US
S3-301053	Distractor Godrej Consumer Products Store Enterprises	Surat, Chowk Bazaar, Near Ghanta Ghar, Gujarat	India
S3-301054	Distractor Mahindra & Mahindra Store Enterprises	500033, Hyderabad, Door No 8-2-293, Jubilee Hills	India
S3-301055	Distractor Infosys Technologies Store Enterprises	Near SBI ATM, Gali No 4, Karol Bagh, New Delhi, Delhi, 110005	India
S3-301056	Distractor Cascade Software Labs Store Enterprises	2000 Avenuenue of the Streetars	US
S3-301057	Distractor Olympic Mountain Sports Store Enterprises	100 Montgomery St, Suite 1500, San Francisco, 94104	US
S3-301058	Distractor Ambika Jewellers Store Enterprises	Karnataka, 560095, Behind Nexus Mall, Koramangala 5th Block, Bengaluru	India
S3-301059	Distractor Evergreen Valley Dental Store Enterprises	2000 Ave of the Stars, Los Angeles, CA	US
S3-301060	Distractor Beacon Financial Group Store Enterprises	111 Congress Avenue, Suite 400, Austin, TX, 78701	US
S3-301061	Distractor Nexus Cloud Technologies Store Enterprises	1200 Smith Streetreet, Suite 2200, Houston, TX, 77002	US
S3-301062	Distractor Titan Company Store Enterprises	Plot 42, Electronic City Ph 1 - Karnataka - 560100	India
S3-301063	Distractor Kailash Parbat Pure Veg Store Enterprises	Chowk Bazaar, Nr Ghanta Ghar, Surat	India
S3-301064	Distractor Bajaj Auto Store Enterprises	104, Civil Lines, Nr Bus Stand, Jaipur, 302006	India
S3-301065	Distractor Wipro Consumer Care Store Enterprises	Behind Nexus Mall, Koramangala 5th Block, 560095	India
S3-301066	Distractor Dabur India Store Enterprises	Shop 15, Sector 18 Market, Noida, Uttar Pradesh	India
S3-301067	Distractor Liberty Auto Body Store Enterprises	77002, Houston, 1200 Smith Streetreet, Ste 2200	US
S3-301068	Distractor Dabur India Store Enterprises	G-10, Ground Fl, Banjara Hills Rd No 12, Hyderabad, Telangana	India
S3-301069	Distractor Apollo Hospitals Store Enterprises	Telangana - Hyderabad - G-10, Ground Flooroor, Banjara Hills Road No 12	India
S3-301070	Distractor Adani Enterprises Store Enterprises	Plot 42, Electronic City Ph 1, Bengaluru, 560100	India
S3-301071	Distractor Apex Diagnostic Centre Store Enterprises	Chowk Bazaar, Nr Ghanta Ghar, Surat, 395003	India
S3-301072	Distractor Sri Laxmi Textiles Store Enterprises	NH-8, Near Toll Plaza, Udyog Vihar Ph 4 - Gurugram - Haryana	India
S3-301073	Distractor Cascade Software Labs Store Enterprises	2000 Ave of the Streetars, Los Angeles, CA	US
S3-301074	Distractor Summit View Veterinary Store Enterprises	100 Montgomery St, Ste 1500, San Francisco, 94104	US
S3-301075	Distractor Magnolia Bakery and Cafe Store Enterprises	1301 Second Avenue, Ste 3000, Seattle, WA, 98101	US
S3-301076	Distractor ICICI Securities Store Enterprises	NH-8, Near Toll Plaza, Udyog Vihar Phasease 4	India
S3-301077	Distractor Sharma Sweet House Store Enterprises	Nr Old High Court, Mall Road, Himachal Pradesh, 171001	India
S3-301078	Distractor Olympic Mountain Sports Store Enterprises	701 Brickell Avenue, Ste 1700, Miami, 33131	US
S3-301079	Distractor Infosys Technologies Store Enterprises	Behind Nexus Mall, Koramangala 5th Block, Bengaluru, 560095	India
S3-301080	Distractor Horizon Media Group Store Enterprises	100 Federal St, 28th Flooroor, Boston	US
S3-301081	Distractor Gupta Book Depot Store Enterprises	45-B, Anna Salai, Mount Road, Chennai, Tamil Nadu	India
S3-301082	Distractor Asian Paints Store Enterprises	Near Old High Court, Mall Road, Shimla, 171001	India
S3-301083	Distractor Pacific Coast BioLabs Store Enterprises	94104, San Francisco, 100 Montgomery St, Suite 1500	US
S3-301084	Distractor Keystone Property Management Store Enterprises	CA, 94104, San Francisco, 100 Montgomery St, Ste 1500	US
S3-301085	Distractor Apex Diagnostic Centre Store Enterprises	Door No 8-2-293, Jubilee Hills, Hyderabad, Telangana	India
S3-301086	Distractor Sun Pharmaceutical Store Enterprises	Haryana, 122015, NH-8, Near Toll Plaza, Udyog Vihar Phase 4, Gurugram	India
S3-301087	Distractor Sharma Sweet House Store Enterprises	Opposite City Railway Streetation, M.G. Road, Pune, 411001	India
S3-301088	Distractor Summit View Veterinary Store Enterprises	2000 Ave of the Streetars, Los Angeles, CA, 90067	US
S3-301089	Distractor Dabur India Store Enterprises	NH-8, Nr Toll Plaza, Udyog Vihar Ph 4, Gurugram, Haryana, 122015	India
S3-301090	Distractor Evergreen Valley Dental Store Enterprises	2500 Peachtree Rd NW - GA - 30305	US
S3-301091	Distractor Ambika Jewellers Store Enterprises	Near Old High Court, Mall Road - Shimla	India
S3-301092	Distractor Horizon Media Group Store Enterprises	100 Federal St, 28th Floor, Boston, 02110	US
S3-301093	Distractor Swastik Auto Spares Store Enterprises	22, Park St, 3rd Fl, Kolkata, West Bengal, 700016	India
S3-301094	Distractor Nexus Cloud Technologies Store Enterprises	1301 Sectorond Ave, Suite 3000, Seattle, WA, 98101	US
S3-301095	Distractor Redwood Wealth Management Store Enterprises	111 Congress Ave, Ste 400, Austin, TX, 78701	US
S3-301096	Distractor Larsen & Toubro Store Enterprises	104, Civil Lines, Nr Bus Streetand, Jaipur, 302006	India
S3-301097	Distractor Apex Diagnostic Centre Store Enterprises	NH-8, Near Toll Plaza, Udyog Vihar Phase 4, Gurugram, 122015	India
S3-301098	Distractor Sharma Sweet House Store Enterprises	NH-8, Nr Toll Plaza, Udyog Vihar Phase 4, Gurugram, Haryana, 122015	India
S3-301099	Distractor Horizon Media Group Store Enterprises	111 Congress Ave, Ste 400, 78701	US
S3-301100	Distractor State Bank of India Store Enterprises	Near SBI ATM, Gali No 4, Karol Bagh - New Delhi - Delhi - 110005	India
S3-301101	Distractor Asian Paints Store Enterprises	Plot 42, Electronic City Phase 1, Bengaluru, Karnataka, 560100	India
S3-301102	Distractor Apollo Hospitals Store Enterprises	G-10, Ground Floor, Banjara Hills Rd No 12, Hyderabad, 560034	India
S3-301103	Distractor Shree Balaji Udyog Store Enterprises	Shop 15, Sec 18 Market - Noida	India
S3-301104	Distractor Sri Laxmi Textiles Store Enterprises	Shop 15, Sector 18 Market, Noida, Uttar Pradesh	India
S3-301105	Distractor Olympic Mountain Sports Store Enterprises	100 Federal Street, 28th Floor - Boston - MA - 02110	US
S3-301106	Distractor Magnolia Bakery and Cafe Store Enterprises	100 Federal St, 28th Fl, MA, 02110	US
S3-301107	Distractor Titan Company Store Enterprises	Opposite City Railway Station, M.G. Road, Pune, Maharashtra, 411001	India
S3-301108	Distractor Summit View Veterinary Store Enterprises	100 Federal Street, 28th Fl, Boston, MA, 02110	US
S3-301109	Distractor Asian Paints Store Enterprises	104, Civil Lines, Near Bus Stand - Jaipur - Rajasthan - 302006	India
S3-301110	Distractor Evergreen Valley Dental Store Enterprises	701 Brickell Avenue, Ste 1700, Miami, 33131	US
S3-301111	Distractor Apollo Hospitals Store Enterprises	Plot 42, Electronic City Ph 1, Bengaluru, Karnataka	India
S3-301112	Distractor Redwood Wealth Management Store Enterprises	100 Montgomery Street, Suite 1500 - San Francisco - 94104	US
S3-301113	Distractor Hindustan Unilever Store Enterprises	104, Civil Lines, Near Bus Streetand, Jaipur	India
S3-301114	Distractor Bajaj Auto Store Enterprises	104, Civil Lines, Nr Bus Stand, Jaipur	India
S3-301115	Distractor Cascade Software Labs Store Enterprises	500 West Madison St, Chicago, 60661	US
S3-301116	Distractor Godrej Consumer Products Store Enterprises	104, Civil Lines, Near Bus Stand, Jaipur	India
S3-301117	Distractor Horizon Media Group Store Enterprises	2000 Avenuenue of the Streetars - Los Angeles - CA	US
S3-301118	Distractor Ironclad Security Services Store Enterprises	2000 Ave of the Stars, Los Angeles, CA	US
S3-301119	Distractor Dabur India Store Enterprises	Plot 42, Electronic City Phase 1 - Bengaluru - Karnataka - 560100	India
S3-301120	Distractor Beacon Financial Group Store Enterprises	100 Federal St, 28th Fl, Boston, 02110	US
S3-301121	Distractor Titan Company Store Enterprises	Door No 8-2-293, Jubilee Hills, Hyderabad, Telangana, 500033	India
S3-301122	Distractor Kailash Parbat Pure Veg Store Enterprises	Near Old High Court, Mall Road - Shimla - Himachal Pradesh	India
S3-301123	Distractor Kailash Parbat Pure Veg Store Enterprises	G-10, Ground Fl, Banjara Hills Rd No 12, Telangana, 560034	India
S3-301124	Distractor Evergreen Valley Dental Store Enterprises	2500 Peachtree Rd NW, Atlanta, GA, 30305	US
S3-301125	Distractor Olympic Mountain Sports Store Enterprises	1200 Smith St, Suite 2200, Houston	US
S3-301126	Distractor Redwood Wealth Management Store Enterprises	350 Fifth Avenue, 54th Flooroor, 10118	US
S3-301127	Distractor Mahindra & Mahindra Store Enterprises	Opp. City Railway Streetation, M.G. Road, Pune, Maharashtra	India
S3-301128	Distractor Larsen & Toubro Store Enterprises	Shop 8, New Market Area - Bhopal	India
S3-301129	Distractor Godrej Consumer Products Store Enterprises	G-10, Ground Fl, Banjara Hills Rd No 12, Hyderabad, 560034	India
S3-301130	Distractor Venkateshwara Hardware Store Enterprises	Karnataka, Bengaluru, Bhnd Nexus Mall, Koramangala 5th Block	India
S3-301131	Distractor Swastik Auto Spares Store Enterprises	Kolkata, West Bengal, 22, Park Streetreet, 3rd Floor	India
S3-301132	Distractor Summit View Veterinary Store Enterprises	CA, 90067, 2000 Ave of the Stars	US
S3-301133	Distractor Apex Diagnostic Centre Store Enterprises	Nr Old High Court, Mall Rd, Shimla, Himachal Pradesh, 171001	India
S3-301134	Distractor Horizon Media Group Store Enterprises	111 Congress Ave, Suite 400, Austin, 78701	US
S3-301135	Distractor Shree Ganesh Kirana Store Enterprises	Shop 8, New Market Area, Bhopal	India
S3-301136	Distractor Magnolia Bakery and Cafe Store Enterprises	100 Montgomery St, Ste 1500, San Francisco, CA, 94104	US
S3-301137	Distractor Olympic Mountain Sports Store Enterprises	111 Congress Avenue, Suite 400, Austin, TX	US
S3-301138	Distractor Hindustan Unilever Store Enterprises	Nr SBI ATM, Gali No 4, Karol Bagh, 110005	India
S3-301139	Distractor Pacific Coast BioLabs Store Enterprises	100 Federal Street, 28th Floor, Boston	US
S3-301140	Distractor Ironclad Security Services Store Enterprises	1301 Second Avenue, Ste 3000 - Seattle - WA - 98101	US
S3-301141	Distractor Radha Raman Handlooms Store Enterprises	Plot 42, Electronic City Phase 1, Bengaluru, 560100	India
S3-301142	Distractor Beacon Financial Group Store Enterprises	500 West Madison Streetreet, IL, Chicago	US
S3-301143	Distractor Royal Enfield Service Store Enterprises	Plot 42, Electronic City Phase 1, Bengaluru, Karnataka	India
S3-301144	Distractor Evergreen Valley Dental Store Enterprises	100 Federal Street, 28th Floor, Boston	US
S3-301145	Distractor Reliance Retail Store Enterprises	G-10, Ground Flooroor, Banjara Hills Road No 12, Hyderabad, 560034	India
S3-301146	Distractor Swastik Auto Spares Store Enterprises	Near SBI ATM, Gali No 4, Karol Bagh, New Delhi, Delhi	India
S3-301147	Distractor Juniper Ridge Construction Store Enterprises	500 West Madison St, 60661	US
S3-301148	Distractor Gupta Book Depot Store Enterprises	Behind Nexus Mall, Koramangala 5th Block, Karnataka, Bengaluru	India
S3-301149	Distractor Asian Paints Store Enterprises	Bhnd Nexus Mall, Koramangala 5th Block, Bengaluru, Karnataka, 560095	India
S3-301150	Distractor Radha Raman Handlooms Store Enterprises	Near SBI ATM, Gali No 4, Karol Bagh, New Delhi, 110005	India
S3-301151	Distractor Cascade Software Labs Store Enterprises	500 West Madison St, Chicago, IL, 60661	US
S3-301152	Distractor Sharma Sweet House Store Enterprises	104, Civil Lines, Nr Bus Stand, Jaipur, Rajasthan, 302006	India
S3-301153	Distractor Redwood Wealth Management Store Enterprises	350 Fifth Avenue, 54th Floor - New York - 10118	US
S3-301154	Distractor Royal Enfield Service Store Enterprises	Haryana, Gurugram, NH-8, Near Toll Plaza, Udyog Vihar Phasease 4	India
S3-301155	Distractor Royal Enfield Service Store Enterprises	Plot 42, Electronic City Ph 1 - Bengaluru - Karnataka - 560100	India
S3-301156	Distractor State Bank of India Store Enterprises	Shop 8, New Market Area, Bhopal, Madhya Pradesh, 462001	India
S3-301157	Distractor Patel Brothers Provision Store Enterprises	Nr Old High Court, Mall Road, Shimla, Himachal Pradesh	India
S3-301158	Distractor Keystone Property Management Store Enterprises	1301 Second Avenue, Ste 3000, Seattle, 98101	US
S3-301159	Distractor Bharti Airtel Store Enterprises	22, Park St, 3rd Fl	India
S3-301160	Distractor Hindustan Unilever Store Enterprises	Plot 42, Electronic City Phase 1 - Bengaluru - Karnataka - 560100	India
S3-301161	Distractor Mahindra & Mahindra Store Enterprises	NH-8, Near Toll Plaza, Udyog Vihar Phase 4	India
S3-301162	Distractor Royal Enfield Service Store Enterprises	Opposite City Railway Station, M.G. Road - Pune - Maharashtra	India
S3-301163	Distractor Horizon Media Group Store Enterprises	100 Federal St, 28th Floor - Boston - MA - 02110	US
S3-301164	Distractor Apex Global Logistics Store Enterprises	100 Federal St, 28th Floor - MA - 02110	US
S3-301165	Distractor Juniper Ridge Construction Store Enterprises	1301 Second Avenuenue, Ste 3000, Seattle, WA, 98101	US
S3-301166	Distractor Sun Pharmaceutical Store Enterprises	Plot 42, Electronic City Phase 1 - Karnataka	India
S3-301167	Distractor Shree Ganesh Kirana Store Enterprises	Nr Old High Court, Mall Rd, Shimla, Himachal Pradesh	India
S3-301168	Distractor Krishna Medical Store Enterprises	Near SBI ATM, Gali No 4, Karol Bagh, New Delhi, Delhi, 110005	India
S3-301169	Distractor Adani Enterprises Store Enterprises	Chowk Bazaar, Nr Ghanta Ghar	India
S3-301170	Distractor ICICI Securities Store Enterprises	Kolkata - 22, Park St, 3rd Floor - 700016	India
S3-301171	Distractor Beacon Financial Group Store Enterprises	1301 Second Ave, Suite 3000, Seattle	US
S3-301172	Distractor Apex Global Logistics Store Enterprises	500 West Madison Street, Chicago, IL	US
S3-301173	Distractor Shree Balaji Udyog Store Enterprises	Shop 8, New Market Area - Bhopal - Madhya Pradesh - 462001	India
S3-301174	Distractor Godrej Consumer Products Store Enterprises	Chowk Bazaar, Nr Ghanta Ghar, Surat, 395003	India
S3-301175	Distractor State Bank of India Store Enterprises	45-B, Anna Salai, Mount Road, Chennai, 600002	India
S3-301176	Distractor Cascade Software Labs Store Enterprises	1200 Smith St, Suite 2200, Houston	US
S3-301177	Distractor Magnolia Bakery and Cafe Store Enterprises	100 Federal Street, 28th Fl - Boston - MA	US
S3-301178	Distractor Summit View Veterinary Store Enterprises	500 West Madison St, Chicago, IL, 60661	US
S3-301179	Distractor Ironclad Security Services Store Enterprises	100 Federal Street, 28th Flooroor, Boston, MA, 02110	US
S3-301180	Distractor Apex Global Logistics Store Enterprises	2000 Ave of the Streetars, Los Angeles, 90067	US
S3-301181	Distractor Cascade Software Labs Store Enterprises	2500 Peachtree Rd NW, Atlanta, 30305	US
S3-301182	Distractor Reliance Retail Store Enterprises	Plot 42, Electronic City Phasease 1, Bengaluru, Karnataka, 560100	India
S3-301183	Distractor Radha Raman Handlooms Store Enterprises	Door No 8-2-293, Jubilee Hills, Hyderabad	India
S3-301184	Distractor Magnolia Bakery and Cafe Store Enterprises	Houston, 1200 Smith St, Ste 2200, TX	US
S3-301185	Distractor Apex Global Logistics Store Enterprises	2500 Peachtree Rd NW, GA, Atlanta	US
S3-301186	Distractor Keystone Property Management Store Enterprises	350 Fifth Ave, 54th Flooroor, New York, NY	US
S3-301187	Distractor Sun Pharmaceutical Store Enterprises	45-B, Anna Salai, Mount Rd - Chennai - Tamil Nadu - 600002	India
S3-301188	Distractor Krishna Medical Store Enterprises	Plot 42, Electronic City Ph 1 - Bengaluru - Karnataka - 560100	India
S3-301189	Distractor Wipro Consumer Care Store Enterprises	G-10, Ground Fl, Banjara Hills Road No 12, Hyderabad, 560034	India
S3-301190	Distractor Magnolia Bakery and Cafe Store Enterprises	1301 Second Avenue, Ste 3000, Seattle, WA	US
S3-301191	Distractor Larsen & Toubro Store Enterprises	Plot 42, Electronic City Phase 1, Bengaluru, Karnataka	India
S3-301192	Distractor Horizon Media Group Store Enterprises	1301 Sectorond Avenue, Suite 3000 - WA - Seattle - 98101	US
S3-301193	Distractor Adani Enterprises Store Enterprises	45-B, Anna Salai, Mount Rd, Chennai	India
S3-301194	Distractor Shree Balaji Udyog Store Enterprises	Opposite City Railway Station, M.G. Rd, Pune, Maharashtra, 411001	India
S3-301195	Distractor Acme Industrial Solutions Store Enterprises	1200 Smith St, Ste 2200, Houston, TX, 77002	US
S3-301196	Distractor Ambika Jewellers Store Enterprises	Chowk Bazaar, Nr Ghanta Ghar, Surat, Gujarat	India
S3-301197	Distractor Cascade Software Labs Store Enterprises	1200 Smith Street, Suite 2200, Houston	US
S3-301198	Distractor Adani Enterprises Store Enterprises	Opposite City Railway Station, M.G. Rd, Pune	India
S3-301199	Distractor Infosys Technologies Store Enterprises	Behind Nexus Mall, Koramangala 5th Block, Bengaluru, Karnataka, 560095	India
S3-301200	Distractor Nexus Cloud Technologies Store Enterprises	1301 Second Ave, Ste 3000 - Seattle	US
S3-301201	Distractor Radha Raman Handlooms Store Enterprises	Chowk Bazaar, Near Ghanta Ghar, Surat, 395003	India
S3-301202	Distractor Maruti Suzuki Store Enterprises	Behind Nexus Mall, Koramangala 5th Block, Bengaluru, Karnataka, 560095	India
S3-301203	Distractor Adani Enterprises Store Enterprises	Shop 8, New Market Area, Madhya Pradesh, 462001	India
S3-301204	Distractor Horizon Media Group Store Enterprises	350 Fifth Avenue, 54th Fl, New York, NY, 10118	US
S3-301205	Distractor Summit View Veterinary Store Enterprises	2000 Avenue of the Stars, Los Angeles, 90067	US
S3-301206	Distractor Magnolia Bakery and Cafe Store Enterprises	2000 Avenue of the Stars, Los Angeles	US
S3-301207	Distractor Ironclad Security Services Store Enterprises	1200 Smith St, Suite 2200, Houston, TX, 77002	US
S3-301208	Distractor Acme Industrial Solutions Store Enterprises	100 Federal St, 28th Flooroor, Boston, MA, 02110	US
S3-301209	Distractor Beacon Financial Group Store Enterprises	500 West Madison Streetreet, 60661	US
S3-301210	Distractor Juniper Ridge Construction Store Enterprises	500 West Madison St - IL	US
S3-301211	Distractor Radha Raman Handlooms Store Enterprises	Shop 8, New Market Area, Bhopal, Madhya Pradesh	India
S3-301212	Distractor Evergreen Valley Dental Store Enterprises	Los Angeles, CA, 2000 Avenue of the Stars, 90067	US
S3-301213	Distractor Keystone Property Management Store Enterprises	MA, 02110, Boston, 100 Federal Streetreet, 28th Flooroor	US
S3-301214	Distractor Acme Industrial Solutions Store Enterprises	2000 Avenue of the Stars, Los Angeles, CA	US
S3-301215	Distractor Titan Company Store Enterprises	22, Park Street, 3rd Floor, 700016, Kolkata	India
S3-301216	Distractor ICICI Securities Store Enterprises	45-B, Anna Salai, Mount Rd, Tamil Nadu, Chennai, 600002	India
S3-301217	Distractor Olympic Mountain Sports Store Enterprises	33131, FL, 701 Brickell Avenue, Ste 1700, Miami	US
S3-301218	Distractor Hindustan Unilever Store Enterprises	Shop 8, New Market Area, Bhopal, Madhya Pradesh	India
S3-301219	Distractor Nexus Cloud Technologies Store Enterprises	500 West Madison St, Chicago, 60661	US
S3-301220	Distractor Gupta Book Depot Store Enterprises	Chowk Bazaar, Nr Ghanta Ghar, Surat, Gujarat, 395003	India
S3-301221	Distractor Swastik Auto Spares Store Enterprises	G-10, Ground Floor, Banjara Hills Rd No 12, Hyderabad, Telangana, 560034	India
S3-301222	Distractor Frontier Energy Systems Store Enterprises	500 West Madison St - Chicago - IL - 60661	US
S3-301223	Distractor Venkateshwara Hardware Store Enterprises	Chowk Bazaar, Nr Ghanta Ghar, Surat, Gujarat, 395003	India
S3-301224	Distractor Delta Healthcare Partners Store Enterprises	350 Fifth Avenue, 54th Fl, New York, 10118	US
S3-301225	Distractor Evergreen Valley Dental Store Enterprises	500 West Madison Streetreet, Chicago	US
S3-301226	Distractor Pacific Coast BioLabs Store Enterprises	500 West Madison St, Chicago, 60661	US
S3-301227	Distractor Golden Gate Capital Store Enterprises	500 West Madison St, Chicago	US
S3-301228	Distractor Apollo Hospitals Store Enterprises	12/A, Nariman Point, Express Towers, Mumbai, 400021	India
S3-301229	Distractor Quantum Leap Robotics Store Enterprises	500 West Madison Street, Chicago, 60661	US
S3-301230	Distractor Mahindra & Mahindra Store Enterprises	22, Park St, 3rd Fl, 700016, Kolkata	India
S3-301231	Distractor Pacific Coast BioLabs Store Enterprises	30305, GA, 2500 Peachtree Road NW	US
S3-301232	Distractor Tata Consultancy Services Store Enterprises	500033 - Door No 8-2-293, Jubilee Hills - Hyderabad	India
S3-301233	Distractor Frontier Energy Systems Store Enterprises	2000 Ave of the Stars, Los Angeles, CA	US
S3-301234	Distractor Dabur India Store Enterprises	G-10, Ground Floor, Banjara Hills Road No 12, Hyderabad, Telangana	India
S3-301235	Distractor Frontier Energy Systems Store Enterprises	100 Federal Streetreet, 28th Floor, Boston, MA	US
S3-301236	Distractor Sharma Sweet House Store Enterprises	G-10, Ground Flooroor, Banjara Hills Road No 12, Telangana, Hyderabad	India
S3-301237	Distractor Redwood Wealth Management Store Enterprises	701 Brickell Ave, Suite 1700 - Miami - FL - 33131	US
S3-301238	Distractor Sri Laxmi Textiles Store Enterprises	Shop 8, New Market Area, Madhya Pradesh	India
S3-301239	Distractor Beacon Financial Group Store Enterprises	1200 Smith Street, Ste 2200 - Houston - 77002	US
S3-301240	Distractor State Bank of India Store Enterprises	Nr SBI ATM, Gali No 4, Karol Bagh	India
S3-301241	Distractor Redwood Wealth Management Store Enterprises	FL - 33131 - 701 Brickell Avenue, Suite 1700	US
S3-301242	Distractor State Bank of India Store Enterprises	NH-8, Nr Toll Plaza, Udyog Vihar Phase 4 - Gurugram - 122015	India
S3-301243	Distractor Frontier Energy Systems Store Enterprises	2000 Ave of the Stars - Los Angeles - CA - 90067	US
S3-301244	Distractor Krishna Medical Store Enterprises	700016, Kolkata, 22, Park St, 3rd Fl, West Bengal	India
S3-301245	Distractor Radha Raman Handlooms Store Enterprises	Near SBI ATM, Gali No 4, Karol Bagh, New Delhi	India
S3-301246	Distractor Horizon Media Group Store Enterprises	2500 Peachtree Road NW, Atlanta, 30305	US
S3-301247	Distractor Redwood Wealth Management Store Enterprises	100 Federal St, 28th Fl, Boston	US
S3-301248	Distractor Radha Raman Handlooms Store Enterprises	G-10, Ground Fl, Banjara Hills Road No 12, Hyderabad, Telangana, 560034	India
S3-301249	Distractor Venkateshwara Hardware Store Enterprises	Plot 42, Electronic City Ph 1, Bengaluru, Karnataka	India
S3-301250	Distractor Sun Pharmaceutical Store Enterprises	Mumbai, 12/A, Nariman Point, Express Towers, 400021, Maharashtra	India
S3-301251	Distractor Keystone Property Management Store Enterprises	100 Federal St, 28th Floor - Boston - MA - 02110	US
S3-301252	Distractor Apex Global Logistics Store Enterprises	500 West Madison St, IL, 60661	US
S3-301253	Distractor Titan Company Store Enterprises	G-10, Ground Floor, Banjara Hills Rd No 12, Hyderabad, 560034	India
S3-301254	Distractor Olympic Mountain Sports Store Enterprises	111 Congress Avenuenue, Ste 400, Austin, TX	US
S3-301255	Distractor Dabur India Store Enterprises	Plot 42, Electronic City Phasease 1, Bengaluru, Karnataka, 560100	India
S3-301256	Distractor Shree Balaji Udyog Store Enterprises	NH-8, Nr Toll Plaza, Udyog Vihar Ph 4, Gurugram, 122015	India
S3-301257	Distractor Juniper Ridge Construction Store Enterprises	Houston, TX, 1200 Smith Street, Ste 2200, 77002	US
S3-301258	Distractor Liberty Auto Body Store Enterprises	New York, 350 Fifth Ave, 54th Fl, NY	US
S3-301259	Distractor Nexus Cloud Technologies Store Enterprises	100 Montgomery St, Ste 1500, San Francisco, CA	US
S3-301260	Distractor Apex Diagnostic Centre Store Enterprises	Door No 8-2-293, Jubilee Hills, Hyderabad, Telangana	India
S3-301261	Distractor Liberty Auto Body Store Enterprises	100 Montgomery St, Ste 1500 - San Francisco - 94104	US
S3-301262	Distractor Kailash Parbat Pure Veg Store Enterprises	Door No 8-2-293, Jubilee Hills, Hyderabad, Telangana, 500033	India
S3-301263	Distractor Kailash Parbat Pure Veg Store Enterprises	Nr SBI ATM, Gali No 4, Karol Bagh, New Delhi	India
S3-301264	Distractor Evergreen Valley Dental Store Enterprises	111 Congress Avenue, Ste 400, Austin, 78701	US
S3-301265	Distractor Radha Raman Handlooms Store Enterprises	NH-8, Near Toll Plaza, Udyog Vihar Ph 4 - Gurugram - Haryana	India
S3-301266	Distractor Bharti Airtel Store Enterprises	Shop 8, New Market Area, Bhopal, 462001	India
S3-301267	Distractor Horizon Media Group Store Enterprises	100 Montgomery St, Suite 1500, San Francisco	US
S3-301268	Distractor Cascade Software Labs Store Enterprises	Houston, TX, 1200 Smith St, Ste 2200	US
S3-301269	Distractor Golden Gate Capital Store Enterprises	TX, 111 Congress Avenuenue, Ste 400, 78701	US
S3-301270	Distractor Tata Consultancy Services Store Enterprises	Plot 42, Electronic City Ph 1, Bengaluru, 560100	India
S3-301271	Distractor Patel Brothers Provision Store Enterprises	Door No 8-2-293, Jubilee Hills, 500033	India
S3-301272	Distractor Olympic Mountain Sports Store Enterprises	1301 Second Avenuenue, Suite 3000, Seattle, WA	US
S3-301273	Distractor Kailash Parbat Pure Veg Store Enterprises	NH-8, Nr Toll Plaza, Udyog Vihar Phase 4, Haryana, 122015	India
S3-301274	Distractor Magnolia Bakery and Cafe Store Enterprises	100 Federal Street, 28th Fl - Boston - MA - 02110	US
S3-301275	Distractor Swastik Auto Spares Store Enterprises	560100, Karnataka, Bengaluru, Plot 42, Electronic City Phasease 1	India
S3-301276	Distractor Juniper Ridge Construction Store Enterprises	111 Congress Ave, Suite 400	US
S3-301277	Distractor Beacon Financial Group Store Enterprises	111 Congress Ave, Suite 400, Austin, TX, 78701	US
S3-301278	Distractor Maruti Suzuki Store Enterprises	Door No 8-2-293, Jubilee Hills - Hyderabad - Telangana - 500033	India
S3-301279	Distractor Evergreen Valley Dental Store Enterprises	701 Brickell Ave, Suite 1700, Miami	US
S3-301280	Distractor Delta Healthcare Partners Store Enterprises	2000 Avenue of the Stars, Los Angeles, CA, 90067	US
S3-301281	Distractor Dabur India Store Enterprises	104, Civil Lines, Nr Bus Stand, Jaipur, 302006	India
S3-301282	Distractor Reliance Retail Store Enterprises	12/A, Nariman Point, Express Towers, Mumbai, Maharashtra	India
S3-301283	Distractor Sharma Sweet House Store Enterprises	NH-8, Near Toll Plaza, Udyog Vihar Phasease 4 - Gurugram - Haryana - 122015	India
S3-301284	Distractor Sharma Sweet House Store Enterprises	560100, Plot 42, Electronic City Phasease 1, Bengaluru	India
S3-301285	Distractor Delta Healthcare Partners Store Enterprises	500 West Madison St, Chicago, 60661	US
S3-301286	Distractor Magnolia Bakery and Cafe Store Enterprises	701 Brickell Avenuenue, Ste 1700	US
S3-301287	Distractor Juniper Ridge Construction Store Enterprises	1301 Second Ave, Suite 3000, WA	US
S3-301288	Distractor Bajaj Auto Store Enterprises	Behind Nexus Mall, Koramangala 5th Block, Bengaluru, Karnataka, 560095	India
