entity_id	business_name	business_address	country
S1-100000	Acme Industrial Solutions #2 LLC	Unit #2, 500 West Madison Street, Chicago, IL, 60661	US
S1-100001	Sri Laxmi Textiles #3 and Sarees	Unit #3, 12/A, Nariman Point, Express Towers, Mumbai, Maharashtra	India
S1-100002	Hindustan Unilever #4 Trading Co	Unit #4, Shop 8, New Market Area, Bhopal, Madhya Pradesh, 462001	India
S1-100003	radha raman h&looms #5 emporium	Unit #5, 45-B, Anna Salai, Mount Road, Chennai, 600002	India
S1-100004	Wipro Consumer Care #6 & Lighting	Unit #6, 22, Park Street, 3rd Flooroor, Kolkata, West Bengal, 700016	India
S1-100005	Gupta Book Depot #7 and Stationers	Unit #7, Plot 42, Electronic City Phase 1, Bengaluru, Karnataka, 560100	India
S1-100006	Tata Cnsultancy Services #8 Limited	Unit #8, 12/A, Nariman Point, Express Towers, Mumbai, Maharashtra, 400021	India
S1-100007	Frontier Energy Systems #9 Corporation	Unit #9, 500 West Madison St, Chicago	US
S1-100008	Golden Gate Capital #10 Holdings LLC	Unit #10, 350 Fifth Avenue, 54th Fl, New York, 10118	US
S1-100009	Mahindra & Mahindra #11 Financial Services	Unit #11, Plot 42, Electronic City Phase 1, Bengaluru, Karnataka, 560100	India
S1-100010	Apex Diagnostic Centre #12 and Path Lab	Unit #12, Shop 8, New Market Area, Bhopal, Madhya Pradesh, 462001	India
S1-100011	Golden Gate Capital #13 Holdings LLC	Unit #13, 100 Federal Street, 28th Floor, Boston, MA, 02110	US
S1-100012	Wipro Consumer Care #14 and Lighting	Unit #14, G-10, Ground Floor, Banjara Hills Road No 12, Hyderabad, Telangana, 560034	India
S1-100013	Evergreen alley Dental #15 Associates	Unit #15, 111 Congress Avenue, Suite 400, Austin, TX, 78701	US
S1-100014	Keystone Property Management #16 LLC	Unit #16, 1301 Second Avenue, Suite 3000, Seattle, WA, 98101	US
S1-100015	Cascade Software Labs #17 Technologies	MA, Boston, Unit #17, 100 Federal St, 28th Floor	US
S1-100016	Shree Ganesh Kirana #18 Store	Unit #18, 45-B, Anna Salai, Mount Road, Chennai	India
S1-100017	juniper ridge construction #19 company	Unit #19, 100 Federal Street, 28th Floor, Boston, MA, 02110	US
S1-100018	Infosys Technologies #20 Ltd	Unit #20, Shop 15, Sector 18 Market, Noida, Uttar Pradesh, 201301	India
S1-100019	Dabur India #21 Limited	Unit #21, Nr Old High Court, Mall Rd, Shimla, Himachal Pradesh, 171001	India
S1-100020	Olympic Mountain Sports #22 LLC	Unit #22, 1200 Smith Street, Suite 2200, Houston, TX, 77002	US
S1-100021	Patel Brothers Provision #23 Bhandar	Unit #23, Opposite City Railway Station, M.G. Road, Pune, Maharashtra, 411001	India
S1-100022	Magnolia Bakery and Cafe #24	Unit #24, 500 West Madison St, Chicago, IL, 60661	US
S1-100023	Liberty Auto Body #25 & Repair	Unit #25, 100 Federal Street, 28th Floor, Boston, MA, 02110	US
S1-100024	Olympic Mountain Sports #26 LLC	Unit #26, 111 Congress Avenue, Ste 400, Austin, 78701	US
S1-100025	Evergreen Valley Dental #27 Associates	Unit #27, 111 Congress Avenue, Suite 400, 78701	US
S1-100026	Olympic Mountain Sports #28 LLC	Unit #28, 1301 Second Ave, Ste 3000 - Seattle - WA	US
S1-100027	infosys technologies #29 ltd	Unit #29, Plot 42, Electronic City Phase 1, Bengaluru, Karnataka, 560100	India
S1-100028	Ambika Jewellers #30 Private Ltd.	Unit #30, 45-B, Anna Salai, Mount Road, Chennai, Tamil Nadu, 600002	India
S1-100029	Magnolia Bakery and Cafe #31	Unit #31, 350 Fifth Ave, 54th Floor, New York, NY, 10118	US
S1-100030	ICICI Securities #32 Private Limited	Unit #32, 104, Civil Lines, Near Bus Stand, Jaipur	India
S1-100031	Horizon Media Group #33 Enterprises	Unit #33, 2500 Peachtree Rd NW, Atlanta, GA, 30305	US
S1-100032	shree ganesh kirana #34 store	Unit #34, 12/A, Nariman Point, Express Towers, Mumbai, Maharashtra, 400021	India
S1-100033	Cascade Software Labs #35 Technologies	Unit #35, 111 Congress Avenue, Suite 400, Austin, TX, 78701	US
S1-100034	Olympic Mountain Sports #36 LLC	Unit #36, 2000 Ave of the Stars, Los Angeles, CA	US
S1-100035	Liberty Auto Body #37 & Repair	Unit #37, 100 Federal Streetreet, 28th Floor, MA	US
S1-100036	Mahindra & Mahindra #38 Financial Services	Unit #38, G-10, Ground Fl, Banjara Hills Road No 12, Hyderabad, 560034	India
S1-100037	Venkateshwara Hardware #39 and Electricals	Unit #39, Bhnd Nexus Mall, Koramangala 5th Block, Bengaluru, Karnataka, 560095	India
S1-100038	Sun Pharmaceutical #40 Industries Ltd	Unit #40, 104, Civil Lines, Near Bus Stand, Jaipur, Rajasthan, 302006	India
S1-100039	juniper ridge construction #41 co.	Unit #41, 350 Fifth Ave, 54th Floor, New York, 10118	US
S1-100040	GUPTA BOOK DEPOT #42 AND STATIONRS	Unit #42, Near Old High Court, Mall Road, Shimla, Himachal Pradesh, 171001	India
S1-100041	Delta Healthcare Partners #43 P.C.	Unit #43, 100 Federal Street, 28th Floor, Boston, MA, 02110	US
S1-100042	Frontier Energy Systems #44 Corporation	Unit #44, 350 Fifth Ave, 54th Floor, New York, NY, 10118	US
S1-100043	Delta Healthcare Partners #45 P.C.	Unit #45, 100 Montgomery Street, Ste 1500, CA, San Francisco	US
S1-100044	Infosys Tech #46Ltd	Unit #46, Shop 8, New Market Area - Bhopal - 462001	India
S1-100045	Shree Balaji Udyog #47 Pvt Ltd	Bhopal, Madhya Pradesh, Unit #47, Shop 8, New Market Area, 462001	India
S1-100046	Sharma Sweet House #48 & Restaurant	Unit #48, 22, Park Street, 3rd Floor, Kolkata, West Bengal, 700016	India
S1-100047	QUANTUM LEAP ROBOTICS #49 LLC	Unit #49, 100 Montgomery St, Ste 1500 - CA	US
S1-100048	Krishna Medical #50 & General Stores	Unit #50, 45-B, Anna Salai, Mount Road, Chennai, Tamil Nadu, 600002	India
S1-100049	Apex Diagnostic Centre #51 & Path Lab	Unit #51, 12/A, Nariman Point, Express Towers - Mumbai	India
S1-100050	Kestone Property Management #52 LLC	NY, 10118, New York, Unit #52, 350 Fifth Ave, 54th Floor	US
S1-100051	Golden Gate Capital #53 Holdings LLC	Unit #53, 350 Fifth Avenue, 54th Floor, New York, 10118	US
S1-100052	Keystone Property Management #54 LLC	Unit #54, 1301 Sectorond Ave, Ste 3000, Seattle, WA	US
S1-100053	Juniper Ridge Construction #55 Company	Unit #55, 350 Fifth Ave, 54th Floor, New York, NY, 10118	US
S1-100054	Radha Raman Handlooms #56 Emporium	Unit #56, Shop 15, Sector 18 Market, Noida, Uttar Pradesh, 201301	India
S1-100055	Nexus Cloud Technologies #57 Corporation	Unit #57, 1200 Smith Street, Suite 2200, Houston, TX	US
S1-100056	PACIFIC COAST BIOLABS #58 INC.	Unit #58, 350 Fifth Ave, 54th Floor, New York, NY, 10118	US
S1-100057	Sri Laxmi Textiles #59 and Sarees	Unit #59, 22, Park Street, 3rd Floor, Kolkata, West Bengal, 700016	India
S1-100058	Olypic Mountain Sports #60 LLC	Unit #60, 2000 Avenue of the Stars, Los Angeles, CA, 90067	US
S1-100059	Pacific Coast BioLabs #61 Inc.	Unit #61, 701 Brickell Avenue, Suite 1700, Miami, FL, 33131	US
S1-100060	DELTA HEALTHCARE PARTNERS #62 P.C.	Unit #62, 350 Fifth Ave, 54th Floor, New York, NY, 10118	US
S1-100061	Keystone Property Management #63 LLC	Unit #63, 1301 Second Avenue, Suite 3000, Seattle, WA, 98101	US
S1-100062	tata consultancy services #64 ltd.	Unit #64, Near SBI ATM, Gali No 4, Karol Bagh, New Delhi	India
S1-100063	SHARMA SWEET HOUSE #65 & RESTAURANT	Unit #65, 45-B, Anna Salai, Mount Road, Chennai, 600002	India
S1-100064	Larsen & Toubro #66 Infotech Ltd	Unit #66, Shop 15, Sector 18 Market, Noida, Uttar Pradesh, 201301	India
S1-100065	Shree Balaji Udyog #67 Pvt Ltd	Unit #67, NH-8, Near Toll Plaza, Udyog Vihar Phase 4, Gurugram, Haryana, 122015	India
S1-100066	Bharti Airtel #68 Enterprises	Unit #68, Opposite City Railway Station, M.G. Road, Pune, Maharashtra, 411001	India
S1-100067	Magnolia Bakery and Cafe #69	Unit #69, 2500 Peachtree Rd NW, Atlanta, GA, 30305	US
S1-100068	Krishna Medical #70 & General Stores	Unit #70, NH-8, Nr Toll Plaza, Udyog Vihar Phase 4, Gurugram, Haryana	India
S1-100069	Gupta Book Depot #71 and Stationers	Unit #71, Shop 15, Sec 18 Market, Noida, Uttar Pradesh	India
S1-100070	Adani Enterprises #72 Ltd	Unit #72, Near Old High Court, Mall Rd, Shimla, 171001	India
S1-100071	Adani Enterprises#73 Ltd	Unit #73, Shop 8, New Market Area, Bhopal, Madhya Pradesh, 462001	India
S1-100072	Acme Industrial Solns #74 LLC	Unit #74, 2500 Peachtree Rd NW, Atlanta, GA, 30305	US
S1-100073	Shree Ganesh Kirana #75 Store	Unit #75, 45-B, Anna Salai, Mount Road, Chennai, Tamil Nadu, 600002	India
S1-100074	Apollo Hospitals #76 Enterprise Ltd	Unit #76, Chowk Bazaar, Nr Ghanta Ghar, Surat, Gujarat	India
S1-100075	Asian Paints #77 Colour Solutions	Unit #77, Shop 8, New Market Area, Bhopal	India
S1-100076	Delta Healthcare Partners #78 P.C.	Unit #78, 350 Fifth Ave, 54th Floor, New York, NY, 10118	US
S1-100077	Golden Gate Capital #79 Holdings LLC	Unit #79, 1200 Smith Street, Suite 2200, Houston, TX, 77002	US
S1-100078	Bajaj Auto #80 Holdings Ltd	Shimla - Unit #80, Nr Old High Court, Mall Road - 171001 - Himachal Pradesh	India
S1-100079	ICICI Securities #81 Private Limited	Unit #81, 45-B, Anna Salai, Mount Road, Chennai, Tamil Nadu, 600002	India
S1-100080	Golden Gate Capital #82 Holdings LLC	Unit #82, 100 Montgomery St, Ste 1500, San Francisco, CA, 94104	US
S1-100081	Royal Enfield Service #83 Centre	Unit #83, 22, Park Street, 3rd Floor, Kolkata, West Bengal, 700016	India
S1-100082	wipro consumer care #84 & ligting	Unit #84, Behind Nexus Mall, Koramangala 5th Block, Bengaluru, Karnataka, 560095	India
S1-100083	Magnolia Bakery & Cafe #85	Unit #85, 701 Brickell Avenue, Suite 1700, Miami, FL, 33131	US
S1-100084	Titan Company #86 Ent.	Unit #86, G-10, Ground Fl, Banjara Hills Rd No 12, Telangana, 560034	India
S1-100085	delta healthcare partners #87 p.c.	Unit #87, 1301 Second Ave, Suite 3000, Seattle, WA, 98101	US
S1-100086	Royal Enfield Service #88 Centre	Unit #88, G-10, Ground Floor, Banjara Hills Road No 12, Hyderabad, Telangana, 560034	India
S1-100087	quantum leap robotics #89 llc	Unit #89, 1200 Smith Street, Suite 2200, Houston, TX, 77002	US
S1-100088	Apollo Hospitals #90 Enterprise Ltd	Unit #90, Behind Nexus Mall, Koramangala 5th Block, Bengaluru, Karnataka, 560095	India
S1-100089	Juniper Ridge Construction #91 Co.	Unit #91, 500 West Madison Street, Chicago, IL, 60661	US
S1-100090	Beacon Financial Group #92 Corp	Unit #92, 2000 Avenue of the Stars, Los Angeles, CA, 90067	US
S1-100091	horizon media group #93 enterprises	Unit #93, 701 Brickell Avenue, Suite 1700, Miami, FL, 33131	US
S1-100092	Apex Diagnostic Centre #94 and Pat Lab	Unit #94, Door No 8-2-293, Jubilee Hills, Hyderabad, Telangana, 500033	India
S1-100093	Dabur India #95 Limited	Unit #95, 104, Civil Lines, Near Bus Stand, Jaipur, Rajasthan, 302006	India
S1-100094	Hindustan Unilever #96 Trading Co	Unit #96, 22, Park St, 3rd Floor, Kolkata, West Bengal	India
S1-100095	Krishna Medical #97 and General Stores	Unit #97, 22, Park Street, 3rd Floor, Kolkata, West Bengal, 700016	India
S1-100096	Apex Diagnostic Centre #98 & Path Lab	Unit #98, NH-8, Near Toll Plaza, Udyog Vihar Ph 4, Gurugram	India
S1-100097	Quantum Leap Robotics #99 LLC	94104, San Francisco, Unit #99, 100 Montgomery St, Ste 1500, CA	US
S1-100098	Royal Enfield Service #100 Centre	Unit #100, 104, Civil Lines, Near Bus Stand, Jaipur, Rajasthan, 302006	India
S1-100099	Reliance Retail #101 Private Limited	Unit #101, 12/A, Nariman Point, Express Towers, Mumbai, Maharashtra, 400021	India
S1-100100	Venkateshwara Hardware #102 and Electricals	Bengaluru, 560095, Unit #102, Bhnd Nexus Mall, Koramangala 5th Block	India
S1-100101	Quantum Leap Robotics #103 LLC	Unit #103, 2000 Ave of the Stars, Los Angeles, 90067	US
S1-100102	Quantum Leap Robotics #104 LLC	Unit #104, 2000 Avenue of the Stars, Los Angeles, 90067	US
S1-100103	Venkateshwara Hardware #105 and Electricals	Unit #105, Chowk Bazaar, Nr Ghanta Ghar, Surat, Gujarat, 395003	India
S1-100104	Ironclad Security Services #106 Inc	Unit #106, 2500 Peachtree Rd NW, Atlanta, GA, 30305	US
S1-100105	Kailash Parbat Pure Veg #107 Restaurant	Unit #107, Shop 8, New Market Area, 462001	India
S1-100106	Hindustan Unilever #108 Trading Co	Unit #108, Behind Nexus Mall, Koramangala 5th Block, Karnataka, 560095	India
S1-100107	evergreen valley dental #109 associates	Unit #109, 111 Congress Avenue, Suite 400, Austin, TX, 78701	US
S1-100108	Magnolia Bakery and Cafe #110	Unit #110, 350 Fifth Ave, 54th Floor, New York, NY, 10118	US
S1-100109	Reliance Retail #111 Pvt Ltd	Unit #111, 104, Civil Lines, Nr Bus Stand, Jaipur, Rajasthan, 302006	India
S1-100110	Tata Consultancy Services #112 Ltd.	Gurugram, Unit #112, NH-8, Nr Toll Plaza, Udyog Vihar Ph 4, Haryana, 122015	India
S1-100111	Liberty Auto Body #113 & Repair	Unit #113, 1301 Second Ave, Suite 3000, Seattle	US
S1-100112	adani enterprises #114 ltd	Unit #114, Shop 8, New Market Area, Bhopal	India
S1-100113	Shree Ganesh Kirana #115 Store	Unit #115, Opp. City Railway Station, M.G. Rd - Maharashtra	India
S1-100114	Quantum Leap Robotics #116 LLC	Unit #116, 1200 Smith Street, Suite 2200, Houston, TX, 77002	US
S1-100115	Magnolia Bakery and Cafe #117	Unit #117, 111 Congress Avenue, Suite 400, Austin, TX, 78701	US
S1-100116	Magnolia Bakery and Cafe #118	Unit #118, 2000 Ave of the Streetars, Los Angeles, CA, 90067	US
S1-100117	Mahindra & Mahindra #119 Financial Services	Unit #119, Near SBI ATM, Gali No 4, Karol Bagh, New Delhi, Delhi, 110005	India
S1-100118	Nexus Cloud Technologies #120 Corporation	Unit #120, 1301 Second Avenue, Suite 3000, Seattle, WA, 98101	US
S1-100119	TATA CONSULTANCY SERVICES #121 LTD.	Unit #121, 45-B, Anna Salai, Mount Road, Chennai, Tamil Nadu, 600002	India
S1-100120	Golden Gate Capital #122 Holdings LLC	Unit #122, 500 West Madison Street, Chicago, IL, 60661	US
S1-100121	Shree Balaji Udyog #123 Pvt Ltd	Unit #123, Shop 15, Sector 18 Market, Noida, Uttar Pradesh, 201301	India
S1-100122	Apex Global Logistics #124 Inc.	Unit #124, 111 Congress Avenue, Suite 400, Austin, TX, 78701	US
S1-100123	Horizon Media Group #125 Enterprises	Unit #125, 1301 Second Avenue, Suite 3000, Seattle, WA, 98101	US
S1-100124	Frontier Energy Systems #126 Corporation	Unit #126, 2000 Ave of the Streetars, Los Angeles, 90067	US
S1-100125	Liberty Auto Body #127 & Repair	Unit #127, 2500 Peachtree Rd NW - Atlanta	US
S1-100126	Golden Gate Capital #128 Holdings LLC	30305, Atlanta, Unit #128, 2500 Peachtree Road NW	US
S1-100127	HDFC Bank #129 Ltd	Kolkata, Unit #129, 22, Park St, 3rd Fl	India
S1-100128	Royal EnfieldService #130 Centre	Pune, Maharashtra, Unit #130, Opp. City Railway Station, M.G. Rd	India
S1-100129	Quantum Leap Robotics #131 LLC	San Francisco, Unit #131, 100 Montgomery St, Ste 1500	US
S1-100130	Horizon Media Group #132 Enterprises	Unit #132, 701 Brickell Avenue, Suite 1700, Miami, FL, 33131	US
S1-100131	Radha Raman H&looms 133 Emporium	Unit #133, 104, Civil Lines, Near Bus Streetand - Jaipur	India
S1-100132	Ironclad Security Services #134 Inc	Unit #134, 500 West Madison Street, Chicago, IL, 60661	US
S1-100133	Frontier Energy Systems #135 Corporation	Unit #135, 100 Montgomery St, Suite 1500, San Francisco, CA, 94104	US
S1-100134	Apollo Hospitals #136 Enterprise Ltd	Unit #136, NH-8, Near Toll Plaza, Udyog Vihar Phase 4, Gurugram, Haryana, 122015	India
S1-100135	Maruti Suzuki #137 India Limited	Unit #137, 104, Civil Lines, Nr Bus Stand, Jaipur	India
S1-100136	Keystne Property Management #138 LLC	WA, 98101, Unit #138, 1301 Second Avenue, Ste 3000, Seattle	US
S1-100137	Olympic Mountain Sports #139 LLC	Unit #139, 701 Brickell Avenue, Suite 1700, Miami, FL, 33131	US
S1-100138	Olympic Mountain Sports #140 LLC	Unit #140, 1200 Smith Street, Suite 2200 - Houston - TX	US
S1-100139	Redwood Wealth Management #141 Group	Unit #141, 2000 Avenue of the Stars, Los Angeles, CA, 90067	US
S1-100140	Infosys Tech #142 Ltd	Unit #142, Opp. City Railway Station, M.G. Road - Pune - 411001	India
S1-100141	Acme Industrial Solutions #143 LLC	Unit #143, 500 West Madison Street, Chicago, IL, 60661	US
S1-100142	ICICI Securities #144 Private Limited	Unit #144, Nr Old High Court, Mall Rd, Shimla, Himachal Pradesh, 171001	India
S1-100143	Patel Brothers Provision #145 Bhandar	Unit #145, Nr Old High Court, Mall Road - Shimla - Himachal Pradesh - 171001	India
S1-100144	Keystone Property Management #146 LLC	Unit #146, 2500 Peachtree Rd NW, Atlanta, GA, 30305	US
S1-100145	Dabur India #147 Lmited	Unit #147, G-10, Ground Floor, Banjara Hills Road No 12, Hyderabad, Telangana, 560034	India
S1-100146	Pacific Coast BiLabs #148 Inc.	Unit #148, 111 Congress Ave, Suite 400, Austin	US
S1-100147	Gupta Book Depot #149 and Stationers	Unit #149, Behind Nexus Mall, Koramangala 5th Block, Bengaluru, Karnataka, 560095	India
S1-100148	magnolia bakery and cafe #150	Unit #150, 350 Fifth Ave, 54th Fl, NY	US
S1-100149	Golden Gate Capital #151 Holdings LLC	Unit #151, 500 West Madison Streetreet, Chicago, IL, 60661	US
S1-100150	Magnlia Bakery and Cafe #152	Unit #152, 1301 Second Avenue, Suite 3000, Seattle, WA, 98101	US
S1-100151	Sri Balaji Udyog #153 Pvt Ltd	Unit #153, 22, Park Street, 3rd Floor - Kolkata - West Bengal - 700016	India
S1-100152	Keystone Property Management #154 LLC	Unit #154, 350 Fifth Ave, 54th Floor, New York, NY, 10118	US
S1-100153	Acme Industrial Solns #155 LLC	Unit #155, 350 Fifth Ave, 54th Floor, New York, NY, 10118	US
S1-100154	Nexus Cloud Technologies #156 Corporation	Unit #156, 111 Congress Avenuenue, Suite 400, Austin, 78701	US
S1-100155	Frontier Energy Systems #157 Corporation	Unit #157, 100 Federal Street, 28th Floor, Boston, MA, 02110	US
S1-100156	Beacon Financial Group #158 Corp	Unit #158, 701 Brickell Avenue, Ste 1700, Miami, FL, 33131	US
S1-100157	Keystone Property Management #159 LLC	Unit #159, 1200 Smith Street, Suite 2200, Houston, TX, 77002	US
S1-100158	Juniper Ridge Construction #160 Company	Unit #160, 111 Congress Avenue, Suite 400, Austin, TX, 78701	US
S1-100159	Royal Enfield Service #161 Centre	Unit #161, Shop 15, Sector 18 Market, Noida, Uttar Pradesh, 201301	India
S1-100160	Bharti Airtel #162 Ent.	Bengaluru, 560095, Unit #162, Bhnd Nexus Mall, Koramangala 5th Block	India
S1-100161	Pacific Coast BioLabs #163 Inc.	Unit #163, 500 West Madison Street - Chicago - IL - 60661	US
S1-100162	Swastik Auto Spares #164 Works	Unit #164, G-10, Ground Floor, Banjara Hills Road No 12, Hyderabad, Telangana, 560034	India
S1-100163	Bharti Airtel #165 Enterprises	Kolkata, 700016, Unit #165, 22, Park St, 3rd Floor	India
S1-100164	magnolia bakery & cafe #166	98101 - Unit #166, 1301 Second Avenue, Suite 3000 - WA	US
S1-100165	quantum leap robotics #167 llc	Unit #167, 100 Federal Street, 28th Floor, Boston, MA, 02110	US
S1-100166	Redwood Wealth Management #168 Group	Unit #168, 701 Brickell Avenue, Suite 1700, Miami, FL, 33131	US
S1-100167	Reliance Retail #169 Pvt Ltd	Unit #169, 22, Park Street, 3rd Floor, Kolkata, West Bengal, 700016	India
S1-100168	Beacon Financial Group #170 Corp	Unit #170, 500 West Madison Street, Chicago, IL, 60661	US
S1-100169	Larsen & Toubro #171 Infotech Ltd	Unit #171, 22, Park Street, 3rd Floor, Kolkata, West Bengal, 700016	India
S1-100170	Godrej Consumer Products #172 Ltd	Unit #172, Door No 8-2-293, Jubilee Hills, Hyderabad, 500033	India
S1-100171	Maruti Suzuki #173 India Limited	Unit #173, Shop 15, Sector 18 Market, Noida, Uttar Pradesh, 201301	India
S1-100172	Sri Ganesh Kirana #174 Store	560034, Unit #174, G-10, Ground Flooroor, Banjara Hills Rd No 12, Hyderabad, Telangana	India
S1-100173	Golden Gate Capital #175 Holdings LLC	Unit #175, 1301 Second Avenue, Suite 3000, Seattle, WA, 98101	US
S1-100174	Quantum Leap Robotics #176 LLC	Unit #176, 2000 Ave of the Stars - Los Angeles - CA	US
S1-100175	Delta Healthcare Partners #177 P.C.	Unit #177, 1200 Smith Street, Suite 2200, Houston, TX, 77002	US
S1-100176	quantum leap robotics #178 llc	Unit #178, 500 West Madison Street, Chicago, IL, 60661	US
S1-100177	Sun Pharmaceutical #179 Industries Ltd	Unit #179, 45-B, Anna Salai, Mount Road, Chennai	India
S1-100178	Ironclad Security Services #180 Inc	Unit #180, 500 West Madison Streetreet, Chicago, IL	US
S1-100179	Liberty Auto Body #181 & Repair	Unit #181, 100 Montgomery St, Suite 1500, San Francisco, CA, 94104	US
S1-100180	Apex Diagnostic Centre #182 & Path Lab	Unit #182, Behind Nexus Mall, Koramangala 5th Block, Bengaluru, Karnataka, 560095	India
S1-100181	Juniper Ridge Construction #183 Co.	Unit #183, 100 Montgomery St, Suite 1500, San Francisco, 94104	US
S1-100182	Frontier Energy Systems #184 Corporation	Unit #184, 2500 Peachtree Rd NW, Atlanta, GA, 30305	US
S1-100183	asian paits #185 colour solutions	Unit #185, Behind Nexus Mall, Koramangala 5th Block, Bengaluru, Karnataka, 560095	India
S1-100184	HDFC Bank #186 Ltd	Unit #186, Plot 42, Electronic City Phase 1 - Bengaluru - Karnataka - 560100	India
S1-100185	Krishna Medical #187 and General Stores	Unit #187, Shop 15, Sector 18 Market, Noida, Uttar Pradesh, 201301	India
S1-100186	Magnolia Bakery and Cafe #188	Unit #188, 100 Federal St, 28th Fl, 02110	US
S1-100187	Sri Ganesh Kirana #189 Store	Unit #189, 22, Park Street, 3rd Floor, Kolkata, West Bengal, 700016	India
S1-100188	Liberty Auto Body #190 & Repair	Unit #190, 111 Congress Avenue, Suite 400, Austin, TX, 78701	US
S1-100189	Shree Balaji Udyog #191 Private Limited	Unit #191, 45-B, Anna Salai, Mount Road, Chennai, Tamil Nadu, 600002	India
S1-100190	ICICI Securities #192 Private Limited	Unit #192, 12/A, Nariman Point, Express Towers, Mumbai, Maharashtra, 400021	India
S1-100191	Maruti Suzuki #193 India Limited	Unit #193, Chowk Bazaar, Near Ghanta Ghar, Surat, Gujarat, 395003	India
S1-100192	Pacific Coast BioLabs #194 Inc.	Unit #194, 350 Fifth Ave, 54th Floor, New York, NY, 10118	US
S1-100193	Acme Industrial Solns #195 LLC	Unit #195, 1301 Second Avenue, Suite 3000, Seattle, WA, 98101	US
S1-100194	Godrej Consumer Products #196 Ltd	Unit #196, 45-B, Anna Salai, Mount Road, Chennai, Tamil Nadu, 600002	India
S1-100195	HDFC Bank #197 Ltd	Unit #197, Chowk Bazaar, Near Ghanta Ghar, Surat, Gujarat, 395003	India
S1-100196	Godrej Consumer Products #198 Ltd	Unit #198, 104, Civil Lines, Near Bus Stand, Jaipur, Rajasthan, 302006	India
S1-100197	Sun Pharmaceutical #199 Industries Ltd	Unit #199, Shop 15, Sectortor 18 Market, Noida, Uttar Pradesh	India
S1-100198	Nexus Cloud Technologies #200 Corporation	Unit #200, 2500 Peachtree Rd NW, Atlanta, GA, 30305	US
S1-100199	Om Sai Digital Printing #201 Services	Unit #201, Nr Old High Court, Mall Road, Shimla, 171001	India
S1-100200	Quantum Leap Robotics #202 LLC	Unit #202, 2000 Avenue of the Stars, Los Angeles, CA, 90067	US
S1-100201	Sri Laxmi Textiles #203 and Sarees	Unit #203, 104, Civil Lines, Near Bus Stand, Jaipur, Rajasthan, 302006	India
S1-100202	Radha Raman Handlooms #204 Emporium	Gujarat, Surat, 395003, Unit #204, Chowk Bazaar, Nr Ghanta Ghar	India
S1-100203	Sharma Sweet House #205 & Restaurant	Unit #205, Near Old High Court, Mall Road, Shimla, Himachal Pradesh, 171001	India
S1-100204	Apollo Hospitals #206 Enterprise Ltd	Unit #206, Shop 8, New Market Area, Bhopal, Madhya Pradesh, 462001	India
S1-100205	Pacific Coast BioLabs #207 Inc.	Unit #207, 350 Fifth Ave, 54th Flooroor, New York, NY, 10118	US
S1-100206	Frontier Energy Systems #208 Corp.	Unit #208, 2500 Peachtree Rd NW, Atlanta, GA, 30305	US
S1-100207	Asian Paints #209 Colour Solutions	Unit #209, Opposite City Railway Station, M.G. Rd - Pune	India
S1-100208	Shree Balaji Udyog #210 Pvt Ltd	Unit #210, Near Old High Court, Mall Road - Shimla - 171001	India
S1-100209	ICICI Securities #211 Private Limited	Unit #211, G-10, Ground Flooroor, Banjara Hills Rd No 12 - Hyderabad	India
S1-100210	IRONCLAD SECURITY SERVICES #212 INC	Unit #212, 100 Montgomery St, Suite 1500, San Francisco	US
S1-100211	Shree Ganesh Kirana #213 Store	Maharashtra, Unit #213, Opp. City Railway Streetation, M.G. Road, 411001	India
S1-100212	Bajaj Auto #214 Holdings Ltd	Unit #214, Shop 8, New Market Area, Bhopal, Madhya Pradesh, 462001	India
S1-100213	Nexus Cloud Technologies #215 Corporation	Unit #215, 111 Congress Avenue, Suite 400, Austin, TX, 78701	US
S1-100214	OM SAI DIGITAL PRINTING #216 SERV.	Unit #216, 104, Civil Lines, Near Bus Stand, Jaipur, Rajasthan, 302006	India
S1-100215	State Bank of India #217	Unit #217, 12/A, Nariman Point, Express Towers, Mumbai, Maharashtra, 400021	India
S1-100216	Frontier Energy Systems #218 Corp.	Unit #218, 1200 Smith Street, Suite 2200 - Houston - TX - 77002	US
S1-100217	APEX GLOBAL LOISTICS #219 INC.	CA, 94104, Unit #219, 100 Montgomery St, Suite 1500, San Francisco	US
S1-100218	Venkateshwara Hardware #220 & Elctricals	Unit #220, 45-B, Anna Salai, Mount Road, Chennai, Tamil Nadu, 600002	India
S1-100219	ambika jewellers#221 pvt. ltd.	Unit #221, NH-8, Near Toll Plaza, Udyog Vihar Phase 4, Gurugram, Haryana, 122015	India
S1-100220	Ironclad Security Services #222 Inc	Unit #222, 500 West Madison Street, Chicago, IL, 60661	US
S1-100221	Acme Industrial Solns #223 LLC	Unit #223, 500 West Madison St, Chicago, 60661	US
S1-100222	Delta Healthcare Partners #224 P.C.	Unit #224, 2500 Peachtree Rd NW, Atlanta, 30305	US
S1-100223	nexus cloud technologies #225 corporation	Unit #225, 100 Federal Street, 28th Fl, Boston, MA	US
S1-100224	Keystoe Property Management #226 LLC	Unit #226, 1200 Smith Street, Suite 2200, Houston, TX, 77002	US
S1-100225	Evergreen Valley Dental #227 Associates	Unit #227, 350 Fifth Avenue, 54th Flooroor, New York, NY, 10118	US
S1-100226	sun pharmaceutical #228 indutries ltd	Unit #228, 104, Civil Lines, Near Bus Stand, Jaipur, Rajasthan, 302006	India
S1-100227	HDFC Bank #229 Ltd	Unit #229, Chowk Bazaar, Near Ghanta Ghar, Surat, Gujarat, 395003	India
S1-100228	Infosys Technologies #230 Ltd	Chennai, Unit #230, 45-B, Anna Salai, Mount Road, Tamil Nadu, 600002	India
S1-100229	Delta Healthcare Partners #231 P.C.	Unit #231, 2500 Peachtree Rd NW, Atlanta, GA, 30305	US
S1-100230	Tata Consultancy Services #232 Limited	Unit #232, G-10, Ground Floor, Banjara Hills Road No 12, Hyderabad, Telangana, 560034	India
S1-100231	Sri Laxmi Textiles #233 & Sarees	Unit #233, 22, Park Street, 3rd Floor, Kolkata, West Bengal, 700016	India
S1-100232	Swastik Auto Spares #234 Works	Unit #234, Shop 8, New Market Area, Bhopal, Madhya Pradesh, 462001	India
S1-100233	Mahindra & Mahindra #235 Financial Services	Unit #235, 104, Civil Lines, Near Bus Stand, Jaipur, Rajasthan, 302006	India
S1-100234	Dabur India #236 Ltd.	Unit #236, Shop 8, New Market Area, Bhopal	India
S1-100235	Shree Balaji Udyog #237 Private Limited	Unit #237, Near SBI ATM, Gali No 4, Karol Bagh, New Delhi, Delhi, 110005	India
S1-100236	Apex Diagnostic Centre #238 and Path Lab	Unit #238, Chowk Bazaar, Nr Ghanta Ghar, Surat, Gujarat	India
S1-100237	Pacific Coast BioLabs #239 Inc.	Unit #239, 100 Montgomery St, Suite 1500, San Francisco, CA, 94104	US
S1-100238	Bajaj Auto #240 Holdings Ltd	Unit #240, Door No 8-2-293, Jubilee Hills, Hyderabad, Telangana, 500033	India
S1-100239	Venkateshwara Hardware #241 and Electricals	Unit #241, G-10, Ground Floor, Banjara Hills Road No 12, Hyderabad, Telangana	India
S1-100240	Pacific Coast BioLabs #242 Inc.	Unit #242, 100 Montgomery St, Suite 1500, San Francisco, CA, 94104	US
S1-100241	Ironclad Security Serv. #243 Inc	Unit #243, 2000 Avenue of the Stars, Los Angeles, CA, 90067	US
S1-100242	wipro consumer care #244 & lighting	Unit #244, Chowk Bazaar, Near Ghanta Ghar, Surat, Gujarat	India
S1-100243	Hindustan Unilever #245 Trading Co	Unit #245, Shop 15, Sector 18 Market, Noida, Uttar Pradesh, 201301	India
S1-100244	Quantum Leap Robotics #246 LLC	Unit #246, 350 Fifth Ave, 54th Fl, New York, 10118	US
S1-100245	Titan Company #247 Ent.	Unit #247, NH-8, Near Toll Plaza, Udyog Vihar Phase 4, Gurugram, Haryana, 122015	India
S1-100246	TATA CONSULTANCY SERVICES #248 LTD.	Unit #248, NH-8, Near Toll Plaza, Udyog Vihar Phase 4, Gurugram, Haryana, 122015	India
S1-100247	Asian Paints #249 Colour Solns	Unit #249, Behind Nexus Mall, Koramangala 5th Block, Bengaluru, Karnataka, 560095	India
S1-100248	Juniper Ridge Construction #250 Company	Unit #250, 2000 Avenue of the Stars, Los Angeles, CA, 90067	US
S1-100249	Apex Global Logistics #251 Inc.	Unit #251, 350 Fifth Ave, 54th Floor, New York, NY, 10118	US
S1-100250	Dabur India #252 Limited	Unit #252, Chowk Bazaar, Near Ghanta Ghar, Surat, Gujarat, 395003	India
S1-100251	Olympic Mountain Sports #253 LLC	Unit #253, 701 Brickell Avenuenue, Suite 1700, Miami, FL, 33131	US
S1-100252	Keystone Property Management #254 LLC	Unit #254, 2000 Ave of the Stars, Los Angeles, CA, 90067	US
S1-100253	Radha Raman Handlooms #255 Emporium	Unit #255, Opp. City Railway Station, M.G. Rd, 411001, Pune	India
S1-100254	krishna medical #256 & general stores	Unit #256, G-10, Ground Floor, Banjara Hills Road No 12, Hyderabad, Telangana, 560034	India
S1-100255	Acme Industrial Solns #257 LLC	Unit #257, 701 Brickell Ave, Ste 1700	US
S1-100256	Royal Enfield Service #258 Centre	Bengaluru - Unit #258, Behind Nexus Mall, Koramangala 5th Block - Karnataka - 560095	India
S1-100257	Asian Paints #259 Colour Solutions	Unit #259, Opp. City Railway Station, M.G. Road, 411001, Pune	India
S1-100258	Evergreen Valley Dental #260 Associates	Unit #260, 100 Montgomery Street, Suite 1500, San Francisco, CA, 94104	US
S1-100259	Shree Ganesh Kirana #261 Store	Unit #261, NH-8, Near Toll Plaza, Udyog Vihar Phase 4, Gurugram, Haryana, 122015	India
S1-100260	Magnolia Bakery and Cafe #262	Unit #262, 100 Montgomery St, Suite 1500, San Francisco, CA, 94104	US
S1-100261	Pacific Coast BioLabs #263 Inc.	Unit #263, 500 West Madison Street, Chicago, IL, 60661	US
S1-100262	Apex Global Logistcs #264 Inc.	Unit #264, 111 Congress Ave, Ste 400, Austin, TX	US
S1-100263	Golden Gate Capital #265 Holdings LLC	Unit #265, 500 West Madison Street, Chicago, IL, 60661	US
S1-100264	Sri Laxmi Textiles #266 and Sarees	Unit #266, Shop 8, New Market Area, Bhopal, Madhya Pradesh, 462001	India
S1-100265	Delta Healthcare Partners #267 P.C.	Unit #267, 2500 Peachtree Rd NW, Atlanta	US
S1-100266	Om Sai Digital Printing #268 Services	Unit #268, Near Old High Court, Mall Road, Shimla, Himachal Pradesh, 171001	India
S1-100267	Sharma Sweet House #269 & Restaurant	Unit #269, Near SBI ATM, Gali No 4, Karol Bagh, New Delhi, Delhi, 110005	India
S1-100268	Radha Raman Handlooms #270 Emporium	Unit #270, 45-B, Anna Salai, Mount Road, Chennai, Tamil Nadu, 600002	India
S1-100269	Sri Laxmi Textiles #271 and Sarees	Unit #271, Near Old High Court, Mall Road, Shimla, Himachal Pradesh, 171001	India
S1-100270	Ironclad Security Serv. #272 Inc	60661, IL, Unit #272, 500 West Madison Streetreet, Chicago	US
S1-100271	Acme Industrial Solutions #273 LLC	Unit #273, 1301 Second Avenuenue, Ste 3000, Seattle	US
S1-100272	Redwood Wealth Management #274 Group	Unit #274, 2000 Avenue of the Stars, Los Angeles, CA, 90067	US
S1-100273	Apollo Hospitals #275 Enterprise Ltd	Unit #275, Near SBI ATM, Gali No 4, Karol Bagh, New Delhi, Delhi, 110005	India
S1-100274	Magnolia Bakery and Cafe #276	Unit #276, 100 Federal Street, 28th Floor, Boston, MA, 02110	US
S1-100275	Gupta Book Depot #277 & Stationers	Unit #277, Door No 8-2-293, Jubilee Hills, Hyderabad, Telangana, 500033	India
S1-100276	evergreen valley dental #278 associates	Unit #278, 2000 Ave of the Stars - Los Angeles - CA - 90067	US
S1-100277	Titan Company #279 Enterprises	Unit #279, 12/A, Nariman Point, Express Towers, Mumbai, Maharashtra, 400021	India
S1-100278	Tata Consultancy Services #280 Limited	Unit #280, Shop 8, New Market Area, Bhopal, Madhya Pradesh, 462001	India
S1-100279	Liberty Auto Body #281 and Repair	Unit #281, 100 Montgomery St, Suite 1500, San Francisco, CA, 94104	US
S1-100280	Gupta Book Depot #282 and Stationers	Unit #282, Near SBI ATM, Gali No 4, Karol Bagh, New Delhi, Delhi, 110005	India
S1-100281	Keystone Property Management #283 LLC	Unit #283, 100 Montgomery St, Suite 1500, San Francisco, CA, 94104	US
S1-100282	Apex Global Logistics #284 Inc.	Unit #284, 1301 Second Avenue, Suite 3000, Seattle, WA, 98101	US
S1-100283	Delta Healthcare Partners #25 P.C.	Unit #285, 1301 Second Avenue, Suite 3000, Seattle, WA, 98101	US
S1-100284	Summit View Veterinary #286 Hospital	Unit #286, 2000 Avenue of the Stars, 90067, Los Angeles	US
S1-100285	TITAN COMPANY #287 ENTERPRISES	Unit #287, Shop 8, New Market Area, Bhopal, Madhya Pradesh	India
S1-100286	Dabur India #288 Limited	Unit #288, 22, Park St, 3rd Floor, Kolkata, 700016	India
S1-100287	Kailash Parbat Pure Veg #289 Resturant	Unit #289, Near SBI ATM, Gali No 4, Karol Bagh, New Delhi, Delhi, 110005	India
S1-100288	Apex Global Logistics #290 Inc.	Unit #290, 1301 Second Avenue, Suite 3000, Seattle, WA, 98101	US
S1-100289	Adani Enterprises #291 Ltd	Unit #291, 22, Park Street, 3rd Fl, Kolkata, 700016	India
S1-100290	Quantum Leap Robotics #292 LLC	Unit #292, 350 Fifth Ave, 54th Floor, New York, NY, 10118	US
S1-100291	Redwood Wealth Management #293 Group	Unit #293, 111 Congress Ave, Ste 400 - Austin - 78701	US
S1-100292	Dabur India #294 Limited	West Bengal - Unit #294, 22, Park Street, 3rd Flooroor	India
S1-100293	Redwood Wealth Management #295 Group	Unit #295, 350 Fifth Ave, 54th Floor, New York, NY, 10118	US
S1-100294	keystone property management #296 llc	Unit #296, 1200 Smith St, Suite 2200, Houston, TX, 77002	US
S1-100295	HDFC Bank #297 Ltd	Unit #297, Chowk Bazaar, Near Ghanta Ghar, Surat, Gujarat, 395003	India
S1-100296	frontier energy systems #298 corporation	Unit #298, 350 Fifth Ave, 54th Floor, New York, NY, 10118	US
S1-100297	Frontier Energy Systems #299Corporation	Unit #299, 100 Montgomery St, Suite 1500, San Francisco, CA, 94104	US
S1-100298	QUANTUM LEAP ROBOTIS #300 LLC	Unit #300, 111 Congress Avenue, Suite 400, Austin, TX, 78701	US
S1-100299	Juniper Ridge Construction #301 Co.	Unit #301, 500 West Madison Street, Chicago, IL, 60661	US
S1-100300	State Bank of India #302	Unit #302, Chowk Bazaar, Near Ghanta Ghar, Surat, Gujarat, 395003	India
S1-100301	Kailash Parbat Pure Veg #303 Restaurant	Unit #303, Opp. City Railway Streetation, M.G. Rd, Pune, Maharashtra	India
S1-100302	Sumit View Veterinary #304 Hospital	Unit #304, 500 West Madison St, Chicago	US
S1-100303	Sharma Sweet House #305 & Restaurant	Unit #305, Plot 42, Electronic City Phase 1, Bengaluru, Karnataka, 560100	India
S1-100304	Summit View Veterinary #306 Hospital	Unit #306, 100 Federal Street, 28th Floor, Boston, MA, 02110	US
S1-100305	Frontier Energy Systems #307 Corporation	Unit #307, 350 Fifth Ave, 54th Floor, New York, NY, 10118	US
S1-100306	Redwoo Wealth Management #308 Group	Unit #308, 2000 Ave of the Stars, Los Angeles, CA, 90067	US
S1-100307	Adani Ent. #309 Ltd	Unit #309, NH-8, Near Toll Plaza, Udyog Vihar Phase 4 - Gurugram - Haryana	India
S1-100308	Godrej Consumer Products #310 Ltd	Unit #310, 45-B, Anna Salai, Mount Rd - Tamil Nadu - Chennai	India
S1-100309	Ambika Jewellers #311 Pvt. Ltd.	Unit #311, 12/A, Nariman Point, Express Towers, Mumbai, Maharashtra, 400021	India
S1-100310	Sri Laxmi Textiles #312 & Sarees	Unit #312, Near Old High Court, Mall Road, Shimla, Himachal Pradesh	India
S1-100311	HDFC Bank #313 Ltd	Unit #313, Shop 8, New Market Area, Bhopal, Madhya Pradesh, 462001	India
S1-100312	juniper ridge construction #314 company	Unit #314, 111 Congress Ave, Suite 400, 78701	US
S1-100313	Pacific Coast BioLabs #315 Inc.	Unit #315, 350 Fifth Ave, 54th Floor, New York, NY, 10118	US
S1-100314	Sun Pharmaceutical #316 Industries Ltd	Unit #316, Nr Old High Court, Mall Road	India
S1-100315	Cascade Software Labs #317 Technologies	Unit #317, 2000 Avenue of the Stars, Los Angeles, CA, 90067	US
S1-100316	titan company #318 enterprises	Unit #318, 22, Park Street, 3rd Floor, Kolkata, West Bengal, 700016	India
S1-100317	Dabur India #319 Limited	Unit #319, 104, Civil Lines, Near Bus Stand, Jaipur, Rajasthan, 302006	India
S1-100318	Godrej Consumer Products #320 Ltd	Unit #320, 104, Civil Lines, Near Bus Stand, Jaipur, Rajasthan, 302006	India
S1-100319	Sun Pharmaceutical #321 Industries Ltd	Unit #321, Plot 42, Electronic City Phase 1, Bengaluru, Karnataka, 560100	India
S1-100320	Kailash Parbat Pure Veg #322 Restaurant	Unit #322, 104, Civil Lines, Nr Bus Streetand, Jaipur, Rajasthan, 302006	India
S1-100321	Reliance Retail #323 Private Limited	Unit #323, NH-8, Nr Toll Plaza, Udyog Vihar Ph 4, Gurugram, 122015	India
S1-100322	Sharma Sweet House #324 & Restaurant	Unit #324, Door No 8-2-293, Jubilee Hills, Hyderabad, Telangana, 500033	India
S1-100323	Liberty Auto Body #325 & Repair	Unit #325, 2500 Peachtree Rd NW, Atlanta, GA, 30305	US
S1-100324	Keystone Property Management #326 LLC	Unit #326, 2000 Ave of the Stars, CA	US
S1-100325	Tata Consultancy Services #327 Limited	Unit #327, 104, Civil Lines, Near Bus Stand, Jaipur	India
S1-100326	Reliance Retail #328 Pvt Ltd	Unit #328, 45-B, Anna Salai, Mount Rd, Chennai, 600002	India
S1-100327	Acme Industrial Solutions #329 LLC	Unit #329, 701 Brickell Avenue, Suite 1700, Miami, 33131	US
S1-100328	Golden Gate Capital #330 Holdings LLC	Unit #330, 1200 Smith Street, Suite 2200, Houston, TX, 77002	US
S1-100329	Cascade Software Labs #331 Tech	Unit #331, 2000 Avenue of the Stars, Los Angeles, CA, 90067	US
S1-100330	Apex DiagnosticCentre #332 & Path Lab	Unit #332, Behind Nexus Mall, Koramangala 5th Block, Bengaluru, Karnataka, 560095	India
S1-100331	Apollo Hospitals #333 Enterprise Ltd	Unit #333, NH-8, Near Toll Plaza, Udyog Vihar Phase 4, Gurugram, Haryana, 122015	India
S1-100332	Patel Brothers Provision #334 Bh&ar	Unit #334, 22, Park Street, 3rd Floor, Kolkata, West Bengal, 700016	India
S1-100333	Sun Pharmaceutical #335 Industries Ltd	Unit #335, Shop 8, New Market Area, Bhopal, Madhya Pradesh, 462001	India
S1-100334	Redwood Wealth Management #336 Group	Unit #336, 100 Federal St, 28th Fl, Boston, 02110	US
S1-100335	Redwood Wealh Management #337 Group	TX, Unit #337, 111 Congress Ave, Suite 400, 78701	US
S1-100336	Larsen & Toubro #338 Infotech Ltd	Unit #338, Near SBI ATM, Gali No 4, Karol Bagh, New Delhi, Delhi, 110005	India
S1-100337	Nexus Cloud Technologies #339 Corp.	Unit #339, 2000 Avenue of the Stars, Los Angeles, CA, 90067	US
S1-100338	Maruti Suzuki #340 India Limited	Tamil Nadu - 600002 - Unit #340, 45-B, Anna Salai, Mount Rd - Chennai	India
S1-100339	dabr india #341 ltd.	Unit #341, 12/A, Nariman Point, Express Towers, Mumbai, Maharashtra, 400021	India
S1-100340	Golden Gate Capital #342 Holdings LLC	Unit #342, 100 Federal Street, 28th Floor, Boston, MA, 02110	US
S1-100341	Kailash Parbat Pure Veg #343 Restaurant	Unit #343, Shop 8, New Market Area, Bhopal, Madhya Pradesh, 462001	India
S1-100342	Godrej Consumer Products #344 Ltd	Pune, Maharashtra, Unit #344, Opp. City Railway Station, M.G. Rd	India
S1-100343	Pacific Coast BioLabs #345 Inc.	Unit #345, 2500 Peachtree Rd NW, Atlanta, GA, 30305	US
S1-100344	Larsen and Toubro #346 Inftech Ltd	Unit #346, Opposite City Railway Station, M.G. Road, Pune, Maharashtra, 411001	India
S1-100345	Patel Brothers Provision #347 Bhandar	171001, Shimla, Unit #347, Nr Old High Court, Mall Rd	India
S1-100346	Apex Diagnostic Cenre #348 & Path Lab	Unit #348, Plot 42, Electronic City Phase 1, Bengaluru, Karnataka, 560100	India
S1-100347	Dabur India #349Ltd.	Unit #349, Plot 42, Electronic City Ph 1, Bengaluru, Karnataka	India
S1-100348	State Bank of India #350	Unit #350, 45-B, Anna Salai, Mount Road, Chennai, Tamil Nadu, 600002	India
S1-100349	maruti suzuki #351 india ltd.	Unit #351, G-10, Ground Floor, Banjara Hills Road No 12, Hyderabad, Telangana, 560034	India
S1-100350	Frontier Energy Systems #352 Corporation	Unit #352, 1301 Second Avenue, Suite 3000, Seattle, WA, 98101	US
S1-100351	Olympic Mountain Sports #353 LLC	Unit #353, 1301 Second Avenue, Suite 3000, Seattle, WA, 98101	US
S1-100352	Adani Enterprises #354 Ltd	Unit #354, Opposite City Railway Station, M.G. Road, Pune, Maharashtra, 411001	India
S1-100353	Acme Industrial Solutions #355 LLC	Unit #355, 701 Brickell Ave, Suite 1700, Miami, FL, 33131	US
S1-100354	Godrej Consumer Products #356 Ltd	Unit #356, Shop 8, New Market Area, Bhopal, Madhya Pradesh, 462001	India
S1-100355	Liberty Auto Body #357 & Repair	Unit #357, 350 Fifth Ave, 54th Floor, New York, NY, 10118	US
S1-100356	dabur indi #358 limited	Unit #358, Plot 42, Electronic City Phase 1, Bengaluru, Karnataka, 560100	India
S1-100357	Beacon Financial Group #359 Corp	Unit #359, 100 Montgomery St, Suite 1500, San Francisco, CA, 94104	US
S1-100358	Bharti Airtel #360 Enterprises	Unit #360, 45-B, Anna Salai, Mount Road, Chennai, Tamil Nadu, 600002	India
S1-100359	Hindustan Unilever #361 Trading Co	Unit #361, Near SBI ATM, Gali No 4, Karol Bagh, New Delhi	India
S1-100360	Golden Gate Capital #362 Holdings LLC	Unit #362, 701 Brickell Avenue, Suite 1700, Miami, FL, 33131	US
S1-100361	Magnolia Bakery and Cafe #363	Unit #363, 1200 Smith Street, Suite 2200, Houston, TX, 77002	US
S1-100362	Bharti Airtel #364 Enterprises	Unit #364, 45-B, Anna Salai, Mount Rd - Tamil Nadu - 600002	India
S1-100363	ICICI Securities #365 Private Limited	Unit #365, Shop 15, Sector 18 Market, Noida, Uttar Pradesh, 201301	India
S1-100364	Horizon Media Group #366 Enterprises	Unit #366, 2500 Peachtree Rd NW, Atlanta, GA, 30305	US
S1-100365	Juniper Ridge Construction #367 Co.	San Francisco, Unit #367, 100 Montgomery Street, Ste 1500	US
S1-100366	Infosys Tech #368 Ltd	Unit #368, 104, Civil Lines, Near Bus Stand, Jaipur, Rajasthan, 302006	India
S1-100367	Kailash Parbat Pure Veg #369 Restaurant	Unit #369, 22, Park Street, 3rd Floor, Kolkata, West Bengal, 700016	India
S1-100368	Sharma Sweet House #370 and Restaurant	Unit #370, 104, Civil Lines, Near Bus Stand, Jaipur, Rajasthan, 302006	India
S1-100369	MARUTI SUZUKI #371 INDIA LIMITED	Unit #371, 22, Park Street, 3rd Floor, Kolkata, West Bengal, 700016	India
S1-100370	Gupta Book Depot #372 and Stationers	Unit #372, Door No 8-2-293, Jubilee Hills, Hyderabad, Telangana, 500033	India
S1-100371	Olympic Mountain Sports #373 LLC	Unit #373, 350 Fifth Avenue, 54th Fl, 10118, New York, NY	US
S1-100372	Shree Balaji Udyog #374 Private Limited	Hyderabad, Unit #374, G-10, Ground Floor, Banjara Hills Rd No 12, Telangana	India
S1-100373	Reliance Retail #375 Pvt Ltd	Unit #375, G-10, Ground Flooroor, Banjara Hills Road No 12, Hyderabad, 560034	India
S1-100374	Apex Diagnostic Centre #376 & Path Lab	Unit #376, Door No 8-2-293, Jubilee Hills, Hyderabad, Telangana, 500033	India
S1-100375	infosys technologies #377 ltd	Unit #377, Door No 8-2-293, Jubilee Hills, Hyderabad, Telangana, 500033	India
S1-100376	Magnolia Bakery and Cafe #378	Unit #378, 100 Montgomery St, Suite 1500, San Francisco, CA, 94104	US
S1-100377	Mahindra & Mahindra #379 Financial Services	Unit #379, Shop 8, New Market Area, Bhopal, Madhya Pradesh, 462001	India
S1-100378	Ironclad Security Services #380 Inc	Unit #380, 1200 Smith Street, Ste 2200, Houston, TX, 77002	US
S1-100379	Summit View Veterinary #381 Hospital	Unit #381, 100 Montgomery St, Ste 1500 - San Francisco - CA - 94104	US
S1-100380	Om Sai Digital Printing #382 Services	Unit #382, Near Old High Court, Mall Rd, Shimla, 171001	India
S1-100381	PACIFIC COAST BIOLABS #383 INC.	Unit #383, 701 Brickell Avenue, Suite 1700, Miami, FL, 33131	US
S1-100382	MAGNOLIA BAKERY AND CAFE #384	Unit #384, 100 Federal Street, 28th Floor, Boston, MA, 02110	US
S1-100383	Liberty Auto Body #385 & Repair	Unit #385, 100 Montgomery St, Ste 1500, San Francisco, CA	US
S1-100384	Apex Global Logistics #386 Inc.	Unit #386, 500 West Madison Street, Chicago, IL, 60661	US
S1-100385	MARUTI SUZUKI #387 INDIA LTD.	Unit #387, Behind Nexus Mall, Koramangala 5th Block, Bengaluru, Karnataka, 560095	India
S1-100386	Apollo Hospitals #388 Enterprise Ltd	Unit #388, Shop 8, New Market Area, Bhopal, Madhya Pradesh, 462001	India
S1-100387	ShreeGanesh Kirana #389 Store	Unit #389, 22, Park Street, 3rd Floor, Kolkata, West Bengal, 700016	India
S1-100388	Gupta Book Depot #390 and Stationers	Unit #390, Near Old High Court, Mall Road, Shimla, Himachal Pradesh, 171001	India
S1-100389	State Bank of India #391	Unit #391, Door No 8-2-293, Jubilee Hills, Hyderabad, Telangana, 500033	India
S1-100390	Reliance Retail #392 Pvt Ltd	Mumbai, Maharashtra, 400021, Unit #392, 12/A, Nariman Point, Express Towers	India
S1-100391	Wipro Consumer Care #393 and Lighting	Unit #393, 22, Park Street, 3rd Floor, Kolkata, West Bengal, 700016	India
S1-100392	Juniper Ridge Construction #394 Co.	Unit #394, 111 Congress Ave, Ste 400, Austin, 78701	US
S1-100393	Magnolia Bakery and Cafe #395	Unit #395, 701 Brickell Avenue, Suite 1700, Miami, FL, 33131	US
S1-100394	Keystone Property Management #396 LLC	Unit #396, 500 West Madison Street, Chicago, IL, 60661	US
S1-100395	Asian Paints #397 Colour Solutions	Unit #397, 22, Park Street, 3rd Floor, Kolkata, West Bengal, 700016	India
S1-100396	Horizon Media Group #398 Ent.	Unit #398, 500 West Madison Street, Chicago, IL, 60661	US
S1-100397	Adani Enterprises #399 Ltd	Gujarat, 395003, Surat, Unit #399, Chowk Bazaar, Nr Ghanta Ghar	India
S1-100398	State Bank of India #400	Unit #400, 12/A, Nariman Point, Express Towers, Mumbai, Maharashtra, 400021	India
S1-100399	Mahindra & Mahindra #401 Financial Services	Unit #401, G-10, Ground Flooroor, Banjara Hills Rd No 12, Hyderabad, 560034	India
S1-100400	Larsen and Toubro #402 Infotech Ltd	Unit #402, 104, Civil Lines, Near Bus Streetand - Jaipur - Rajasthan - 302006	India
S1-100401	REDWOOD WEALTH MANAGEMENT #403 GROUP	Unit #403, 1301 Sectorond Avenue, Ste 3000, Seattle, 98101	US
S1-100402	Wipro Consumer Care #404 and Lighting	Unit #404, 45-B, Anna Salai, Mount Road, Chennai, Tamil Nadu, 600002	India
S1-100403	Quantum Leap Robotics #405 LLC	Unit #405, 2000 Ave of the Stars, Los Angeles	US
S1-100404	tata consultany services #406 ltd.	Unit #406, Plot 42, Electronic City Phase 1 - 560100	India
S1-100405	Kailash Parbat Pure Veg #407 Restaurant	Unit #407, Shop 15, Sector 18 Market, Noida, Uttar Pradesh, 201301	India
S1-100406	Sun Pharmaceutical #408 Industries Ltd	Unit #408, Chowk Bazaar, Nr Ghanta Ghar, Surat, Gujarat, 395003	India
S1-100407	Adani Enterprises #409 Ltd	Unit #409, G-10, Ground Fl, Banjara Hills Rd No 12, Hyderabad, 560034	India
S1-100408	Adani Enterprises #410 Ltd	Unit #410, NH-8, Nr Toll Plaza, Udyog Vihar Phasease 4, Gurugram, 122015	India
S1-100409	Horizon Media Group #411 Enterprises	Unit #411, 2500 Peachtree Rd NW, Atlanta, GA, 30305	US
S1-100410	Hindustan Unilever #412 Trading Co	Unit #412, 12/A, Nariman Point, Express Towers, Mumbai	India
S1-100411	Venkateshwara Hardware #413 & Electricals	Unit #413, Plot 42, Electronic City Phase 1, Bengaluru, Karnataka, 560100	India
S1-100412	Golden Gate Capital #41 Holdings LLC	Unit #414, 100 Montgomery St, Suite 1500, San Francisco, CA, 94104	US
S1-100413	Tata Consultancy Services #415 Ltd.	Unit #415, Near SBI ATM, Gali No 4, Karol Bagh, New Delhi, Delhi, 110005	India
S1-100414	Shree Ganesh General Store #416 Store	Unit #416, Chowk Bazaar, Near Ghanta Ghar, Surat, Gujarat, 395003	India
S1-100415	Keystone Property Management #417 LLC	Unit #417, 1200 Smith Street, Suite 2200, Houston, TX, 77002	US
S1-100416	Shree Balaji Udyog #418 Pvt Ltd	600002, Tamil Nadu, Chennai, Unit #418, 45-B, Anna Salai, Mount Road	India
S1-100417	Adani Enterprises #419 Ltd	Unit #419, 45-B, Anna Salai, Mount Rd - Chennai - Tamil Nadu - 600002	India
S1-100418	Keystone Property Management #420 LLC	Unit #420, 111 Congress Ave, Ste 400 - Austin	US
S1-100419	Redwood Wealth Management #421 Group	Unit #421, 2500 Peachtree Rd NW, 30305, Atlanta, GA	US
S1-100420	Asian Paints #422 Colour Solns	Unit #422, Opposite City Railway Station, M.G. Road, Pune, 411001	India
S1-100421	Quantum Leap Robotics #423 LLC	Unit #423, 1301 Second Avenue, Suite 3000, Seattle, WA, 98101	US
S1-100422	HDFC Bank #424 Ltd	Unit #424, Bhnd Nexus Mall, Koramangala 5th Block, Bengaluru, Karnataka, 560095	India
S1-100423	Acme Industrial Solutions #425 LLC	Unit #425, 1200 Smith Streetreet, Ste 2200, Houston, TX, 77002	US
S1-100424	Asian Paints #426 Colour Solutions	Unit #426, 12/A, Nariman Point, Express Towers, Mumbai, Maharashtra, 400021	India
S1-100425	Adani Enterprises #427 Ltd	Unit #427, 22, Park Street, 3rd Floor, Kolkata, West Bengal, 700016	India
S1-100426	apollo hospitals #428 enterprise ltd	Unit #428, Near Old High Court, Mall Rd, 171001	India
S1-100427	Apollo Hospitals #429 Enterprise Ltd	Unit #429, Behind Nexus Mall, Koramangala 5th Block, Bengaluru, Karnataka, 560095	India
S1-100428	Tata Consultancy Services #430 Limited	Kolkata, Unit #430, 22, Park Streetreet, 3rd Fl, West Bengal	India
S1-100429	Godrej Consumer Products #431 Ltd	Unit #431, 45-B, Anna Salai, Mount Road, Chennai, Tamil Nadu, 600002	India
S1-100430	Frontier Energy Systems #432 Corporation	Unit #432, 111 Congress Avenue, Suite 400, Austin, TX, 78701	US
S1-100431	ICICI Securities #433 Private Limited	171001, Unit #433, Nr Old High Court, Mall Road, Shimla	India
S1-100432	Gupta Book Depot #434 and Stationers	Unit #434, Shop 15, Sector 18 Market, Noida, Uttar Pradesh, 201301	India
S1-100433	Redwood Wealth Management #435 Group	Unit #435, 500 West Madison Street, Chicago, IL	US
S1-100434	Swastik Auto Spares #436 Works	Unit #436, NH-8, Near Toll Plaza, Udyog Vihar Ph 4, Gurugram, Haryana	India
S1-100435	Horizon Media Group #437 Ent.	Unit #437, 2000 Avenue of the Stars, Los Angeles, CA, 90067	US
S1-100436	Reliance Retail #438 Private Limited	Unit #438, 104, Civil Lines, Near Bus Stand, Jaipur, Rajasthan, 302006	India
S1-100437	Quantum Leap Robotics #439 LLC	Unit #439, 350 Fifth Avenue, 54th Flooroor, New York, NY, 10118	US
S1-100438	Apex Global Logistics #440 Inc.	Unit #440, 701 Brickell Avenuenue, Suite 1700, Miami, FL	US
S1-100439	beacon financial group #441 corp	Unit #441, 2000 Avenue of the Streetars, Los Angeles	US
S1-100440	Frontier Energy Systems #442 Corp.	Unit #442, 701 Brickell Avenue, Suite 1700, Miami, FL, 33131	US
S1-100441	Horizon Media Group #443 Ent.	Unit #443, 111 Congress Avenue, Ste 400 - Austin - TX - 78701	US
S1-100442	Mahindra and Mahindra #444 Financial Services	Unit #444, Door No 8-2-293, Jubilee Hills, Hyderabad, Telangana, 500033	India
S1-100443	Pacific Coast BioLabs #445 Inc.	Unit #445, 350 Fifth Ave, 54th Fl, New York	US
S1-100444	Bharti Airtel #446 Enterprises	Unit #446, Shop 15, Sec 18 Market, Noida, Uttar Pradesh	India
S1-100445	Golden Gate Capital #447 Holdings LLC	Unit #447, 701 Brickell Avenue, Ste 1700, Miami	US
S1-100446	State Bank of India #448	Unit #448, Opposite City Railway Station, M.G. Road - Pune - Maharashtra - 411001	India
S1-100447	Maruti Suzuki #49 India Ltd.	Unit #449, Shop 15, Sec 18 Market, Noida, Uttar Pradesh, 201301	India
S1-100448	Royal Enfield Service #450 Centre	Unit #450, 12/A, Nariman Point, Express Towers, Mumbai, Maharashtra, 400021	India
S1-100449	Beacon Financial Group #51 Corp	Unit #451, 701 Brickell Avenue, Ste 1700 - Miami - FL - 33131	US
S1-100450	Juniper Ridge Construction #452 Co.	Unit #452, 350 Fifth Ave, 54th Floor, New York, NY, 10118	US
S1-100451	HDFC Bank #453 Ltd	Unit #453, 104, Civil Lines, Near Bus Stand, Jaipur	India
S1-100452	Patel Brothers Provision #454 Bhandar	Unit #454, 12/A, Nariman Point, Express Towers, Mumbai, Maharashtra	India
S1-100453	Wipro Consumer Care #455 & Lighting	Unit #455, 22, Park St, 3rd Fl, Kolkata, West Bengal	India
S1-100454	magnolia bakery and cafe #456	94104, San Francisco, Unit #456, 100 Montgomery Street, Suite 1500	US
S1-100455	Evergreen Valley Dental #457 Associates	Unit #457, 111 Congress Avenue, Ste 400, Austin, 78701	US
S1-100456	Nexus Cloud Technologies #458 Corporation	Unit #458, 100 Federal Street, 28th Floor, Boston, MA, 02110	US
S1-100457	Adani Ent. #459 Ltd	Unit #459, Nr SBI ATM, Gali No 4, Karol Bagh, New Delhi, Delhi, 110005	India
S1-100458	Krishna Medical #460 and General Stores	Unit #460, NH-8, Near Toll Plaza, Udyog Vihar Phasease 4, Gurugram	India
S1-100459	Liberty Auto Body #461 and Repair	Unit #461, 350 Fifth Ave, 54th Floor, New York, NY, 10118	US
S1-100460	Quantum Leap Robotics #462 LLC	Unit #462, 500 West Madison Street, Chicago, IL, 60661	US
S1-100461	State Bank of India #463	Unit #463, Behind Nexus Mall, Koramangala 5th Block, Bengaluru, Karnataka, 560095	India
S1-100462	Kailash Parbat Pure Veg #464 Restaurant	Unit #464, Opp. City Railway Station, M.G. Rd, Pune, Maharashtra, 411001	India
S1-100463	Golden Gate Capital #465 Holdings LLC	Houston, TX, Unit #465, 1200 Smith St, Ste 2200, 77002	US
S1-100464	Adani Ent. #466 Ltd	Unit #466, G-10, Ground Fl, Banjara Hills Rd No 12, Hyderabad, Telangana	India
S1-100465	HDFC Bank #467 Ltd	Unit #467, Behind Nexus Mall, Koramangala 5th Block, Bengaluru, Karnataka, 560095	India
S1-100466	Horizon Media Group #468 Enterprises	Unit #468, 500 West Madison Street, Chicago, IL, 60661	US
S1-100467	Om Sai Digital Printing #469 Servces	Unit #469, 22, Park St, 3rd Fl, Kolkata, West Bengal	India
S1-100468	asian paints #470 colour solns	Unit #470, Plot 42, Electronic City Phase 1, Bengaluru, Karnataka, 560100	India
S1-100469	apollo hospitals #471 enterprise ltd	Unit #471, Shop 15, Sector 18 Market, Noida, Uttar Pradesh, 201301	India
S1-100470	Venkateshwara Hardware #472 and Electricals	Unit #472, 45-B, Anna Salai, Mount Road, Chennai, Tamil Nadu, 600002	India
S1-100471	Shree Ganesh Kirana #473 Store	Unit #473, 45-B, Anna Salai, Mount Road, Chennai, Tamil Nadu, 600002	India
S1-100472	Ironclad Security Services #474 Inc	Unit #474, 1200 Smith Streetreet, Suite 2200, TX, 77002	US
S1-100473	adani enterprises #475 ltd	462001, Unit #475, Shop 8, New Market Area, Madhya Pradesh, Bhopal	India
S1-100474	Bharti Airtel #476 Ent.	Unit #476, Near Old High Court, Mall Road, Shimla, Himachal Pradesh, 171001	India
S1-100475	ICICI Securities #477 Private Limited	Unit #477, Shop 8, New Market Area, Bhopal, Madhya Pradesh	India
S1-100476	Infosys Technologies #478 Ltd	Unit #478, NH-8, Near Toll Plaza, Udyog Vihar Phase 4, Gurugram, Haryana, 122015	India
S1-100477	Sri Laxmi Textiles #479 & Sarees	Unit #479, 22, Park Street, 3rd Floor, Kolkata, West Bengal, 700016	India
S1-100478	Cascade Software Labs #480 Tech	Unit #480, 350 Fifth Ave, 54th Floor, New York, NY, 10118	US
S1-100479	Redwood Wealth Management #481 Group	Unit #481, 1301 Second Avenue, Ste 3000, Seattle, WA	US
S1-100480	Sri Ganesh Kirana #482 Store	Unit #482, Nr SBI ATM, Gali No 4, Karol Bagh, Delhi, 110005	India
S1-100481	Acme Industrial Solns #483 LLC	Unit #483, 350 Fifth Ave, 54th Floor, New York, NY, 10118	US
S1-100482	Keystone Property Management #484 LLC	Unit #484, 1200 Smith St, Ste 2200, Houston, TX, 77002	US
S1-100483	Mahindra & Mahindra #485 Financial Services	Unit #485, 104, Civil Lines, Near Bus Stand, Jaipur, Rajasthan, 302006	India
S1-100484	Apex Global Logistis #486 Inc.	Unit #486, 100 Federal Street, 28th Floor, Boston, MA, 02110	US
S1-100485	Cascade Software Labs #487 Technologies	Unit #487, 500 West Madison St, Chicago, 60661	US
S1-100486	Radha Raman Handlooms #488 Emporium	Unit #488, Door No 8-2-293, Jubilee Hills, Hyderabad, Telangana	India
S1-100487	QUANTUM LEAP ROBOTICS #489 LLC	FL, Unit #489, 701 Brickell Avenue, Ste 1700, Miami	US
S1-100488	Sun Pharmaceutical #490 Industries Ltd	Unit #490, 45-B, Anna Salai, Mount Road - Chennai - Tamil Nadu - 600002	India
S1-100489	Golden Gate Capital #491 Holdings LLC	Unit #491, 1301 Second Avenue, Suite 3000, Seattle, WA, 98101	US
S1-100490	Nexus Cloud Technologies #492 Corporation	Unit #492, 500 West Madison Street, Chicago, IL, 60661	US
S1-100491	Bharti Airtel #493 Ent.	Unit #493, 12/A, Nariman Point, Express Towers, Mumbai, Maharashtra, 400021	India
S1-100492	Kailash Parbat Pure Veg #494 Restaurant	Unit #494, 45-B, Anna Salai, Mount Road, Chennai, 600002	India
S1-100493	Shree Balaji Udyog #495 Pvt Ltd	Unit #495, Shop 8, New Market Area, Bhopal, Madhya Pradesh, 462001	India
S1-100494	Olympic Mountain Sports #496 LLC	Unit #496, 350 Fifth Ave, 54th Fl, New York, NY, 10118	US
S1-100495	QUANTUM LEAP ROBOTICS #497 LLC	Unit #497, 100 Montgomery St, Suite 1500, San Francisco, CA, 94104	US
S1-100496	tata consultancy services #498 limited	Unit #498, 22, Park Street, 3rd Floor, Kolkata, West Bengal, 700016	India
S1-100497	Infosys Technologies #499 Ltd	171001 - Unit #499, Nr Old High Court, Mall Road - Himachal Pradesh - Shimla	India
S1-100498	Frontier Energy Systems #500 Corporation	Unit #500, 100 Federal St, 28th Floor, Boston, MA, 02110	US
S1-100499	Pacific Coast BioLabs #501 Inc.	Unit #501, 2500 Peachtree Rd NW, Atlanta, 30305	US
S1-100500	Mahindra and Mahindra #502 Financial Services	Unit #502, Behind Nexus Mall, Koramangala 5th Block, Bengaluru, Karnataka, 560095	India
S1-100501	Sharma Sweet House #503 & Restaurant	Unit #503, Door No 8-2-293, Jubilee Hills, Hyderabad, Telangana, 500033	India
S1-100502	Golden Gate Capital #504 Holdings LLC	Unit #504, 701 Brickell Avenue, Suite 1700, Miami, FL, 33131	US
S1-100503	Apex Diagnostic Centre #505 and Path Lab	Unit #505, Door No 8-2-293, Jubilee Hills, Hyderabad, 500033	India
S1-100504	Royal Enfield Service #506 Centre	Unit #506, Opposite City Railway Station, M.G. Road, Pune, Maharashtra, 411001	India
S1-100505	APOLLO HOSPITALS #507 ENTERPRISE LTD	Unit #507, Shop 8, New Market Area, Bhopal, 462001	India
S1-100506	WIPRO CONSUMER CARE #508 & LIGHTING	Unit #508, Shop 8, New Market Area - Bhopal	India
S1-100507	Olympic Mountain Sports #509 LLC	Unit #509, 2500 Peachtree Rd NW, Atlanta, GA, 30305	US
S1-100508	Royal Enfield Service #510 Centre	Unit #510, NH-8, Near Toll Plaza, Udyog Vihar Ph 4, Gurugram, Haryana	India
S1-100509	Keystone Property Management #511 LLC	Unit #511, 111 Congress Ave, Ste 400, Austin, 78701	US
S1-100510	Wipro Consumer Care #512 and Lighting	Unit #512, Door No 8-2-293, Jubilee Hills, Hyderabad, Telangana, 500033	India
S1-100511	Shree Balaji Udyog #513 Private Limited	Unit #513, Bhnd Nexus Mall, Koramangala 5th Block, Bengaluru, Karnataka, 560095	India
S1-100512	Sri Ganesh Kirana #514 Store	Unit #514, 104, Civil Lines, Near Bus Stand, Jaipur, Rajasthan, 302006	India
S1-100513	Golden Gate Capital #515 Holdings LLC	Unit #515, 350 Fifth Avenue, 54th Fl, New York, NY, 10118	US
S1-100514	Sharma Sweet House #516 & Restaurant	Unit #516, 12/A, Nariman Point, Express Towers, Mumbai, Maharashtra, 400021	India
S1-100515	ACME INDUSTRIAL SOLUTIONS #517 LLC	Unit #517, 111 Congress Avenue, Ste 400, Austin, TX, 78701	US
S1-100516	Apex Diagnostic Centre #518 and Path Lab	Unit #518, 45-B, Anna Salai, Mount Road, Chennai, Tamil Nadu, 600002	India
S1-100517	GUPTA BOOK DEPOT #519 AND STATIONERS	Unit #519, Door No 8-2-293, Jubilee Hills, Hyderabad, Telangana, 500033	India
S1-100518	Sun Pharmaceutical #520 Industries Ltd	Unit #520, Shop 8, New Market Area, Bhopal, Madhya Pradesh, 462001	India
S1-100519	Horizon Media Group #521 Enterprises	Unit #521, 2000 Avenue of the Stars, Los Angeles, CA, 90067	US
S1-100520	Pacific Coast BioLabs #522 Inc.	Unit #522, 100 Montgomery St, Suite 1500, San Francisco, CA, 94104	US
S1-100521	state bank of india #523	Unit #523, 104, Civil Lines, Near Bus Stand, Jaipur, Rajasthan, 302006	India
S1-100522	Patel Brothers Provision #524 Bh&ar	Unit #524, Shop 8, New Market Area, Bhopal, Madhya Pradesh, 462001	India
S1-100523	Bharti Airtel #525 Ent.	Unit #525, 45-B, Anna Salai, Mount Road, Chennai, Tamil Nadu, 600002	India
S1-100524	olympic mountain sports #526 llc	Unit #526, 2500 Peachtree Rd NW, Atlanta, GA, 30305	US
S1-100525	Shree Ganesh General Store #527 Store	Unit #527, Door No 8-2-293, Jubilee Hills, Hyderabad, Telangana, 500033	India
S1-100526	Juniper Ridge Construction #528 Co.	Unit #528, 1301 Sectorond Avenue, Ste 3000, Seattle, WA, 98101	US
S1-100527	Shree Ganesh Kirana #529 Store	Unit #529, 104, Civil Lines, Near Bus Stand, Jaipur, Rajasthan, 302006	India
S1-100528	Bharti Airtel #530 Enterprises	Unit #530, Opposite City Railway Station, M.G. Road, Pune, Maharashtra, 411001	India
S1-100529	Magnolia Bakery & Cafe #531	Unit #531, 701 Brickell Ave, Suite 1700, Miami, FL	US
S1-100530	Liberty Auto Body #532 & Repair	Unit #532, 2000 Avenue of the Stars, Los Angeles, CA, 90067	US
S1-100531	Sun Pharmaceutical #533 Industries Ltd	Unit #533, 104, Civil Lines, Near Bus Stand, Jaipur, Rajasthan, 302006	India
S1-100532	VENKATESHWARA ARDWARE #534 & ELECTRICALS	Unit #534, 104, Civil Lines, Near Bus Stand, Jaipur, Rajasthan, 302006	India
S1-100533	Frontier Energy Systems #535 Corporation	Unit #535, 1301 Second Ave, Suite 3000 - Seattle - WA	US
S1-100534	Hindustan Unilever #536 Trading Co	Unit #536, 45-B, Anna Salai, Mount Road - Chennai - 600002	India
S1-100535	quantum leap robotics #37 llc	Unit #537, 500 West Madison Street, Chicago, IL, 60661	US
S1-100536	Apex Global Logistics #538 Inc.	Unit #538, 2500 Peachtree Rd NW, Atlanta, GA, 30305	US
S1-100537	Quantum Leap Robotics #539 LLC	Unit #539, 2000 Avenue of the Stars, Los Angeles, CA, 90067	US
S1-100538	Delta Healthcare Partners #540 P.C.	Unit #540, 2500 Peachtree Rd NW, Atlanta, GA, 30305	US
S1-100539	Ambika Jewellers #541 Private Limited	Unit #541, 12/A, Nariman Point, Express Towers, Mumbai, Maharashtra, 400021	India
S1-100540	PACIFIC COAST BIOLABS #542 INC.	Unit #542, 350 Fifth Ave, 54th Floor, New York, NY, 10118	US
S1-100541	Venkateshwara Hardware #543 and Electrials	Unit #543, 12/A, Nariman Point, Express Towers - Mumbai	India
S1-100542	Radha Raman Handlooms #544 Emporium	Unit #544, 22, Park St, 3rd Fl, West Bengal, Kolkata	India
S1-100543	Kailash Parbat Pure Veg #545 Restaurant	Unit #545, Near SBI ATM, Gali No 4, Karol Bagh, New Delhi, Delhi, 110005	India
S1-100544	Bajaj Auto #546 Holdings Ltd	201301, Uttar Pradesh, Unit #546, Shop 15, Sec 18 Market, Noida	India
S1-100545	Sun Pharmaceutical #547 Industries Ltd	Unit #547, G-10, Ground Floor, Banjara Hills Road No 12, Hyderabad, Telangana, 560034	India
S1-100546	Bajaj Auto #548 Holdings Ltd	Unit #548, 45-B, Anna Salai, Mount Road, Chennai, Tamil Nadu, 600002	India
S1-100547	Sharma Sweet House #549 & Restaurant	Unit #549, 45-B, Anna Salai, Mount Road, Chennai, Tamil Nadu, 600002	India
S1-100548	Juniper Ridge Construction #550 Co.	Unit #550, 500 West Madison St, Chicago, IL, 60661	US
S1-100549	Apex Diagnostic Centre #551 & Path Lab	Unit #551, Door No 8-2-293, Jubilee Hills, Hyderabad, Telangana, 500033	India
S1-100550	Ironclad Security Services #552 Inc	Unit #552, 1200 Smith St, Suite 2200, Houston, 77002	US
S1-100551	Bajaj Auto #553 Holdings Ltd	Unit #553, 12/A, Nariman Point, Express Towers, Mumbai, Maharashtra, 400021	India
S1-100552	Redwood Wealth Management #554 Group	Unit #554, 100 Montgomery St, Suite 1500, San Francisco, CA, 94104	US
S1-100553	Horizon Media Group #555 Enterprises	Unit #555, 111 Congress Avenue, Suite 400, Austin, TX, 78701	US
S1-100554	Juniper Ridge Construction #556 Co.	Unit #556, 701 Brickell Avenue, Ste 1700	US
S1-100555	Horizon Media Group #557 Enterprises	Unit #557, 111 Congress Avenue, Suite 400, Austin, TX, 78701	US
S1-100556	ICICI Securities #558 Private Limited	Unit #558, 104, Civil Lines, Near Bus Stand, Jaipur, Rajasthan, 302006	India
S1-100557	Tata Consultancy Services #559 Limited	Unit #559, Chowk Bazaar, Nr Ghanta Ghar, Surat	India
S1-100558	Lierty Auto Body #560 and Repair	Unit #560, 500 West Madison Street, Chicago, IL, 60661	US
S1-100559	Ironclad Securit Serv. #561 Inc	Unit #561, 350 Fifth Ave, 54th Floor, New York, NY, 10118	US
S1-100560	Gupta Book Depot #562 and Stationers	Unit #562, Bhnd Nexus Mall, Koramangala 5th Block, Bengaluru, 560095	India
S1-100561	Ambika Jewellers #563 Private Limited	Unit #563, Bhnd Nexus Mall, Koramangala 5th Block, Bengaluru, Karnataka, 560095	India
S1-100562	Om Sai Digital Printing #564 Services	Unit #564, Shop 15, Sector 18 Market, Noida, Uttar Pradesh, 201301	India
S1-100563	Keystone Property Management #565 LLC	Unit #565, 111 Congress Avenue, Ste 400, Austin, TX, 78701	US
S1-100564	Cascade Software Labs #566 Technologies	Unit #566, 2000 Avenue of the Stars, Los Angeles, CA, 90067	US
S1-100565	Beacon Financial Group #567 Corp	Unit #567, 701 Brickell Ave, Ste 1700, Miami, FL, 33131	US
S1-100566	Delta Healthcare Partners #568 P.C.	Unit #568, 100 Montgomery Street, Ste 1500, San Francisco, 94104	US
S1-100567	Cascade Software Labs #569 Technologies	Unit #569, 111 Congress Ave, Suite 400, Austin, TX, 78701	US
S1-100568	Titan Company #570 Enterprises	Unit #570, Nr Old High Court, Mall Road, 171001	India
S1-100569	Adani Enterprises #571 Ltd	Unit #571, Shop 15, Sec 18 Market, Noida	India
S1-100570	Pacific Coast BioLabs #572 Inc.	Unit #572, 1200 Smith Street, Suite 2200, Houston, TX, 77002	US
S1-100571	Olympic Mountain Sports #573 LLC	Unit #573, 100 Federal Street, 28th Floor, Boston, MA, 02110	US
S1-100572	GODEJ CONSUMER PRODUCTS #574 LTD	Unit #574, NH-8, Near Toll Plaza, Udyog Vihar Phase 4, Gurugram, Haryana	India
S1-100573	sun pharmaceutical #575 industries ltd	Unit #575, Plot 42, Electronic City Phase 1, Bengaluru, Karnataka, 560100	India
S1-100574	Horizon Media Group #576 Enterprises	Unit #576, 2000 Avenue of the Stars, Los Angeles, CA, 90067	US
S1-100575	Hindustan Unilever #577 Trading Co	Unit #577, Nr SBI ATM, Gali No 4, Karol Bagh, New Delhi, Delhi, 110005	India
S1-100576	Keystone Property Management #578 LLC	Unit #578, 100 Montgomery Street, Suite 1500, San Francisco, 94104	US
S1-100577	Venkateshwara Hardware #579 and Electricals	Unit #579, Shop 15, Sec 18 Market, Noida, 201301	India
S1-100578	Delta Healthcare Partners #580 P.C.	Unit #580, 500 West Madison St	US
S1-100579	Apollo Hospitals #581 Enterprise Ltd	Unit #581, 104, Civil Lines, Near Bus Stand, Jaipur, Rajasthan, 302006	India
S1-100580	Royal Enfield Service #582 Centre	Unit #582, Near Old High Court, Mall Road - Shimla - Himachal Pradesh	India
S1-100581	State Bank of India #583	Unit #583, Near SBI ATM, Gali No 4, Karol Bagh, New Delhi, Delhi, 110005	India
S1-100582	Redwood Wealth Management #584 Group	Unit #584, 350 Fifth Avenue, 54th Flooroor, New York, NY, 10118	US
S1-100583	Acme Industrial Solns #585 LLC	Unit #585, 350 Fifth Ave, 54th Floor, New York, NY, 10118	US
S1-100584	Larsen & Toubro #586 Infotech Ltd	Unit #586, 104, Civil Lines, Near Bus Stand, Jaipur, Rajasthan, 302006	India
S1-100585	Nexus Cloud Technologies #587 Corporation	Unit #587, 1200 Smith Street, Suite 2200, Houston, TX, 77002	US
S1-100586	Godrej Consumer Products #588 Ltd	Unit #588, G-10, Ground Flooroor, Banjara Hills Road No 12, Hyderabad, Telangana, 560034	India
S1-100587	Pcific Coast BioLabs #589 Inc.	Unit #589, 2000 Avenue of the Stars, Los Angeles, CA	US
S1-100588	Golden Gate Capital #590 Holdings LLC	Unit #590, 100 Federal Street, 28th Floor, Boston, MA, 02110	US
S1-100589	Golden Gate Capital #591 Holdings LLC	Unit #591, 100 Montgomery St, Suite 1500, San Francisco, CA, 94104	US
S1-100590	Keystone Property Management #592 LLC	Unit #592, 111 Congress Avenue, Suite 400, Austin, TX, 78701	US
S1-100591	STATE BNK OF INDIA #593	Unit #593, Door No 8-2-293, Jubilee Hills, Hyderabad, Telangana, 500033	India
S1-100592	Olympic Mountain Sports #594 LLC	Unit #594, 100 Federal Street, 28th Floor, Boston, MA, 02110	US
S1-100593	nexus cloud tech #595 corporation	Unit #595, 500 West Madison Street, Chicago, IL, 60661	US
S1-100594	ICICI Securities #596 Private Limited	Unit #596, Bhnd Nexus Mall, Koramangala 5th Block, Karnataka, 560095	India
S1-100595	Sun Pharmaceutical #597 Industries Ltd	Unit #597, G-10, Ground Floor, Banjara Hills Road No 12 - Hyderabad - Telangana - 560034	India
S1-100596	Acme Industrial Solutions #598 LLC	Unit #598, 500 West Madison St, Chicago	US
S1-100597	Acme Industrial Solutions #599 LLC	Unit #599, 2500 Peachtree Rd NW, Atlanta, GA, 30305	US
S1-100598	State Bank of India #600	Unit #600, Near Old High Court, Mall Rd, Shimla, Himachal Pradesh, 171001	India
S1-100599	HDFC Bank #601 Ltd	Unit #601, Near SBI ATM, Gali No 4, Karol Bagh, New Delhi, Delhi, 110005	India
S1-100600	Krishna Medical #602 and General Stores	Unit #602, Near SBI ATM, Gali No 4, Karol Bagh, New Delhi, Delhi, 110005	India
S1-100601	Mahindra & Mahindra #603 Financial Services	Unit #603, Behind Nexus Mall, Koramangala 5th Block, Bengaluru, Karnataka, 560095	India
S1-100602	apollo hospitals #604 enterprise ltd	Unit #604, Shop 15, Sector 18 Market, Noida, Uttar Pradesh, 201301	India
S1-100603	Summit View Veterinary #605 Hospital	98101 - WA - Unit #605, 1301 Second Ave, Suite 3000 - Seattle	US
S1-100604	Shree Balaji Udyog #606 Pvt Ltd	Unit #606, 12/A, Nariman Point, Express Towers, Mumbai, Maharashtra, 400021	India
S1-100605	Redwood Wealth Management #607 Group	Unit #607, 500 West Madison St, Chicago, IL, 60661	US
S1-100606	Juniper Ridge Construction #608 Co.	Unit #608, 1200 Smith Street, Suite 2200, Houston, TX, 77002	US
S1-100607	Sri Laxmi Textiles #609 and Sarees	Unit #609, Behind Nexus Mall, Koramangala 5th Block, Bengaluru, Karnataka	India
S1-100608	Summit View Veterinary #610 Hospital	Unit #610, 350 Fifth Ave, 54th Floor, New York, NY, 10118	US
S1-100609	Liberty Auto Body #611 andRepair	Unit #611, 500 West Madison Street, Chicago, 60661	US
S1-100610	Magnolia Bakery and Cafe #612	Unit #612, 100 Federal Streetreet, 28th Flooroor, Boston, MA, 02110	US
S1-100611	bharti airtel #613ent.	Unit #613, 45-B, Anna Salai, Mount Road, Chennai, Tamil Nadu	India
S1-100612	Horizon Media Group #614 Enterprises	Unit #614, 100 Federal Street, 28th Floor, Boston, MA, 02110	US
S1-100613	Acme Industrial Solutions #615 LLC	Unit #615, 100 Montgomery St, Suite 1500, San Francisco	US
S1-100614	Adani Enterprises #616 Ltd	Unit #616, 104, Civil Lines, Near Bus Streetand, Jaipur, Rajasthan, 302006	India
S1-100615	hdfc bank #617 ltd	Unit #617, 22, Park St, 3rd Fl, Kolkata	India
S1-100616	Larsen and Toubro #618 Infotech Ltd	Unit #618, Shop 15, Sector 18 Market, Noida, Uttar Pradesh, 201301	India
S1-100617	Apollo Hospitals #619 Enterprise Ltd	Unit #619, Door No 8-2-293, Jubilee Hills, Hyderabad, Telangana, 500033	India
S1-100618	Redwood Wealth Management #620 Group	Unit #620, 1301 Second Avenue, Suite 3000, Seattle, WA, 98101	US
S1-100619	Tata Consultancy Services #621 td.	Unit #621, G-10, Ground Floor, Banjara Hills Road No 12, Hyderabad, Telangana, 560034	India
S1-100620	HDFC Bank #622 Ltd	Unit #622, Chowk Bazaar, Near Ghanta Ghar, Surat, Gujarat, 395003	India
S1-100621	Quantum Leap Robotics #623 LLC	Unit #623, 500 West Madison Street, Chicago, IL, 60661	US
S1-100622	ICICI Securities #624 Pvt. Ltd.	Unit #624, Opposite City Railway Station, M.G. Road, Pune, Maharashtra, 411001	India
S1-100623	Summit View Veterinary #625 Hospital	Unit #625, 350 Fifth Ave, 54th Floor, New York, NY, 10118	US
S1-100624	Evergreen Valley Dental #626 Associates	Miami, FL, Unit #626, 701 Brickell Ave, Ste 1700	US
S1-100625	Juniper Ridge Construction #627 Co.	Unit #627, 2000 Avenuenue of the Stars, Los Angeles, 90067	US
S1-100626	Acme Industrial Solutions #628 LLC	Unit #628, 2500 Peachtree Road NW, Atlanta, GA	US
S1-100627	Magnolia Bakery and Cafe #629	Unit #629, 111 Congress Avenue, Suite 400, Austin, TX, 78701	US
S1-100628	Patel Brothers Provision #630 Bh&ar	New Delhi, 110005, Unit #630, Near SBI ATM, Gali No 4, Karol Bagh, Delhi	India
S1-100629	Horizon Media Group #631 Enterprises	Unit #631, 1301 Sectorond Avenue, Suite 3000 - Seattle - WA	US
S1-100630	Acme Industrial Solutions #632 LLC	Unit #632, 100 Montgomery St, Suite 1500, San Francisco, CA, 94104	US
S1-100631	Reliance Retail #633 Private Limited	Unit #633, Behind Nexus Mall, Koramangala 5th Block, Bengaluru	India
S1-100632	Apollo Hospitals #634 Enterprise Ltd	Unit #634, 12/A, Nariman Point, Express Towers, Mumbai, Maharashtra, 400021	India
S1-100633	Apex Global Logistics #635 Inc.	Unit #635, 100 Federal Street, 28th Floor, Boston, MA, 02110	US
S1-100634	Pacific Coast BioLabs #636 Inc.	Unit #636, 111 Congress Avenue, Suite 400, Austin, TX, 78701	US
S1-100635	Cascade Software Labs #637 Technologies	Unit #637, 100 Federal Street, 28th Floor, Boston, MA, 02110	US
S1-100636	Olympic Mountain Sports #638 LLC	Unit #638, 2500 Peachtree Rd NW, Atlanta, GA, 30305	US
S1-100637	Pacific Coast BioLabs #639 Inc.	Unit #639, 111 Congress Avenue, Suite 400, Austin, TX, 78701	US
S1-100638	nexus cloud tech #640 corporation	Unit #640, 1301 Sectorond Avenue, Suite 3000, Seattle, WA, 98101	US
S1-100639	Titan Company #641 Enterprises	Unit #641, Shop 15, Sec 18 Market, Noida, Uttar Pradesh	India
S1-100640	Pacific Coast BioLabs #642 Inc.	Unit #642, 1200 Smith Street, Suite 2200, Houston, TX, 77002	US
S1-100641	Cascade Software Labs #643 Technologies	Unit #643, 1200 Smith Street, Suite 2200, Houston, TX, 77002	US
S1-100642	Apex Global Logistics #644 Inc.	Unit #644, 350 Fifth Avenue, 54th Fl - New York - NY - 10118	US
S1-100643	BHARTI AIRTEL #645 ENT.	Unit #645, 22, Park Streetreet, 3rd Fl, West Bengal, Kolkata	India
S1-100644	Delta Healthcare Partners #646 P.C.	Unit #646, 2500 Peachtree Rd NW, Atlanta, GA, 30305	US
S1-100645	HDFC Bank #647 Ltd	Unit #647, Near Old High Court, Mall Road, Shimla, Himachal Pradesh, 171001	India
S1-100646	juniper ridge construction #648 co.	Unit #648, 701 Brickell Avenue, Suite 1700, Miami, FL, 33131	US
S1-100647	Swastik Auto Spares #649 Works	Unit #649, NH-8, Near Toll Plaza, Udyog Vihar Phase 4, Gurugram, Haryana, 122015	India
S1-100648	Om Sai Digital Printing #650 Services	Unit #650, Opposite City Railway Station, M.G. Rd, Pune, Maharashtra, 411001	India
S1-100649	Juniper Ridge Construction #651 Company	Unit #651, 100 Montgomery St, Suite 1500, San Francisco, CA, 94104	US
S1-100650	Frontier Energy Systems #652 Corp.	Unit #652, 2500 Peachtree Rd NW, Atlanta, GA, 30305	US
S1-100651	HDFC Bank #653 Ltd	Unit #653, NH-8, Near Toll Plaza, Udyog Vihar Phase 4, Gurugram, Haryana, 122015	India
S1-100652	cascade software labs #654 technologies	Unit #654, 100 Federal St, 28th Fl, Boston	US
S1-100653	Quantum Leap Robotics #655 LLC	Unit #655, 2000 Avenue of the Stars, Los Angeles, CA, 90067	US
S1-100654	Tata Consultancy Serv. #656 Limited	Unit #656, Shop 8, New Market Area, Bhopal, 462001	India
S1-100655	Tata Consultancy Services #657 Limited	Pune - Maharashtra - Unit #657, Opp. City Railway Station, M.G. Rd - 411001	India
S1-100656	Golden Gate Capital #658 Holdings LLC	Unit #658, 2000 Avenue of the Stars, Los Angeles, CA, 90067	US
S1-100657	Venkateshwara Hardware #659 and Electricals	Unit #659, Plot 42, Electronic City Ph 1, Bengaluru, Karnataka	India
S1-100658	Apollo Hospitals #660 Enterprise Ltd	Unit #660, NH-8, Near Toll Plaza, Udyog Vihar Phase 4, Gurugram, Haryana, 122015	India
S1-100659	Hindustan Unilever #661 Trading Co	Unit #661, 22, Park Street, 3rd Floor, Kolkata, West Bengal, 700016	India
S1-100660	Hindustan Unilever #662 Trading Co	Unit #662, 12/A, Nariman Point, Express Towers, Mumbai, Maharashtra, 400021	India
S1-100661	Dabur India #663 Limited	Unit #663, Shop 8, New Market Area, Bhopal, Madhya Pradesh, 462001	India
S1-100662	Liberty Auto Body #664 and Repair	Unit #664, 100 Montgomery St, Suite 1500, San Francisco, CA, 94104	US
S1-100663	Krishna Medical #665 and General Stores	Unit #665, 45-B, Anna Salai, Mount Rd, 600002, Chennai	India
S1-100664	Asian Paints #666 Colour Solutions	Unit #666, Plot 42, Electronic City Phase 1, Karnataka	India
S1-100665	HDFC Bank #667 Ltd	Unit #667, 45-B, Anna Salai, Mount Road, Chennai, Tamil Nadu, 600002	India
S1-100666	Mahindra & Mahindra #668 Financial Services	Unit #668, 12/A, Nariman Point, Express Towers, Mumbai, 400021	India
S1-100667	Bharti Airtel #669 Enterprises	Unit #669, Shop 8, New Market Area, Bhopal, Madhya Pradesh, 462001	India
S1-100668	Godrej Consumer Products #670 Ltd	Unit #670, Shop 8, New Market Area, Bhopal, Madhya Pradesh, 462001	India
S1-100669	Gupta Book Depot #671 and Stationers	Unit #671, Behind Nexus Mall, Koramangala 5th Block, Bengaluru, Karnataka, 560095	India
S1-100670	Beacon Financial Group #672 Corp	Unit #672, 111 Congress Avenue, Suite 400, Austin, TX, 78701	US
S1-100671	Godrej Consumer Products #673 Ltd	Bengaluru, Unit #673, Behind Nexus Mall, Koramangala 5th Block, Karnataka	India
S1-100672	Royal Enfield Service #674 Centre	Unit #674, Shop 15, Sector 18 Market, Noida, Uttar Pradesh, 201301	India
S1-100673	Bharti Airtel #675 Enterprises	Unit #675, Nr Old High Court, Mall Road, Shimla, 171001	India
S1-100674	Wipro Consumer Care #676 and Lighting	Unit #676, Near Old High Court, Mall Road, Shimla, Himachal Pradesh, 171001	India
S1-100675	Krishna Medical #677 and General Stores	Unit #677, 12/A, Nariman Point, Express Towers, Mumbai, Maharashtra, 400021	India
S1-100676	Beacon Financial Group #678 Corp	Unit #678, 2500 Peachtree Road NW - 30305 - Atlanta - GA	US
S1-100677	liberty auto body #679 and repair	Unit #679, 100 Federal Street, 28th Floor, MA, 02110	US
S1-100678	Redwood Wealth Management #680 Group	Unit #680, 350 Fifth Ave, 54th Fl, New York, NY	US
S1-100679	Adani Ent. #681 Ltd	Unit #681, 12/A, Nariman Point, Express Towers, Mumbai, Maharashtra, 400021	India
S1-100680	Bharti Airtel #682 Ent.	Unit #682, 104, Civil Lines, Nr Bus Stand, Jaipur, 302006	India
S1-100681	Om Sai Digital Printing #683 Serv.	Unit #683, Shop 15, Sector 18 Market, Noida, Uttar Pradesh, 201301	India
S1-100682	Ambika Jewellers #684 Private Limited	Unit #684, Near SBI ATM, Gali No 4, Karol Bagh - New Delhi	India
S1-100683	cascade software labs #685 tech	Unit #685, 350 Fifth Ave, 54th Floor, New York, NY, 10118	US
S1-100684	ICICI Securities #686 Pvt. Ltd.	Unit #686, Near Old High Court, Mall Road, Shimla, Himachal Pradesh, 171001	India
S1-100685	Beacon Financial Group #687 Corp	Unit #687, 2500 Peachtree Road NW, Atlanta, GA	US
S1-100686	bharti airtel #688 ent.	Unit #688, Bhnd Nexus Mall, Koramangala 5th Block, Bengaluru, Karnataka, 560095	India
S1-100687	Ironclad Security Services #689 Inc	Unit #689, 100 Federal Street, 28th Floor, Boston, MA, 02110	US
S1-100688	icici securities #690 rivate limited	Unit #690, 12/A, Nariman Point, Express Towers, Mumbai, Maharashtra, 400021	India
S1-100689	Shree Balaji Udyog #691 Pvt Ltd	Unit #691, 22, Park Street, 3rd Floor, Kolkata, West Bengal, 700016	India
S1-100690	Godrej Consumer Products #692 Ltd	Unit #692, Door No 8-2-293, Jubilee Hills, Hyderabad, Telangana, 500033	India
S1-100691	Apollo Hospitals #693 Enterprise Ltd	Unit #693, Opposite City Railway Station, M.G. Road, Pune, Maharashtra, 411001	India
S1-100692	mahindra & mahindra #694 financial services	Unit #694, Shop 15, Sector 18 Market, Noida, Uttar Pradesh, 201301	India
S1-100693	Apex Global Logistics #695 Inc.	Unit #695, 350 Fifth Ave, 54th Floor, New York, NY, 10118	US
S1-100694	Keystone Property Management #696 LLC	Unit #696, 1200 Smith Street, Suite 2200, Houston, TX, 77002	US
S1-100695	Sri Laxmi Textiles #697 and Sarees	Unit #697, NH-8, Near Toll Plaza, Udyog Vihar Phase 4, Gurugram, Haryana, 122015	India
S1-100696	Redwood Wealth Mnagement #698 Group	Unit #698, 100 Montgomery St, Suite 1500, San Francisco, CA, 94104	US
S1-100697	Quantum Leap Robotics #699 LLC	Unit #699, 111 Congress Avenue, Suite 400, Austin, TX, 78701	US
S1-100698	cascade softwre labs #700 technologies	10118, New York, NY, Unit #700, 350 Fifth Ave, 54th Fl	US
S1-100699	Olympic Mountain Sports #701 LLC	Unit #701, 2000 Ave of the Stars, Los Angeles, CA	US
S1-100700	Titan Company #702 Enterprises	Unit #702, NH-8, Near Toll Plaza, Udyog Vihar Phase 4, Gurugram, Haryana, 122015	India
S1-100701	Bharti Airtel #703 Ent.	Unit #703, Plot 42, Electronic City Phase 1, Bengaluru, Karnataka, 560100	India
S1-100702	Acme Industrial Solutions #704 LLC	Unit #704, 2000 Avenue of the Stars, Los Angeles, CA, 90067	US
S1-100703	Adani Enterprises #705 Ltd	Unit #705, Chowk Bazaar, Nr Ghanta Ghar, Surat	India
S1-100704	Frontier Energy Systems #706 Corporation	New York - NY - Unit #706, 350 Fifth Avenue, 54th Floor	US
S1-100705	Apex Diagnostic Centre #707 & Path Lab	Unit #707, 45-B, Anna Salai, Mount Road, Chennai	India
S1-100706	Apex Global Logistics #708 Inc.	Unit #708, 1301 Second Avenue, Suite 3000, Seattle, WA, 98101	US
S1-100707	Ironclad Security Services #709 Inc	Austin, Unit #709, 111 Congress Avenue, Ste 400, TX	US
S1-100708	Olympic Mountain Sports #710 LLC	Unit #710, 701 Brickell Avenue, Suite 1700, Miami	US
S1-100709	Reliance Retail #711 Pvt Ltd	Unit #711, 104, Civil Lines, Near Bus Stand, Jaipur	India
S1-100710	Titan Company #712 Enterprises	Unit #712, Shop 15, Sectortor 18 Market, Noida, 201301	India
S1-100711	Olympic Mountain Sports #713 LLC	Unit #713, 100 Montgomery Street, Suite 1500, San Francisco, CA, 94104	US
S1-100712	Apex Global Logistics #714 Inc.	Unit #714, 100 Montgomery St, Suite 1500, San Francisco, CA, 94104	US
S1-100713	Larsen & Toubro #715 Infotech Ltd	Unit #715, Shop 15, Sec 18 Market - Noida - Uttar Pradesh - 201301	India
S1-100714	Nexus Cloud Technologies #716 Corporation	Unit #716, 1200 Smith Street, Suite 2200, Houston, TX, 77002	US
S1-100715	Swastik Auto Spares #717 Works	Unit #717, Shop 8, New Market Area - Bhopal	India
S1-100716	Godrej Consumer Products #718 Ltd	Unit #718, Near Old High Court, Mall Road, Shimla, Himachal Pradesh, 171001	India
S1-100717	Maruti Suzuki #719 India Limited	Unit #719, Near SBI ATM, Gali No 4, Karol Bagh, New Delhi, Delhi, 110005	India
S1-100718	Bharti Airtel #720 Enterprises	Unit #720, Shop 8, New Market Area, Bhopal, Madhya Pradesh, 462001	India
S1-100719	Olympic Mountain Sports #721 LLC	Unit #721, 1200 Smith Street, Suite 2200, Houston, TX, 77002	US
S1-100720	Liberty Auto Body #722 & Repair	Unit #722, 1200 Smith Streetreet, Ste 2200, Houston, TX, 77002	US
S1-100721	Reliance Retail #723Private Limited	Unit #723, 12/A, Nariman Point, Express Towers, Mumbai, Maharashtra, 400021	India
S1-100722	Pacific Coast BioLabs #724 Inc.	Unit #724, 111 Congress Avenue, Suite 400, Austin, TX, 78701	US
S1-100723	Ironclad Security Services #725 Inc	Unit #725, 1200 Smith Street, Suite 2200, Houston, TX, 77002	US
S1-100724	Shree Balaji Udyog #726 Private Limited	Unit #726, Chowk Bazaar, Nr Ghanta Ghar - Surat - Gujarat	India
S1-100725	Golden Gate Capital #727 Holdings LLC	Unit #727, 701 Brickell Avenue, Suite 1700, Miami, FL, 33131	US
S1-100726	Juniper Ridge Construction #728 Co.	Unit #728, 2500 Peachtree Rd NW - Atlanta	US
S1-100727	Summit View Veterinary #729 Hospital	Unit #729, 2500 Peachtree Rd NW, Atlanta, GA, 30305	US
S1-100728	Quantum Leap Robotics #730 LLC	Unit #730, 2000 Avenue of the Stars, Los Angeles, CA, 90067	US
S1-100729	Sri Balaji Udyog #731 Pvt Ltd	Unit #731, Nr SBI ATM, Gali No 4, Karol Bagh, New Delhi, Delhi	India
S1-100730	Swastik Auto Spares #732 Works	Unit #732, 22, Park St, 3rd Floor, Kolkata, West Bengal	India
S1-100731	Frontier Energy Systems #733 Corporation	Unit #733, 701 Brickell Avenuenue, Suite 1700, Miami	US
S1-100732	dabur india #734 ltd.	Unit #734, Shop 15, Sector 18 Market, Noida, Uttar Pradesh, 201301	India
S1-100733	Maruti Suzuki #735 India Limited	Unit #735, Shop 15, Sec 18 Market, Noida	India
S1-100734	Hindustan Unilever #736 Trading Co	600002, Unit #736, 45-B, Anna Salai, Mount Road, Tamil Nadu, Chennai	India
S1-100735	Mahindra & Mahindra #737 Financial Services	Unit #737, Shop 15, Sector 18 Market, Noida, Uttar Pradesh, 201301	India
S1-100736	Bajaj Auto #738 Holdings Ltd	Unit #738, Nr Old High Court, Mall Road, Shimla	India
S1-100737	Mahindra & Mahindra #739 Financial Services	Unit #739, NH-8, Near Toll Plaza, Udyog Vihar Phase 4, Gurugram, Haryana, 122015	India
S1-100738	Dabur India #740 Limited	Hyderabad, Telangana, 500033, Unit #740, Door No 8-2-293, Jubilee Hills	India
S1-100739	Maruti Suzuki #741 India Ltd.	Unit #741, Shop 8, New Market Area, Bhopal, Madhya Pradesh, 462001	India
S1-100740	Acme Industrial Solutions #742 LLC	Unit #742, 1301 Second Avenue, Suite 3000, Seattle, WA, 98101	US
S1-100741	Sharma Sweet House #73 & Restaurant	Unit #743, 104, Civil Lines, Near Bus Stand, Jaipur, Rajasthan, 302006	India
S1-100742	Venkateshwara Hardware #744 & Electricals	Shimla, Unit #744, Nr Old High Court, Mall Road	India
S1-100743	apex global logistics #745 inc.	Unit #745, 100 Federal Street, 28th Floor, Boston, MA, 02110	US
S1-100744	Bharti Airtel #746 Ent.	Unit #746, NH-8, Near Toll Plaza, Udyog Vihar Phasease 4 - Gurugram - 122015	India
S1-100745	Krishna Medical #747 & General Stores	Unit #747, Door No 8-2-293, Jubilee Hills, Hyderabad, Telangana, 500033	India
S1-100746	Cascade Software Labs #748 Technologies	Unit #748, 350 Fifth Ave, 54th Floor, New York, NY, 10118	US
S1-100747	MAHINDRA AND MAHINDRA #749 FINANCIAL SERVICES	Unit #749, Plot 42, Electronic City Phase 1, Bengaluru, Karnataka, 560100	India
S1-100748	Kailash Parbat Pure Veg #750 Restaurant	Unit #750, 104, Civil Lines, Near Bus Stand, Jaipur, Rajasthan, 302006	India
S1-100749	Frontier Energy Systems #751 Corporation	Unit #751, 1200 Smith Street, Suite 2200, Houston, TX, 77002	US
S1-100750	Liberty Auto Body #752 and Repair	Unit #752, 111 Congress Avenuenue, Suite 400, Austin, TX, 78701	US
S1-100751	Venkateshwara Hardware #753 and Electricals	Unit #753, 45-B, Anna Salai, Mount Road, Chennai, 600002	India
S1-100752	Wipro Consumer Care #754 & Lighting	Unit #754, Behind Nexus Mall, Koramangala 5th Block, Bengaluru, Karnataka, 560095	India
S1-100753	Ionclad Security Serv. #755 Inc	Unit #755, 350 Fifth Ave, 54th Flooroor, New York, NY, 10118	US
S1-100754	Reliance Retail #756 Pvt Ltd	Unit #756, Behind Nexus Mall, Koramangala 5th Block, Bengaluru, Karnataka, 560095	India
S1-100755	Maruti Suzuki #757 India Limited	Unit #757, Behind Nexus Mall, Koramangala 5th Block, Bengaluru, Karnataka, 560095	India
S1-100756	Redwood Wealth Management #758 Group	Unit #758, 1301 Second Avenue, Suite 3000, Seattle, WA, 98101	US
S1-100757	Summit View Veterinary #759 Hospital	Unit #759, 701 Brickell Avenue, Suite 1700, Miami, FL, 33131	US
S1-100758	Venkateshwara Hardware #760 and Electricals	Unit #760, 104, Civil Lines, Near Bus Stand, Jaipur, Rajasthan, 302006	India
S1-100759	FRONTIER ENERGY SYSTEMS #761 CORPORATION	Unit #761, 100 Federal Streetreet, 28th Floor - Boston - 02110	US
S1-100760	Shree Ganesh Kirana #762 Store	Unit #762, Bhnd Nexus Mall, Koramangala 5th Block, Bengaluru, Karnataka	India
S1-100761	beacon financia group #763 corp	Unit #763, 350 Fifth Avenue, 54th Floor, New York, 10118	US
S1-100762	Godrej Consumer Products #764 Ltd	Unit #764, 22, Park Street, 3rd Floor, Kolkata, West Bengal, 700016	India
S1-100763	Beacon Financial Group #765 Corp	Unit #765, 1200 Smith Street, Suite 2200, Houston, TX, 77002	US
S1-100764	Golden Gate Capital #766 Holdings LLC	Unit #766, 111 Congress Avenue, Suite 400, Austin, TX, 78701	US
S1-100765	Horizon Media Group #767 Enterprises	Unit #767, 701 Brickell Avenue, Suite 1700, Miami, FL, 33131	US
S1-100766	Quantum Leap Robotics #768 LLC	Unit #768, 2500 Peachtree Road NW, Atlanta	US
S1-100767	junier ridge construction #769 co.	Unit #769, 2500 Peachtree Rd NW, Atlanta, GA, 30305	US
S1-100768	juniper ridge construction #770 co.	Unit #770, 350 Fifth Ave, 54th Fl	US
S1-100769	Tata Consultancy Serv. #771 Limited	Unit #771, 22, Park Street, 3rd Floor, Kolkata, West Bengal, 700016	India
S1-100770	Keystone Property Management #772 LLC	Unit #772, 350 Fifth Avenue, 54th Fl, New York, NY, 10118	US
S1-100771	Adani Enterprises #773 Ltd	Unit #773, Opp. City Railway Streetation, M.G. Rd, Pune, Maharashtra, 411001	India
S1-100772	Magnolia Bakery and Cafe #774	Unit #774, 350 Fifth Ave, 54th Floor, New York, NY, 10118	US
S1-100773	Reliance Retail #775 Pvt Ltd	Unit #775, Bhnd Nexus Mall, Koramangala 5th Block, Bengaluru, Karnataka	India
S1-100774	Summit View Veterinary #776 Hospital	Unit #776, 111 Congress Ave, Ste 400, TX, 78701	US
S1-100775	Summit View Veterinary #777 Hospital	Unit #777, 100 Montgomery St, Suite 1500, San Francisco, CA, 94104	US
S1-100776	Horizon Media Group #778 Enterprises	Unit #778, 100 Montgomery St, Suite 1500, San Francisco, CA, 94104	US
S1-100777	Wipro Consumer Care #779 & Lighting	Unit #779, Plot 42, Electronic City Phase 1, Bengaluru, Karnataka, 560100	India
S1-100778	Horizon Media Group #780 Enterprises	Unit #780, 350 Fifth Ave, 54th Floor, New York, NY, 10118	US
S1-100779	delta healthcare partners #781 p.c.	Unit #781, 2000 Avenue of the Stars, Los Angeles, CA, 90067	US
S1-100780	beacon financial group #782 corp	Unit #782, 2500 Peachtree Rd NW, Atlanta, GA, 30305	US
S1-100781	Redwood Wealth Management #783 Group	Unit #783, 100 Montgomery Street, Ste 1500, San Francisco, 94104	US
S1-100782	Hindustan Unilever #784 Trading Co	Unit #784, 22, Park Street, 3rd Floor, Kolkata, West Bengal, 700016	India
S1-100783	Bajaj Auto #785 Holdings Ltd	Unit #785, 45-B, Anna Salai, Mount Road, Chennai, Tamil Nadu, 600002	India
S1-100784	Om Sai Digital Printing #786 Services	West Bengal - Unit #786, 22, Park St, 3rd Fl - Kolkata - 700016	India
S1-100785	Juniper Ridge Construction #787 Company	Unit #787, 1200 Smith Street, Suite 2200, Houston, TX, 77002	US
S1-100786	Om Sai Digital Printing #788 Services	Unit #788, G-10, Ground Floor, Banjara Hills Road No 12, Hyderabad, Telangana, 560034	India
S1-100787	Redwood Wealth Management #789 Group	Unit #789, 111 Congress Ave, Suite 400, Austin, TX	US
S1-100788	Frontier Energy Systems #790 Corporation	Unit #790, 500 West Madison Street, Chicago, IL, 60661	US
S1-100789	Adani Enterprises #791 Ltd	Hyderabad, Telangana, Unit #791, Door No 8-2-293, Jubilee Hills, 500033	India
S1-100790	Larsen & Toubro #792 Infotech Ltd	Unit #792, Door No 8-2-293, Jubilee Hills, Hyderabad	India
S1-100791	Bajaj Auto #793 Holdings Ltd	Unit #793, Shop 15, Sec 18 Market, Noida	India
S1-100792	Evergreen Valley Dental #794 Associates	Unit #794, 1200 Smith St, Ste 2200, Houston, TX	US
S1-100793	Magolia Bakery & Cafe #795	Unit #795, 1200 Smith St, Ste 2200, Houston, TX, 77002	US
S1-100794	Evergreen Valley Dental #796 Associates	02110 - Boston - MA - Unit #796, 100 Federal Street, 28th Fl	US
S1-100795	Shree Balaji Udyog #797 Private Limited	Unit #797, Nr Old High Court, Mall Road, Shimla, Himachal Pradesh	India
S1-100796	Hindustan Unilever #798 Trading Co	Jaipur, Unit #798, 104, Civil Lines, Near Bus Streetand	India
S1-100797	Pacific Coast BioLabs #799 Inc.	Unit #799, 100 Federal Street, 28th Floor, Boston, MA, 02110	US
S1-100798	Mahindra and Mahindra #800 Financial Services	Unit #800, 22, Park St, 3rd Floor, Kolkata, West Bengal, 700016	India
S1-100799	Juniper Ride Construction #801 Company	Unit #801, 1200 Smith Streetreet, Ste 2200 - Houston - TX - 77002	US
S1-100800	Kailash Parbat Pure Veg #802 Restaurant	Unit #802, 12/A, Nariman Point, Express Towers, Mumbai, Maharashtra, 400021	India
S1-100801	venkateshwara hardware #803 & electricals	Unit #803, Near Old High Court, Mall Road, Shimla, 171001	India
S1-100802	Ironclad Security Services #804 Inc	Unit #804, 1200 Smith Street, Suite 2200, Houston, TX, 77002	US
S1-100803	Acme Industrial Solutions #805 LLC	Unit #805, 100 Federal Street, 28th Floor, Boston, MA, 02110	US
S1-100804	Redwood Wealth Management #806 Group	Unit #806, 2000 Avenue of the Stars, Los Angeles, CA, 90067	US
S1-100805	Golden Gate Capital #807 Holdings LLC	Unit #807, 500 West Madison Street, Chicago, IL, 60661	US
S1-100806	Larsen & Toubro #808 Infotech Ltd	Unit #808, Near Old High Court, Mall Road, Shimla, Himachal Pradesh, 171001	India
S1-100807	apex globa logistics #809 inc.	Unit #809, 2500 Peachtree Rd NW, Atlanta, GA, 30305	US
S1-100808	Godrej Consumer Products #810 Ltd	Unit #810, Chowk Bazaar, Near Ghanta Ghar, Surat, Gujarat, 395003	India
S1-100809	Liberty Auto Body #811 & Repair	Seattle - 98101 - WA - Unit #811, 1301 Second Avenue, Ste 3000	US
S1-100810	Juniper RidgeConstruction #812 Company	Unit #812, 2500 Peachtree Rd NW, Atlanta, GA	US
S1-100811	Gupta Book Depot #813 and Stationers	Unit #813, NH-8, Nr Toll Plaza, Udyog Vihar Ph 4, Gurugram, 122015	India
S1-100812	Quantum Leap Robotics #814 LLC	94104, San Francisco, Unit #814, 100 Montgomery Street, Ste 1500	US
S1-100813	Shree Balaji Udyog #815 Private Limited	Unit #815, NH-8, Near Toll Plaza, Udyog Vihar Phase 4, Gurugram, Haryana, 122015	India
S1-100814	summit view veterinary #816 hospital	Unit #816, 2500 Peachtree Rd NW, Atlanta, GA, 30305	US
S1-100815	wipro consumer care #817 & lighting	Unit #817, Chowk Bazaar, Nr Ghanta Ghar, Surat, Gujarat, 395003	India
S1-100816	HDFC Bank #818 Ltd	Unit #818, Near Old High Court, Mall Road, Shimla, Himachal Pradesh, 171001	India
S1-100817	Golden Gate Capital #819 Holdings LLC	Unit #819, 701 Brickell Avenue, Suite 1700, Miami, FL, 33131	US
S1-100818	hindustan unilever #82 trading co	Unit #820, 22, Park St, 3rd Floor, Kolkata	India
S1-100819	Sharma Sweet House #821 & Restaurant	Unit #821, Opposite City Railway Station, M.G. Road, Pune, Maharashtra, 411001	India
S1-100820	Cascade Software Labs #822 Tech	Unit #822, 111 Congress Ave, Ste 400 - Austin - TX - 78701	US
S1-100821	Ironclad Security Services #823 Inc	Unit #823, 1200 Smith St, Suite 2200 - Houston - 77002	US
S1-100822	Apex Diagnostic Centre #824 & Path Lab	Unit #824, Behind Nexus Mall, Koramangala 5th Block, Bengaluru, 560095	India
S1-100823	Evergreen Valley Dental #825 Associates	Unit #825, 701 Brickell Avenuenue, Suite 1700, Miami	US
S1-100824	Liberty Auto Body #826 and Repir	Unit #826, 2000 Ave of the Stars, Los Angeles, CA, 90067	US
S1-100825	Summit View Veterinary #827 Hospital	Unit #827, 350 Fifth Ave, 54th Floor, New York, NY, 10118	US
S1-100826	Apex Diagnostic Centre #828 & Path Lab	Unit #828, NH-8, Near Toll Plaza, Udyog Vihar Ph 4, 122015	India
S1-100827	Sun Pharmaceutical #829 Industries Ltd	Unit #829, G-10, Ground Floor, Banjara Hills Rd No 12, Telangana, 560034, Hyderabad	India
S1-100828	Evergreen Valley Dental #830 Associates	Unit #830, 500 West Madison Street, Chicago, IL, 60661	US
S1-100829	Frontier Energy Systems #831 Corp.	Unit #831, 1301 Second Avenue, Suite 3000, Seattle, WA, 98101	US
S1-100830	Hindustan Unilever #832 Trading Co	Unit #832, Shop 15, Sector 18 Market, Noida, Uttar Pradesh, 201301	India
S1-100831	Keystone Property Management #833 LLC	Unit #833, 100 Federal Street, 28th Floor, Boston, MA, 02110	US
S1-100832	Apex Global Logistics #834 Inc.	Unit #834, 100 Montgomery St, Suite 1500, San Francisco, 94104	US
S1-100833	Olympic Mountain Sports #835 LLC	Unit #835, 350 Fifth Ave, 54th Floor, New York, NY, 10118	US
S1-100834	Kailash Parbat Pure Veg #836 Restaurant	Unit #836, 22, Park Street, 3rd Floor, Kolkata, West Bengal, 700016	India
S1-100835	Magnolia Bakery and Cafe #837	Unit #837, 350 Fifth Ave, 54th Floor, New York, NY, 10118	US
S1-100836	Golden Gate Capital #838 Holdings LLC	Unit #838, 111 Congress Avenue, Suite 400, Austin, 78701	US
S1-100837	Redwood Wealth Management #839 Group	Unit #839, 1301 Second Avenue, Suite 3000, Seattle, WA, 98101	US
S1-100838	Sri Laxmi Textiles #840 & Sarees	Unit #840, NH-8, Near Toll Plaza, Udyog Vihar Phase 4, Gurugram, Haryana, 122015	India
S1-100839	Royal Enfield Service #841 Centre	Unit #841, 12/A, Nariman Point, Express Towers, Mumbai, Maharashtra, 400021	India
S1-100840	Delta Healthcare Partners #842 P.C.	Unit #842, 1301 Second Ave, Suite 3000, Seattle	US
S1-100841	ironclad security services #843 inc	Unit #843, 500 West Madison Streetreet, IL, 60661	US
S1-100842	Golden Gate Capital #844 Holdings LLC	Unit #844, 2500 Peachtree Road NW, 30305, Atlanta	US
S1-100843	Redwood Wealth Management #845 Group	Unit #845, 350 Fifth Ave, 54th Floor, New York, NY, 10118	US
S1-100844	Kailash Parbat Pure Veg #846 Restaurant	Unit #846, 22, Park Street, 3rd Fl, Kolkata	India
S1-100845	Golden Gate Capital #847 Holdings LLC	Unit #847, 100 Federal St, 28th Fl, Boston, MA, 02110	US
S1-100846	Liberty Auto Body #848 & Repair	Unit #848, 2500 Peachtree Rd NW, Atlanta, GA, 30305	US
S1-100847	Summit View Veterinary #849 Hospital	Unit #849, 350 Fifth Ave, 54th Floor, New York, NY, 10118	US
S1-100848	Quantum Leap Robotics #850 LLC	Unit #850, 111 Congress Avenue, Suite 400, Austin, TX, 78701	US
S1-100849	Cascade Software Las #851 Tech	Unit #851, 2500 Peachtree Rd NW, Atlanta, GA, 30305	US
S1-100850	Acme Industrial Solutions #852 LLC	Chicago, Unit #852, 500 West Madison St	US
S1-100851	Sun Pharmaceutical #853 Industries Ltd	Unit #853, Opposite City Railway Station, M.G. Road, Pune, Maharashtra	India
S1-100852	Beacon Financial Group #854 Corp	Unit #854, 111 Congress Ave, Suite 400, Austin, 78701	US
S1-100853	Dabur India #855 Limited	Unit #855, Nr Old High Court, Mall Rd - Shimla - Himachal Pradesh - 171001	India
S1-100854	Quantum Leap Robotics #856 LLC	Unit #856, 100 Federal Street, 28th Floor, Boston, MA, 02110	US
S1-100855	State Bank of India #857	Unit #857, 22, Park Streetreet, 3rd Fl, Kolkata, West Bengal, 700016	India
S1-100856	Royal Enfield Service #858 Centre	Unit #858, Opp. City Railway Station, M.G. Rd, Pune, 411001	India
S1-100857	Juniper Ridge Construction #859 Company	Unit #859, 1200 Smith St, Ste 2200, Houston, TX	US
S1-100858	Sri Laxmi Textiles #860 and Sarees	Shimla, Unit #860, Nr Old High Court, Mall Rd, Himachal Pradesh	India
S1-100859	Bajaj Auto #861 Holdings Ltd	Unit #861, 45-B, Anna Salai, Mount Road, Chennai, Tamil Nadu, 600002	India
S1-100860	Kailash Parbat Pure Veg #862 Restaurant	Unit #862, 12/A, Nariman Point, Express Towers, Mumbai, Maharashtra, 400021	India
S1-100861	Apex Global Logistics #863 Inc.	Unit #863, 701 Brickell Ave, Ste 1700 - FL	US
S1-100862	Titan Company #864 Enterprises	Unit #864, 12/A, Nariman Point, Express Towers, Mumbai, Maharashtra, 400021	India
S1-100863	Titan Company #865 Ent.	Unit #865, NH-8, Near Toll Plaza, Udyog Vihar Phase 4, Gurugram, Haryana, 122015	India
S1-100864	sharma sweet house #866 and restaurant	Unit #866, 45-B, Anna Salai, Mount Rd, Chennai, 600002	India
S1-100865	Bajaj Auto #867 Holdings Ltd	Unit #867, Plot 42, Electronic City Phasease 1, 560100, Bengaluru	India
S1-100866	Juniper Ridge Construction #868 Company	Unit #868, 2000 Avenue of the Stars, Los Angeles, CA, 90067	US
S1-100867	Acme Industrial Solutions #869 LLC	Unit #869, 111 Congress Avenue, Suite 400, Austin, TX, 78701	US
S1-100868	Gupta Book Depot #870 and Stationers	Chennai, Tamil Nadu, Unit #870, 45-B, Anna Salai, Mount Road	India
S1-100869	Olympic Mountain Sports #871 LLC	Unit #871, 2500 Peachtree Rd NW, Atlanta, GA, 30305	US
S1-100870	Wipro Consumer Care #872 and Lighting	Unit #872, Shop 8, New Market Area, Bhopal, Madhya Pradesh, 462001	India
S1-100871	Wipro Consumer Care #873 and Lighting	Unit #873, Behind Nexus Mall, Koramangala 5th Block, Bengaluru, Karnataka, 560095	India
S1-100872	HDFC Bank #874 Ltd	Unit #874, Shop 8, New Market Area, Bhopal, 462001	India
S1-100873	Larsen & Toubro #875 Infotech Ltd	Unit #875, Plot 42, Electronic City Phase 1, Bengaluru, Karnataka, 560100	India
S1-100874	State Bank of India #876	Unit #876, 45-B, Anna Salai, Mount Road, 600002	India
S1-100875	APEX GLOBAL LOGISTICS #877 INC.	New York, Unit #877, 350 Fifth Ave, 54th Fl, 10118, NY	US
S1-100876	SUMMIT VIEW VETERINARY #878 HOSPITAL	Unit #878, 111 Congress Ave, Ste 400, Austin, TX, 78701	US
S1-100877	Apex Global Logistics #879 Inc.	Houston, Unit #879, 1200 Smith Street, Suite 2200	US
S1-100878	Om Sai Digital Printing #880 Serv.	Unit #880, Shop 8, New Market Area, Bhopal, Madhya Pradesh, 462001	India
S1-100879	Beacon Financial Group #881 Corp	Unit #881, 701 Brickell Avenue, Suite 1700, Miami, FL, 33131	US
S1-100880	Evergreen Valley Dental #882 Associates	Unit #882, 1200 Smith Street, Suite 2200, Houston, TX, 77002	US
S1-100881	Beacon Financial Group #883 Corp	Unit #883, 111 Congress Avenue, Suite 400, Austin, TX, 78701	US
S1-100882	kailash parbat pure veg #884 restaurant	Unit #884, 104, Civil Lines, Nr Bus Stand, Jaipur	India
S1-100883	Adani Enterprises #885 Ltd	Unit #885, NH-8, Nr Toll Plaza, Udyog Vihar Ph 4, Gurugram, Haryana, 122015	India
S1-100884	Golden Gate Capital #886 Holdings LLC	Unit #886, 1200 Smith St, Suite 2200, Houston, TX, 77002	US
S1-100885	Swastik Auto Spares #887 Works	Unit #887, Plot 42, Electronic City Phase 1, Bengaluru, Karnataka, 560100	India
S1-100886	Summit View Veterinary #888 Hospital	Unit #888, 350 Fifth Ave, 54th Fl - New York - 10118	US
S1-100887	MAGNOLIA BAERY AND CAFE #889	Unit #889, 100 Federal St, 28th Fl, Boston, MA, 02110	US
S1-100888	Ironclad Security Services #890 Inc	Unit #890, 2000 Avenue of the Stars, Los Angeles, CA, 90067	US
S1-100889	Olympic Mountain Sports #891 LLC	Chicago, Unit #891, 500 West Madison St	US
S1-100890	Delta Healthcare Partners #892 P.C.	Unit #892, 1301 Second Avenue, Suite 3000, Seattle, WA, 98101	US
S1-100891	Sun Pharmaceutical #893 Idustries Ltd	Unit #893, 45-B, Anna Salai, Mount Rd - Chennai - 600002	India
S1-100892	Swastik Auto Spares #894 Works	Unit #894, NH-8, Nr Toll Plaza, Udyog Vihar Ph 4 - Gurugram	India
S1-100893	Om Sai Digital Printing #895 Serv.	Unit #895, Nr Old High Court, Mall Road, Shimla, Himachal Pradesh, 171001	India
S1-100894	Beacon Financial Group #896 Corp	Unit #896, 500 West Madison Street, Chicago, IL, 60661	US
S1-100895	Sharma Sweet House #897 & Restaurant	Unit #897, Opp. City Railway Station, M.G. Rd, Pune	India
S1-100896	Acme Industrial Solutions #898 LLC	TX, Austin, Unit #898, 111 Congress Ave, Suite 400, 78701	US
S1-100897	Asian Paints #899 Colour Solutions	Unit #899, 22, Park Street, 3rd Floor, Kolkata, West Bengal, 700016	India
S1-100898	Infosys Technologies #900 Ltd	Unit #900, NH-8, Near Toll Plaza, Udyog Vihar Phase 4, Gurugram, Haryana, 122015	India
S1-100899	Maruti Suzuki #901 India Limited	Unit #901, Behind Nexus Mall, Koramangala 5th Block, Bengaluru, Karnataka, 560095	India
S1-100900	Sharma Sweet House #902 & Restaurant	Unit #902, Near SBI ATM, Gali No 4, Karol Bagh, New Delhi, Delhi, 110005	India
S1-100901	Dabur India #903 Ltd.	Unit #903, 45-B, Anna Salai, Mount Road, Chennai, Tamil Nadu, 600002	India
S1-100902	ironclad security serv. #904 inc	Unit #904, 350 Fifth Ave, 54th Floor, New York	US
S1-100903	Beacon Financial Group #905 Corp	Unit #905, 100 Montgomery St, Suite 1500, San Francisco, CA, 94104	US
S1-100904	Sun Pharmaceutical #906 Industries Ltd	Unit #906, 104, Civil Lines, Near Bus Stand, Jaipur, Rajasthan, 302006	India
S1-100905	Cascade Software Labs #907 Technologies	Unit #907, 2000 Ave of the Streetars, Los Angeles, 90067	US
S1-100906	ROYAL ENFIELD ERVICE #908 CENTRE	Unit #908, 22, Park Streetreet, 3rd Floor, Kolkata, West Bengal	India
S1-100907	Juniper Ridge Construction #909 Co.	Unit #909, 500 West Madison Street, Chicago, IL, 60661	US
S1-100908	Swastik Auto Spares #910 Works	Rajasthan - Unit #910, 104, Civil Lines, Near Bus Stand - Jaipur	India
S1-100909	Reliance Retail #911 Pvt Ltd	Unit #911, Nr SBI ATM, Gali No 4, Karol Bagh, New Delhi, Delhi	India
S1-100910	CASCADE SOFTWARE LABS #912 TECHNOLOGIES	Unit #912, 701 Brickell Avenue, Suite 1700, Miami, FL, 33131	US
S1-100911	Summit View Veterinary #913 Hospital	Unit #913, 500 West Madison Street, Chicago, IL, 60661	US
S1-100912	Bharti Airtel #914 Enterprises	Unit #914, NH-8, Nr Toll Plaza, Udyog Vihar Phasease 4, Gurugram, Haryana, 122015	India
S1-100913	Kailash Parbat Pure Veg #915 Restaurant	Unit #915, G-10, Ground Floor, Banjara Hills Road No 12, Hyderabad, Telangana, 560034	India
S1-100914	Magnolia Bakery and Cafe #916	Boston, Unit #916, 100 Federal Street, 28th Fl	US
S1-100915	Hindustan Unilever #917 Trading Co	Unit #917, 12/A, Nariman Point, Express Towers, Mumbai, Maharashtra, 400021	India
S1-100916	Tata Consultancy Services #918 Ltd.	Unit #918, NH-8, Near Toll Plaza, Udyog Vihar Phase 4, Gurugram, Haryana, 122015	India
S1-100917	Delta Healthcare Partners #919 P.C.	Seattle, WA, Unit #919, 1301 Second Ave, Suite 3000	US
S1-100918	Tata Consultancy Services #20 Ltd.	Unit #920, Chowk Bazaar, Near Ghanta Ghar, Surat	India
S1-100919	Sun Pharmaceutical #921 Industries Ltd	Unit #921, G-10, Ground Fl, Banjara Hills Rd No 12 - Hyderabad - Telangana - 560034	India
S1-100920	Bajaj Auto #922 Holdings Ltd	Unit #922, Shop 15, Sec 18 Market	India
S1-100921	Golden Gate Capital #923 Holdings LLC	Unit #923, 2000 Avenue of the Stars, Los Angeles, CA, 90067	US
S1-100922	Summit View Veterinary #924 Hospital	Unit #924, 2500 Peachtree Road NW, Atlanta, GA, 30305	US
S1-100923	Bajaj Auto #925 Holdings Ltd	Unit #925, Near Old High Court, Mall Road, Shimla, 171001	India
S1-100924	Acme Industrial Solutions #926 LLC	Unit #926, 100 Montgomery St, Suite 1500, San Francisco, CA, 94104	US
S1-100925	Bharti Airtel #927 Enterprises	Unit #927, Shop 15, Sector 18 Market, 201301, Noida	India
S1-100926	Keystone Property Management #928 LLC	Unit #928, 1200 Smith Street, Suite 2200, Houston, TX, 77002	US
S1-100927	Wipro Consumer Care #929 and Lighting	Unit #929, Chowk Bazaar, Nr Ghanta Ghar, Surat, Gujarat	India
S1-100928	Shree Balaji Udyog #930 Private Limited	Unit #930, Shop 15, Sec 18 Market, Noida, Uttar Pradesh	India
S1-100929	Sri Laxmi Textiles #931 and Sarees	Unit #931, Near Old High Court, Mall Road, Shimla, Himachal Pradesh, 171001	India
S1-100930	Hindustan Unilever #932 Trading Co	Unit #932, Door No 8-2-293, Jubilee Hills, Hyderabad, 500033	India
S1-100931	Dabur India #933 Limited	Unit #933, G-10, Ground Fl, Banjara Hills Road No 12, Hyderabad, 560034	India
S1-100932	Magnolia Bakery and Cafe #934	Unit #934, 2000 Avenue of the Stars, Los Angeles, CA, 90067	US
S1-100933	Reliance Retail #935 Pvt Ltd	Unit #935, Near SBI ATM, Gali No 4, Karol Bagh, New Delhi, Delhi, 110005	India
S1-100934	Pacific Coast BioLabs #936 Inc.	Unit #936, 2000 Avenue of the Stars, Los Angeles, 90067	US
S1-100935	Apex Global Logistics #937 Inc.	Unit #937, 1301 Second Avenue, Ste 3000, Seattle, 98101	US
S1-100936	Ironclad Security Services #938 Inc	Unit #938, 100 Federal Street, 28th Floor, Boston, MA, 02110	US
S1-100937	Quantum Leap Robotics #939 LLC	Unit #939, 100 Montgomery St, Suite 1500, San Francisco, CA, 94104	US
S1-100938	Sri Ganesh Kirana #940 Store	Unit #940, 45-B, Anna Salai, Mount Rd - Chennai - Tamil Nadu - 600002	India
S1-100939	Pacific Coast BioLabs #941 Inc.	Unit #941, 1301 Sectorond Avenue, Suite 3000, Seattle, WA, 98101	US
S1-100940	Sharma Sweet House #942 & Restaurant	Unit #942, Shop 15, Sector 18 Market, Noida, Uttar Pradesh, 201301	India
S1-100941	GODREJ CONSUMER PRODUCTS #943 LTD	Unit #943, Opposite City Railway Station, M.G. Road, Pune, Maharashtra, 411001	India
S1-100942	Pacific Coast BioLabs #944 Inc.	IL - Chicago - 60661 - Unit #944, 500 West Madison St	US
S1-100943	Larsen and Toubro #945 Infotech Ltd	Unit #945, Door No 8-2-293, Jubilee Hills, Hyderabad, Telangana, 500033	India
S1-100944	Ironclad Security Services #946 Inc	Unit #946, 2000 Avenue of the Stars, Los Angeles, CA, 90067	US
S1-100945	State Bank of India #947	700016, Kolkata, Unit #947, 22, Park St, 3rd Flooroor	India
S1-100946	Apollo Hospitals #948 Enterprise Ltd	Unit #948, Shop 15, Sector 18 Market, Noida, Uttar Pradesh, 201301	India
S1-100947	Beacon Financial Group #949 Corp	Unit #949, 111 Congress Ave, Ste 400 - Austin - 78701	US
S1-100948	State Bank of India #950	Unit #950, 12/A, Nariman Point, Express Towers, Mumbai, Maharashtra, 400021	India
S1-100949	Frontier Energy Systems #951 Corporation	Unit #951, 100 Federal Street, 28th Floor, Boston, MA, 02110	US
S1-100950	Infosys Technologies #952 Ltd	Unit #952, 104, Civil Lines, Near Bus Stand, Jaipur, Rajasthan, 302006	India
S1-100951	Larsen & Toubro #953 Infotech Ltd	Unit #953, Shop 8, New Market Area - Madhya Pradesh - 462001	India
S1-100952	Tata Consultancy Services #954 Limited	Unit #954, Chowk Bazaar, Near Ghanta Ghar, Surat, Gujarat, 395003	India
S1-100953	Golden Gate Capital #955 Holdings LLC	Unit #955, 350 Fifth Ave, 54th Floor, New York, NY, 10118	US
S1-100954	Cascade Software Labs #956 Technologies	98101, WA, Seattle, Unit #956, 1301 Second Ave, Ste 3000	US
S1-100955	Om Sai Digital Printing #957 Services	Unit #957, Nr Old High Court, Mall Road, Shimla, Himachal Pradesh	India
S1-100956	Frontier Energy Systems #958 Corp.	Unit #958, 111 Congress Avenue, Suite 400, Austin, TX, 78701	US
S1-100957	ROYAL ENFIELD SERVICE #959 CENTRE	Unit #959, Plot 42, Electronic City Ph 1, Bengaluru, Karnataka, 560100	India
S1-100958	Evergreen Valley Dental #960 Associates	98101, WA, Unit #960, 1301 Second Avenue, Suite 3000	US
S1-100959	Infosys Tech#961 Ltd	Unit #961, G-10, Ground Floor, Banjara Hills Road No 12, Hyderabad, Telangana, 560034	India
S1-100960	Maruti Suzuki #962 India Limited	Unit #962, 22, Park Street, 3rd Fl, Kolkata, West Bengal, 700016	India
S1-100961	Apex Diagnostic Centre #963 and Path Lab	Unit #963, Near Old High Court, Mall Road, Shimla, Himachal Pradesh, 171001	India
S1-100962	kailash parbat pure veg #964 restaurant	Unit #964, Near Old High Court, Mall Road, Shimla, Himachal Pradesh, 171001	India
S1-100963	Frontier Energy Systems #965 Corporation	Unit #965, 2500 Peachtree Rd NW, Atlanta, GA, 30305	US
S1-100964	HDFC Bank #966 Ltd	Unit #966, Near SBI ATM, Gali No 4, Karol Bagh, New Delhi, Delhi, 110005	India
S1-100965	Patel Brothers Provision #967 Bhandar	Unit #967, 104, Civil Lines, Nr Bus Stand - Jaipur - Rajasthan - 302006	India
S1-100966	Magnolia Bakery and Cafe #968	Unit #968, 100 Montgomery St, Suite 1500, San Francisco, CA, 94104	US
S1-100967	wipro consumer cae #969 & lighting	Unit #969, 22, Park Street, 3rd Floor, Kolkata, West Bengal, 700016	India
S1-100968	Magnolia Bakery and Cafe #970	Unit #970, 111 Congress Avenue, Suite 400, Austin, TX, 78701	US
S1-100969	Sharma Sweet House #971 & Restaurant	Unit #971, 104, Civil Lines, Nr Bus Streetand, Jaipur, Rajasthan, 302006	India
S1-100970	redwood wealth management #972 group	Unit #972, 111 Congress Ave, Suite 400, Austin, TX, 78701	US
S1-100971	Keystone Property Management #973 LLC	Unit #973, 2000 Avenue of the Stars, Los Angeles, 90067	US
S1-100972	Acme Industrial Solutions #974 LLC	Unit #974, 2000 Avenue of the Stars, Los Angeles, CA, 90067	US
S1-100973	Frontier Energy Systems #975 Corporation	Unit #975, 500 West Madison Street, Chicago, IL, 60661	US
S1-100974	Infosys Technologies #976 Ltd	Unit #976, 22, Park Street, 3rd Floor, Kolkata, West Bengal, 700016	India
S1-100975	Krishna Medical #977 and General Stores	Rajasthan, Jaipur, Unit #977, 104, Civil Lines, Near Bus Stand	India
S1-100976	Ironclad Security Services #978 Inc	Unit #978, 701 Brickell Ave, Ste 1700, Miami	US
S1-100977	KEYSTONE PROPERTY MANAGEMENT #979 LLC	Unit #979, 701 Brickell Avenue, Ste 1700 - Miami - 33131	US
S1-100978	royal enfield service #980 centre	Unit #980, Shop 8, New Market Area, Bhopal, Madhya Pradesh, 462001	India
S1-100979	Godrej Consumer Products #981 Ltd	Unit #981, Plot 42, Electronic City Phase 1, Bengaluru, Karnataka, 560100	India
S1-100980	Sri Laxmi Textiles #982 and Sarees	Unit #982, 104, Civil Lines, Near Bus Streetand, Jaipur, Rajasthan	India
S1-100981	Apex Global Logistics #983 Inc.	Unit #983, 701 Brickell Avenue, Suite 1700, Miami, FL, 33131	US
S1-100982	Hindustan Unilever #984 Trading Co	Unit #984, Chowk Bazaar, Near Ghanta Ghar - Surat - Gujarat	India
S1-100983	Apollo Hospitals #985 Enterprise Ltd	Unit #985, Door No 8-2-293, Jubilee Hills, Hyderabad	India
S1-100984	Redwood Wealth Management #986 Group	Unit #986, 100 Montgomery St, Suite 1500, San Francisco, CA, 94104	US
S1-100985	Reliance Retail #987 Pvt Ltd	Unit #987, G-10, Ground Fl, Banjara Hills Road No 12 - Hyderabad - Telangana - 560034	India
S1-100986	Summit View Veterinary #988 Hospital	Unit #988, 2500 Peachtree Rd NW, Atlanta, GA, 30305	US
S1-100987	Radha Raman andlooms #989 Emporium	Unit #989, NH-8, Near Toll Plaza, Udyog Vihar Phase 4, Gurugram, Haryana, 122015	India
S1-100988	Apex Diagnostic Centre #990 and Path Lab	Unit #990, Shop 8, New Market Area, Bhopal, Madhya Pradesh, 462001	India
S1-100989	Apex Diagnostic Centre #991 & Path Lab	Unit #991, G-10, Ground Fl, Banjara Hills Road No 12, Hyderabad, Telangana, 560034	India
S1-100990	Delta Healthcare Partners #992 P.C.	Unit #992, 100 Montgomery Street, Suite 1500, San Francisco, CA, 94104	US
S1-100991	Royal Enfield Service #993 Centre	Unit #993, 104, Civil Lines, Near Bus Stand, Jaipur, Rajasthan, 302006	India
S1-100992	Evergreen Valley Dental #994 Associates	Unit #994, 100 Montgomery St, Suite 1500, San Francisco, CA, 94104	US
S1-100993	Delta Healthcare Partners #995 P.C.	Unit #995, 500 West Madison St, Chicago, 60661	US
S1-100994	Maruti Suzuki #996 India Limited	Unit #996, Shop 8, New Market Area, Bhopal, 462001	India
S1-100995	Olympic Mountain Sports #997 LLC	Unit #997, 100 Montgomery St, Suite 1500, San Francisco, 94104	US
S1-100996	Vekateshwara Hardware #998 & Electricals	Rajasthan, Unit #998, 104, Civil Lines, Nr Bus Stand	India
S1-100997	Magnolia Bakery & Cafe #999	Unit #999, 2500 Peachtree Rd NW, Atlanta	US
S1-100998	Cascade Software Labs #1000 Technologies	Unit #1000, 500 West Madison Street, Chicago, IL, 60661	US
S1-100999	krishn medical #1001 & general stores	Unit #1001, Shop 15, Sector 18 Market, Noida, Uttar Pradesh, 201301	India
S1-101000	Frontier Energy Systems #1002 Corp.	Unit #1002, 2500 Peachtree Rd NW, Atlanta, GA, 30305	US
S1-101001	Om Sai Digital Printing #1003 Services	Unit #1003, G-10, Ground Fl, Banjara Hills Road No 12, Hyderabad, Telangana, 560034	India
S1-101002	Apollo Hospitals #1004 Enterprise Ltd	Unit #1004, Door No 8-2-293, Jubilee Hills, Hyderabad, Telangana, 500033	India
S1-101003	Apex Diagnostic Centre #1005 & Path Lab	Unit #1005, Behind Nexus Mall, Koramangala 5th Block - Bengaluru - Karnataka - 560095	India
S1-101004	Beacon Financial Group #1006 Corp	Unit #1006, 350 Fifth Ave, 54th Floor, NY, 10118	US
S1-101005	HDFC Bank #1007 Ltd	Unit #1007, Opposite City Railway Station, M.G. Road, Pune, Maharashtra, 411001	India
S1-101006	Beacon Financial Group #1008 Corp	Unit #1008, 500 West Madison St, Chicago, IL, 60661	US
S1-101007	Maruti Suzuki #1009 India Limited	Unit #1009, Opposite City Railway Station, M.G. Road, Pune, Maharashtra, 411001	India
S1-101008	MAGNOLIA BAKERY & CAFE #1010	Unit #1010, 500 West Madison St, Chicago, 60661	US
S1-101009	Shree Ganesh Kirana #1011 Store	Unit #1011, Behind Nexus Mall, Koramangala 5th Block, Bengaluru, Karnataka, 560095	India
S1-101010	Frontier Energy Systems #1012 Corporation	Unit #1012, 500 West Madison Street, Chicago, IL, 60661	US
S1-101011	Sun Pharmaceutical #1013 Industries Ltd	Unit #1013, NH-8, Near Toll Plaza, Udyog Vihar Phase 4, Gurugram, Haryana, 122015	India
S1-101012	Titan Company #1014 Enterprises	Unit #1014, 12/A, Nariman Point, Express Towers, Mumbai, Maharashtra, 400021	India
S1-101013	Larsen & Toubro #1015 Infotech Ltd	Unit #1015, 45-B, Anna Salai, Mount Road, 600002	India
S1-101014	Olympic Mountain Sports #1016 LLC	Unit #1016, 2000 Ave of the Streetars, Los Angeles	US
S1-101015	Apex Global Logistics #1017 Inc.	Unit #1017, 500 West Madison Street, Chicago, IL, 60661	US
S1-101016	Summit View Veterinary #1018 Hospital	Unit #1018, 701 Brickell Avenue, Suite 1700, Miami, FL, 33131	US
S1-101017	Golden Gate Capital #1019 Holdings LLC	Unit #1019, 350 Fifth Ave, 54th Fl - New York - NY - 10118	US
S1-101018	Reliance Retail #1020 Pvt Ltd	Unit #1020, Shop 15, Sector 18 Market, Noida, Uttar Pradesh, 201301	India
S1-101019	Redwood Wealth Management #1021 Group	Unit #1021, 701 Brickell Ave, Suite 1700, Miami, 33131	US
S1-101020	Pacific Coast BioLabs #1022 Inc.	Unit #1022, 1301 Second Avenue, Ste 3000, Seattle, 98101	US
S1-101021	Titan Company #1023 Ent.	Unit #1023, Door No 8-2-293, Jubilee Hills, Hyderabad, Telangana, 500033	India
S1-101022	Pacific Coast BioLabs #1024 Inc.	Unit #1024, 2500 Peachtree Road NW, Atlanta, GA, 30305	US
S1-101023	Shree Balaji Udyog #1025 Private Limited	Unit #1025, Behind Nexus Mall, Koramangala 5th Block, Bengaluru, Karnataka, 560095	India
S1-101024	Swastik Auto Spares #1026 Works	Unit #1026, Door No 8-2-293, Jubilee Hills, Hyderabad, Telangana, 500033	India
S1-101025	State Bank of India #1027	Unit #1027, 104, Civil Lines, Near Bus Stand, Jaipur, Rajasthan, 302006	India
S1-101026	Dabur India 1028 Ltd.	560095, Unit #1028, Bhnd Nexus Mall, Koramangala 5th Block, Bengaluru	India
S1-101027	BHARTI AIRTEL #1029 ENTERPRISES	Unit #1029, 22, Park Street, 3rd Floor, Kolkata, West Bengal, 700016	India
S1-101028	Acme Industrial Solns #1030 LLC	Unit #1030, 111 Congress Avenue, Suite 400, Austin, TX, 78701	US
S1-101029	PATEL BROTHERS PROVISION #1031 BH&AR	Unit #1031, 45-B, Anna Salai, Mount Road, Chennai, Tamil Nadu, 600002	India
S1-101030	Apex Global Logistics #1032 Inc.	Unit #1032, 350 Fifth Ave, 54th Fl, New York, NY, 10118	US
S1-101031	Radha Raman Handlooms #1033 Emporium	Unit #1033, Opp. City Railway Station, M.G. Road, Pune, Maharashtra	India
S1-101032	BHARTI AIRTEL #1034 ENTERPRISES	Unit #1034, 22, Park Street, 3rd Floor, Kolkata, West Bengal, 700016	India
S1-101033	Radha Raman Handlooms #1035 Emporium	Unit #1035, Door No 8-2-293, Jubilee Hills, Hyderabad	India
S1-101034	Gupta Book Depot #1036 and Stationers	Unit #1036, Behind Nexus Mall, Koramangala 5th Block, Bengaluru, Karnataka, 560095	India
S1-101035	Mahindra & Mahindra #1037 Financial Services	Unit #1037, 45-B, Anna Salai, Mount Road, Chennai, Tamil Nadu, 600002	India
S1-101036	Apex Diagnostic Centre #1038 & Path Lab	560034, Unit #1038, G-10, Ground Floor, Banjara Hills Road No 12	India
S1-101037	Patel Brothers Provision #1039 Bhandar	Unit #1039, NH-8, Near Toll Plaza, Udyog Vihar Phase 4, Gurugram, Haryana, 122015	India
S1-101038	ACME INDUSTRIAL SOLUTIONS #1040 LLC	Unit #1040, 100 Montgomery St, Ste 1500 - San Francisco - CA - 94104	US
S1-101039	Mahindra and Mahindra 1041 Financial Services	Unit #1041, 104, Civil Lines, Near Bus Stand - Jaipur - Rajasthan	India
S1-101040	Beacon Financial Group #1042 Corp	Unit #1042, 1200 Smith Street, Suite 2200, Houston, TX, 77002	US
S1-101041	Horizon Media Group #1043 Enterprises	Unit #1043, 111 Congress Ave, Ste 400, Austin	US
S1-101042	Swastik Auto Spares #1044 Works	Unit #1044, Shop 8, New Market Area, Bhopal	India
S1-101043	Golden Gate Capital #1045 Holdings LLC	Unit #1045, 2500 Peachtree Rd NW, GA	US
S1-101044	Sri Laxmi Textiles #1046 and Sarees	Unit #1046, Near Old High Court, Mall Road, Shimla, Himachal Pradesh, 171001	India
S1-101045	Titan Company #1047 Enterprises	Unit #1047, Shop 15, Sector 18 Market, Noida, Uttar Pradesh, 201301	India
S1-101046	Redwood Wealth Management #1048 Group	Unit #1048, 111 Congress Avenue, Suite 400, Austin, TX, 78701	US
S1-101047	Shree Ganesh Kirana #1049 Store	Unit #1049, Shop 15, Sec 18 Market, Noida, Uttar Pradesh	India
S1-101048	Golden Gate Captal #1050 Holdings LLC	Unit #1050, 350 Fifth Ave, 54th Floor, New York, NY, 10118	US
S1-101049	Patel Brothers Provision #1051 Bhandar	Unit #1051, 45-B, Anna Salai, Mount Road - Chennai	India
S1-101050	Apollo Hospitals #1052 Enterprise Ltd	Unit #1052, Opposite City Railway Station, M.G. Road, Pune, Maharashtra, 411001	India
S1-101051	Magnolia Bakery and Cafe #1053	Unit #1053, 350 Fifth Ave, 54th Floor, New York, NY, 10118	US
S1-101052	Magnolia Bakery & Cafe #1054	Unit #1054, 2000 Avenuenue of the Streetars, Los Angeles, 90067	US
S1-101053	Horizon Media Group #1055 Enterprises	Houston, 77002, Unit #1055, 1200 Smith Street, Ste 2200, TX	US
S1-101054	Magnolia Bakery and Cafe #1056	Unit #1056, 500 West Madison St, Chicago, IL	US
S1-101055	Frontier Energy Systems #1057 Corporation	Unit #1057, 2500 Peachtree Rd NW, Atlanta, 30305	US
S1-101056	Reliance Retail #1058 Pvt Ltd	Unit #1058, Shop 15, Sector 18 Market, Noida, Uttar Pradesh, 201301	India
S1-101057	Adani Enterprises #1059 Ltd	Unit #1059, Door No 8-2-293, Jubilee Hills, Hyderabad, Telangana, 500033	India
S1-101058	nexus cloud tech #1060 corporation	IL, Chicago, Unit #1060, 500 West Madison Street	US
S1-101059	Swastik Auto Spares #1061 Works	Unit #1061, Door No 8-2-293, Jubilee Hills, Hyderabad, Telangana, 500033	India
S1-101060	Sri Laxmi Textiles #1062 and Sarees	Unit #1062, Chowk Bazaar, Near Ghanta Ghar, Surat, Gujarat, 395003	India
S1-101061	Gupta Book Depot #1063 and Stationers	Unit #1063, NH-8, Nr Toll Plaza, Udyog Vihar Ph 4, Gurugram, Haryana, 122015	India
S1-101062	sri laxmi textiles #1064 and sarees	Unit #1064, Near Old High Court, Mall Road, Shimla, Himachal Pradesh, 171001	India
S1-101063	APEX GLOBAL LOGISTICS #1065 INC.	Unit #1065, 2500 Peachtree Road NW, Atlanta, 30305	US
S1-101064	APEX GLOBAL LOGISTICS #1066 INC.	Unit #1066, 350 Fifth Ave, 54th Floor, New York, NY, 10118	US
S1-101065	Godrej Consumer Products #1067 Ltd	Unit #1067, Shop 15, Sec 18 Market, Noida	India
S1-101066	Evergreen Valley Dental #1068 Associates	Unit #1068, 2000 Avenue of the Stars, Los Angeles, CA	US
S1-101067	juniper ridge construction #1069 co.	Unit #1069, 701 Brickell Avenue, Suite 1700, Miami, FL, 33131	US
S1-101068	godrej consumer products #1070 ltd	Unit #1070, Behind Nexus Mall, Koramangala 5th Block, Bengaluru, Karnataka, 560095	India
S1-101069	asian paints #1071 colour solutions	Unit #1071, 22, Park St, 3rd Fl	India
S1-101070	Godrej Consumer Products #1072 Ltd	Unit #1072, Chowk Bazaar, Near Ghanta Ghar - Surat	India
S1-101071	delta healthcare partners #1073 p.c.	Unit #1073, 500 West Madison St - Chicago - IL - 60661	US
S1-101072	Pacific Coast BioLabs #1074 Inc.	Unit #1074, 701 Brickell Avenue, Suite 1700, Miami, FL, 33131	US
S1-101073	Ambika Jewellers #1075 Private Ltd.	Unit #1075, 12/A, Nariman Point, Express Towers, Maharashtra, 400021	India
S1-101074	Gupta Book Depot #1076 and Stationers	Unit #1076, Chowk Bazaar, Near Ghanta Ghar, Surat, Gujarat, 395003	India
S1-101075	Asian Paints #1077 Colour Solutions	Unit #1077, 104, Civil Lines, Nr Bus Stand, 302006	India
S1-101076	Titan Company #1078 Enterprises	Unit #1078, Shop 15, Sector 18 Market, Noida, Uttar Pradesh, 201301	India
S1-101077	Olympic Mountain Sports #1079 LLC	Unit #1079, 111 Congress Avenue, Suite 400, Austin, TX, 78701	US
S1-101078	Delta Healthcare Partners #1080 P.C.	Unit #1080, 500 West Madison Street, Chicago, IL, 60661	US
S1-101079	Apex Global Logistics #1081 Inc.	Unit #1081, 2500 Peachtree Rd NW, Atlanta, GA, 30305	US
S1-101080	Krishna Medical #1082 and General Stores	Unit #1082, Nr SBI ATM, Gali No 4, Karol Bagh, New Delhi, Delhi	India
S1-101081	Royal Enfield Service #1083 Centre	Unit #1083, 22, Park Street, 3rd Floor, Kolkata, West Bengal, 700016	India
S1-101082	ROYAL ENFIELD SERVICE #1084 CENTRE	Unit #1084, Chowk Bazaar, Near Ghanta Ghar, Surat, Gujarat, 395003	India
S1-101083	Beacon Financial Group #1085 Corp	Unit #1085, 1301 Second Avenue, Suite 3000, Seattle, WA, 98101	US
S1-101084	Ironclad Security Services #1086 Inc	Unit #1086, 350 Fifth Ave, 54th Floor, New York, NY, 10118	US
S1-101085	Liberty Auto Body #1087 & Repair	Unit #1087, 111 Congress Avenue, Suite 400, Austin	US
S1-101086	Summit View Veterinary #1088 Hospital	Unit #1088, 500 West Madison Street, Chicago, IL, 60661	US
S1-101087	Quantum Leap Robotics #1089 LLC	Unit #1089, 100 Montgomery St, Suite 1500, San Francisco, CA, 94104	US
S1-101088	Beacon Financial Group #1090 Corp	Unit #1090, 100 Montgomery St, Suite 1500, San Francisco, CA, 94104	US
S1-101089	ACME INDUSTRIAL SOLUTIONS #1091 LLC	Unit #1091, 100 Montgomery St, Suite 1500, San Francisco, CA, 94104	US
S1-101090	Keystone Property Management #1092 LLC	Unit #1092, 701 Brickell Avenue, Suite 1700, Miami, FL, 33131	US
S1-101091	Krishna Medical #1093 and General Stores	Unit #1093, Shop 8, New Market Area - Bhopal - Madhya Pradesh - 462001	India
S1-101092	Keystone Property Management #1094 LLC	Unit #1094, 1301 Second Avenue, Suite 3000, Seattle, WA, 98101	US
S1-101093	Krishna Medical #1095 and General Stores	Unit #1095, G-10, Ground Fl, Banjara Hills Rd No 12, Hyderabad, Telangana, 560034	India
S1-101094	Liberty Auto Body #1096 and Repair	Unit #1096, 2000 Avenue of the Stars, Los Angeles, CA, 90067	US
S1-101095	Reliance Retail #1097 Pvt Ltd	Unit #1097, NH-8, Near Toll Plaza, Udyog Vihar Phase 4, Gurugram, Haryana, 122015	India
S1-101096	Nexus Cloud Technologies #1098 Corporation	Unit #1098, 1200 Smith Street, Suite 2200, Houston, TX, 77002	US
S1-101097	Nexus Cloud Technologies #1099 Corporation	Unit #1099, 1200 Smith Street, Suite 2200, Houston, TX, 77002	US
S1-101098	Sun Pharmaceutical #1100 Industries Ltd	Unit #1100, Behind Nexus Mall, Koramangala 5th Block, Bengaluru, 560095	India
S1-101099	golden gate capital #1101 oldings llc	Unit #1101, 2000 Ave of the Stars, Los Angeles, 90067	US
S1-101100	Apex Diagnostic Centre #1102 & Path Lab	Unit #1102, Opposite City Railway Station, M.G. Road, Pune, Maharashtra, 411001	India
S1-101101	bharti airtel #1103 ent.	Unit #1103, Shop 15, Sec 18 Market, Noida, Uttar Pradesh, 201301	India
S1-101102	HDFC Bank #1104 Ltd	Unit #1104, G-10, Ground Fl, Banjara Hills Road No 12 - Hyderabad - Telangana	India
S1-101103	Evergreen Valley Dental #1105 Associates	Unit #1105, 350 Fifth Ave, 54th Flooroor, New York, NY	US
S1-101104	TATA CONSULTANCY SERV. #1106 LIMITED	Unit #1106, Plot 42, Electronic City Phasease 1, 560100	India
S1-101105	Golden Gate Capital #1107 Holdings LLC	Unit #1107, 350 Fifth Ave, 54th Fl - 10118 - New York	US
S1-101106	Mahindra & Mahindra #1108 FinancialServ.	Unit #1108, 45-B, Anna Salai, Mount Rd, Tamil Nadu, 600002	India
S1-101107	Juniper Ridge Construction #1109 Co.	Unit #1109, 701 Brickell Avenue, Suite 1700, Miami, FL, 33131	US
S1-101108	Apex Global Logistics #1110 Inc.	60661, Unit #1110, 500 West Madison Street, Chicago	US
S1-101109	magnolia bakery and cafe #1111	Unit #1111, 350 Fifth Ave, 54th Fl, New York, 10118	US
S1-101110	Keyston Property Management #1112 LLC	Unit #1112, 1301 Sectorond Avenue, Suite 3000, Seattle, WA	US
S1-101111	Sri Laxmi Textiles #1113 and Sarees	Unit #1113, Shop 8, New Market Area, Bhopal, Madhya Pradesh, 462001	India
S1-101112	Summit View Veterinary #1114 Hospital	Unit #1114, 500 West Madison Street, Chicago, IL	US
S1-101113	Maruti Suzuki #1115 India Ltd.	Unit #1115, Shop 15, Sector 18 Market, Noida, Uttar Pradesh, 201301	India
S1-101114	Apollo Hospitals #1116 Enterprise Ltd	Unit #1116, Opp. City Railway Station, M.G. Road, Pune, Maharashtra, 411001	India
S1-101115	Bajaj Auto #1117 Holdings Ltd	Unit #1117, Shop 15, Sector 18 Market, Noida, Uttar Pradesh, 201301	India
S1-101116	Delta Healthcare Partners #1118 P.C.	Unit #1118, 500 West Madison Street, Chicago, IL, 60661	US
S1-101117	Titan Company #1119 Ent.	Unit #1119, Opposite City Railway Station, M.G. Road, Pune, Maharashtra, 411001	India
S1-101118	Cascade Software Labs #1120 Technologies	Unit #1120, 2000 Avenue of the Stars, Los Angeles, CA, 90067	US
S1-101119	Juniper Ridge Construction #1121 Company	Unit #1121, 2500 Peachtree Rd NW, Atlanta, GA, 30305	US
S1-101120	Liberty Auto Body #1122 & Repair	Unit #1122, 2500 Peachtree Rd NW, Atlanta, 30305	US
S1-101121	Godrej Consumer Products #1123 Ltd	Unit #1123, 104, Civil Lines, Near Bus Stand, Jaipur, Rajasthan, 302006	India
S1-101122	Olympic Mountain Sports #1124 LLC	Unit #1124, 1301 Second Avenue, Suite 3000, Seattle, WA, 98101	US
S1-101123	Wipro Consumer Care #1125 and Lighting	Unit #1125, Shop 8, New Market Area, Bhopal, Madhya Pradesh, 462001	India
S1-101124	hindustan unilever #1126 trading co	Unit #1126, G-10, Ground Floor, Banjara Hills Road No 12, Hyderabad, Telangana, 560034	India
S1-101125	State Bank of India #1127	Unit #1127, 45-B, Anna Salai, Mount Road, Chennai, Tamil Nadu, 600002	India
S1-101126	Liberty Auto ody #1128 and Repair	Unit #1128, 350 Fifth Avenue, 54th Floor, New York, NY	US
S1-101127	Liberty Auto Body #1129 & Repair	Unit #1129, 100 Federal Streetreet, 28th Flooroor, Boston	US
S1-101128	Olympic Mountain Sports #1130 LLC	Unit #1130, 500 West Madison St, Chicago, IL, 60661	US
S1-101129	Swastik Auto Spares #1131 Works	Unit #1131, Plot 42, Electronic City Phase 1, 560100	India
S1-101130	Godrej Consumer Products #1132 Ltd	Unit #1132, NH-8, Near Toll Plaza, Udyog Vihar Phasease 4, Gurugram	India
S1-101131	Summit View Veterinary #1133 Hospital	Unit #1133, 111 Congress Avenuenue, Suite 400, Austin, TX	US
S1-101132	TITAN COMPANY #1134 ENT.	Unit #1134, 104, Civil Lines, Near Bus Stand, Jaipur, Rajasthan, 302006	India
S1-101133	Keystone Property Management #1135 LLC	Unit #1135, 350 Fifth Ave, 54th Flooroor, New York, NY, 10118	US
S1-101134	Mahindra & Mahindra #1136 Financial Services	Unit #1136, Shop 8, New Market Area, Bhopal, Madhya Pradesh, 462001	India
S1-101135	Cascade Software Labs #1137 Technologies	Unit #1137, 111 Congress Avenue, Suite 400, Austin, TX, 78701	US
S1-101136	hdfc bank #1138 ltd	Unit #1138, Shop 15, Sector 18 Market, Noida, Uttar Pradesh, 201301	India
S1-101137	Juniper Ridge Construction #1139 Co.	Unit #1139, 350 Fifth Ave, 54th Fl, New York, 10118	US
S1-101138	state bank of india #1140	Unit #1140, 22, Park Street, 3rd Floor, Kolkata, West Bengal, 700016	India
S1-101139	Olympic Mountain Sports #1141 LLC	Unit #1141, 350 Fifth Ave, 54th Floor, New York, NY, 10118	US
S1-101140	Juniper Ridge Construction #1142 Company	Unit #1142, 1301 Second Ave, Ste 3000, 98101, WA, Seattle	US
S1-101141	Summit View Veterinary #1143 Hospital	Unit #1143, 500 West Madison St, Chicago, 60661	US
S1-101142	Evergreen Valley Dental #1144 Associates	Unit #1144, 1200 Smith Street, Suite 2200, Houston, TX, 77002	US
S1-101143	Olympic Mountain Sports #1145 LLC	Unit #1145, 111 Congress Ave, Ste 400, Austin, TX, 78701	US
S1-101144	Nexus Cloud Technologies #1146 Corporation	Unit #1146, 1200 Smith Street, Suite 2200, Houston, TX, 77002	US
S1-101145	Shree Balaji Udyog #1147 Private Limited	Unit #1147, Door No 8-2-293, Jubilee Hills, Hyderabad, Telangana, 500033	India
S1-101146	Royal Enfield Service #1148 Centre	Unit #1148, 104, Civil Lines, Near Bus Streetand, Jaipur, 302006	India
S1-101147	State Bank of India #1149	Unit #1149, Shop 15, Sector 18 Market, Noida, Uttar Pradesh, 201301	India
S1-101148	Beacon Financial Group #1150 Corp	Unit #1150, 100 Montgomery St, Suite 1500, San Francisco, CA, 94104	US
S1-101149	Shree Laxmi Textiles #1151 and Sarees	Unit #1151, 104, Civil Lines, Near Bus Stand, Jaipur, Rajasthan, 302006	India
S1-101150	Evergreen Valley Dental #1152 Associates	Unit #1152, 701 Brickell Ave, Suite 1700, Miami, FL, 33131	US
S1-101151	Apex Global Logistics #1153 Inc.	Los Angeles, Unit #1153, 2000 Ave of the Stars, 90067, CA	US
S1-101152	Acme Industrial Sons #1154 LLC	Unit #1154, 2500 Peachtree Rd NW, Atlanta, GA, 30305	US
S1-101153	Frontier Energy Systems #1155 Corporation	Unit #1155, 500 West Madison Street, Chicago, 60661	US
S1-101154	Beacon Financial Group #1156 Corp	Unit #1156, 2500 Peachtree Road NW, Atlanta, GA	US
S1-101155	Swastik Auto Spares #1157 Works	Unit #1157, 12/A, Nariman Point, Express Towers, Mumbai, Maharashtra, 400021	India
S1-101156	Acme Industrial Solutions #1158 LLC	Unit #1158, 1200 Smith Street, Suite 2200, Houston, TX, 77002	US
S1-101157	APOLLO HOSPITALS #1159 ENTERPRISE LTD	Unit #1159, 12/A, Nariman Point, Express Towers, Mumbai, Maharashtra, 400021	India
S1-101158	Apex Global Logistics #1160 Inc.	Unit #1160, 701 Brickell Avenue, Suite 1700, Miami, FL, 33131	US
S1-101159	Liberty Auto Body #1161 & Repair	Unit #1161, 100 Federal Street, 28th Floor, Boston, MA, 02110	US
S1-101160	Shree Balaji Udyog #1162 Pvt Ltd	Unit #1162, Shop 15, Sector 18 Market, Noida, Uttar Pradesh, 201301	India
S1-101161	Quantum Leap Robotics #1163 LLC	Unit #1163, 701 Brickell Avenue, Suite 1700, Miami, FL, 33131	US
S1-101162	Dabur India #1164 Ltd.	Unit #1164, 45-B, Anna Salai, Mount Road, Chennai, Tamil Nadu, 600002	India
S1-101163	Godrej Consumer Products #1165 Ltd	Unit #1165, 12/A, Nariman Point, Express Towers, Mumbai, 400021	India
S1-101164	Horizon Media Group #1166 Enterprises	Unit #1166, 500 West Madison St - Chicago - IL - 60661	US
S1-101165	LARSEN AND TOUBRO #1167 INFOTECH LTD	Unit #1167, 12/A, Nariman Point, Express Towers, Mumbai, Maharashtra, 400021	India
S1-101166	Olympic Mountain Sports #1168 LLC	Unit #1168, 111 Congress Avenuenue, Suite 400, Austin, TX, 78701	US
S1-101167	Frontier Energy Systems #1169 Corporation	Unit #1169, 100 Federal Street, 28th Floor, Boston, MA, 02110	US
S1-101168	Golden Gate Capital #1170 Holdings LLC	Unit #1170, 500 West Madison Streetreet, Chicago, 60661	US
S1-101169	Beacon Financial Group #1171 Corp	Austin, Unit #1171, 111 Congress Ave, Suite 400, 78701, TX	US
S1-101170	Venkateshwara Hardware #1172 & Electricas	Unit #1172, Plot 42, Electronic City Phase 1, 560100, Bengaluru	India
S1-101171	Ironclad Security Services #1173 Inc	Unit #1173, 2000 Avenue of the Stars, Los Angeles, CA, 90067	US
S1-101172	Ambika Jewellers #1174 Pt. Ltd.	Unit #1174, 22, Park Street, 3rd Floor, Kolkata, West Bengal, 700016	India
S1-101173	HDFC Bank #1175 Ltd	Unit #1175, Opposite City Railway Station, M.G. Road, Pune, Maharashtra, 411001	India
S1-101174	Pacific Coast BioLabs #1176 Inc.	Seattle, 98101, WA, Unit #1176, 1301 Second Avenue, Suite 3000	US
S1-101175	Keystone Property Management #1177 LLC	Unit #1177, 111 Congress Ave, Suite 400, Austin, 78701	US
S1-101176	Apex Global Logistics #1178 Inc.	Unit #1178, 2500 Peachtree Rd NW, Atlanta, GA, 30305	US
S1-101177	Venateshwara Hardware #1179 & Electricals	Unit #1179, 104, Civil Lines, Near Bus Stand, Jaipur, Rajasthan, 302006	India
S1-101178	Maruti Suzuki #1180 India Limited	Unit #1180, 22, Park St, 3rd Fl, Kolkata, 700016	India
S1-101179	pacific coast biolabs #1181 inc.	Unit #1181, 1200 Smith Street, Suite 2200, Houston, TX, 77002	US
S1-101180	Kailash Parbat Pure Veg #1182 Restaurant	Unit #1182, Shop 15, Sector 18 Market, Noida, Uttar Pradesh, 201301	India
S1-101181	Sharma Sweet House #1183 and Restaurant	Unit #1183, NH-8, Near Toll Plaza, Udyog Vihar Phase 4, Gurugram, Haryana, 122015	India
S1-101182	Gupta Book Depot #1184 and Stationers	Unit #1184, 104, Civil Lines, Near Bus Stand, Jaipur, Rajasthan, 302006	India
S1-101183	Tata Consultancy Services #1185 Ltd.	Unit #1185, Near SBI ATM, Gali No 4, Karol Bagh, New Delhi, Delhi, 110005	India
S1-101184	Shree Balaji Udyog #1186 Pvt Ltd	Unit #1186, Shop 15, Sec 18 Market, Noida, Uttar Pradesh, 201301	India
S1-101185	Radha Raman Handlooms #1187 Emporium	Unit #1187, Shop 15, Sector 18 Market, Noida, Uttar Pradesh, 201301	India
S1-101186	HFC BANK #1188 LTD	Unit #1188, 45-B, Anna Salai, Mount Road, Chennai, Tamil Nadu, 600002	India
S1-101187	Horizon Media Group #1189 Enterprises	Unit #1189, 350 Fifth Ave, 54th Floor, New York, NY, 10118	US
S1-101188	Apex Global Logistics #1190 Inc.	Unit #1190, 701 Brickell Avenue, Suite 1700, Miami, FL, 33131	US
S1-101189	Kailash Parbat Pure Veg #1191 Restaurant	Unit #1191, NH-8, Near Toll Plaza, Udyog Vihar Phase 4, Gurugram, Haryana, 122015	India
S1-101190	Venkatshwara Hardware #1192 & Electricals	Unit #1192, Opposite City Railway Streetation, M.G. Rd, Pune, Maharashtra	India
S1-101191	Sri Laxmi Textiles #1193 & Saees	Unit #1193, 22, Park Street, 3rd Floor, Kolkata, West Bengal, 700016	India
S1-101192	Keystone Property Management #1194 LLC	Unit #1194, 111 Congress Avenue, Suite 400, Austin, TX, 78701	US
S1-101193	APEX GLOBAL LOGISTICS #1195 INC.	Unit #1195, 701 Brickell Avenue, Suite 1700, Miami, FL, 33131	US
S1-101194	Apollo Hospitals #1196 Enterprise Ltd	Unit #1196, Shop 8, New Market Area, Bhopal, Madhya Pradesh	India
S1-101195	Apollo Hospitals #1197 Enterprise Ltd	Unit #1197, G-10, Ground Floor, Banjara Hills Rd No 12, Hyderabad, Telangana	India
S1-101196	Beacn Financial Group #1198 Corp	Unit #1198, 100 Federal Street, 28th Floor, Boston, MA, 02110	US
S1-101197	Bharti Airtel #1199 Enterprises	Unit #1199, Shop 15, Sector 18 Market, Noida, Uttar Pradesh, 201301	India
S1-101198	Krishna Medical #1200 and General Stores	Hyderabad, 500033, Unit #1200, Door No 8-2-293, Jubilee Hills	India
S1-101199	Maruti Suzuki #1201 India Limited	Unit #1201, Shop 8, New Market Area, Bhopal, 462001	India
S1-101200	Royal Enfield Serice #1202 Centre	Unit #1202, Near Old High Court, Mall Road, Shimla, Himachal Pradesh, 171001	India
S1-101201	Frontier Energy Systems #1203 Corporation	Unit #1203, 100 Montgomery St, Suite 1500 - San Francisco - 94104 - CA	US
S1-101202	Magnolia Bakery and Cafe #1204	Unit #1204, 111 Congress Avenue, Suite 400, Austin, TX, 78701	US
S1-101203	Krishna Medical #1205 and General Stores	Unit #1205, Nr Old High Court, Mall Rd - Shimla - 171001	India
S1-101204	Golden Gate Capital #1206 Holdings LLC	Unit #1206, 2000 Avenue of the Stars, Los Angeles, CA, 90067	US
S1-101205	Bharti Airtel #1207 Enterprises	Unit #1207, Near Old High Court, Mall Road, Shimla, Himachal Pradesh, 171001	India
S1-101206	Frontier Energy Systems #1208 Corp.	Unit #1208, 111 Congress Ave, Ste 400, Austin, TX, 78701	US
S1-101207	keystone property management #1209 llc	Unit #1209, 2000 Avenue of the Stars, Los Angeles, CA, 90067	US
S1-101208	Kailash Parbat Pure Veg #1210 Restaurant	Unit #1210, G-10, Ground Floor, Banjara Hills Road No 12, Hyderabad, Telangana, 560034	India
S1-101209	Pacific Coast BioLabs #1211 Inc.	Unit #1211, 111 Congress Avenue, Suite 400, Austin, TX, 78701	US
S1-101210	Apollo Hospitals #1212 Enterprise Ltd	Unit #1212, 12/A, Nariman Point, Express Towers, Mumbai, Maharashtra, 400021	India
S1-101211	Titan Company #1213 Ent.	Unit #1213, Bhnd Nexus Mall, Koramangala 5th Block - Bengaluru - Karnataka	India
S1-101212	Radha Raman Handlooms #1214 Emporium	Unit #1214, Behind Nexus Mall, Koramangala 5th Block, Bengaluru, Karnataka, 560095	India
S1-101213	Gupta Book Depot #1215 and Stationers	Unit #1215, 45-B, Anna Salai, Mount Road, Chennai, Tamil Nadu, 600002	India
S1-101214	Om Sai Digital Printing #1216 Serv.	Unit #1216, Chowk Bazaar, Nr Ghanta Ghar, Surat, Gujarat	India
S1-101215	Frontier Energy Systems #1217 Corporation	Unit #1217, 2500 Peachtree Rd NW, Atlanta, GA, 30305	US
S1-101216	Patel Brothers Provision #1218 Bhandar	Unit #1218, Shop 15, Sector 18 Market, Noida, Uttar Pradesh, 201301	India
S1-101217	Olympic Mountain Sports #1219 LLC	Unit #1219, 100 Montgomery St, Suite 1500, San Francisco, CA, 94104	US
S1-101218	keystone property management #1220 llc	Unit #1220, 2500 Peachtree Rd NW, Atlanta, GA, 30305	US
S1-101219	Sharma Sweet House #1221 & Restaurant	Unit #1221, 104, Civil Lines, Nr Bus Stand, Rajasthan	India
S1-101220	Asian Paints #1222 Colour Solutions	Unit #1222, Near SBI ATM, Gali No 4, Karol Bagh, 110005	India
S1-101221	Pacific Coast BioLabs #1223 Inc.	Unit #1223, 100 Federal Street, 28th Fl, Boston, MA, 02110	US
S1-101222	Wipro Consumer Care #1224 and Lighting	Unit #1224, Near Old High Court, Mall Rd, Shimla, 171001	India
S1-101223	Pacific Coast BioLabs #1225 Inc.	Unit #1225, 701 Brickell Avenuenue, Suite 1700, Miami, FL	US
S1-101224	Krishna Medical #1226 and General Stores	Unit #1226, Shop 15, Sec 18 Market, Noida, Uttar Pradesh, 201301	India
S1-101225	Dabur India #1227 Limited	Unit #1227, Opposite City Railway Station, M.G. Road, Pune, Maharashtra, 411001	India
S1-101226	Om Sai Digital Printing #1228 Services	Unit #1228, 104, Civil Lines, Near Bus Stand, Jaipur, Rajasthan, 302006	India
S1-101227	hindustan unilever #1229 trading co	Unit #1229, 12/A, Nariman Point, Express Towers, 400021	India
S1-101228	Adani Ent. #1230 Ltd	Unit #1230, Near Old High Court, Mall Rd, Shimla, Himachal Pradesh, 171001	India
S1-101229	Bajaj Auto #1231 Holdings Ltd	Unit #1231, Door No 8-2-293, Jubilee Hills, Hyderabad, Telangana, 500033	India
S1-101230	Sun Pharmaceutical #1232 Industries Ltd	Unit #1232, Shop 15, Sec 18 Market, Noida, Uttar Pradesh	India
S1-101231	bajaj auto #1233 holdings ltd	Unit #1233, 22, Park St, 3rd Fl - Kolkata - West Bengal - 700016	India
S1-101232	Cascade Software Labs #1234 Technologies	Unit #1234, 1200 Smith St, Suite 2200, Houston, TX	US
S1-101233	om ai digital printing #1235 serv.	Unit #1235, NH-8, Near Toll Plaza, Udyog Vihar Phase 4, Gurugram, Haryana	India
S1-101234	Magnolia Bakery and Cafe #1236	Unit #1236, 111 Congress Avenue, Suite 400, Austin, TX, 78701	US
S1-101235	Apex Global Logistics #1237 Inc.	Unit #1237, 2000 Avenue of the Stars, Los Angeles, CA, 90067	US
S1-101236	APEX GLOBAL LOGISTICS #1238 NC.	Unit #1238, 2000 Avenue of the Streetars, Los Angeles	US
S1-101237	Apex Global Logistics #1239 Inc.	Unit #1239, 701 Brickell Avenue, Suite 1700, Miami, FL, 33131	US
S1-101238	Ambika Jewellers #1240 Private Limited	122015, Unit #1240, NH-8, Nr Toll Plaza, Udyog Vihar Phase 4, Gurugram	India
S1-101239	Infosys Technologies #1241 Ltd	Unit #1241, Shop 15, Sector 18 Market, Noida, Uttar Pradesh, 201301	India
S1-101240	Shree Laxmi Textiles #1242 and Sarees	Unit #1242, Plot 42, Electronic City Phase 1 - Bengaluru - 560100	India
S1-101241	Radha Raman Handlooms #1243 Emporium	Unit #1243, Plot 42, Electronic City Phase 1, Bengaluru, Karnataka, 560100	India
S1-101242	Sun Pharmaceutical #1244 Industries Ltd	Unit #1244, Door No 8-2-293, Jubilee Hills, Hyderabad	India
S1-101243	Mahindra & Mahindra #1245 Financial Services	Unit #1245, G-10, Ground Floor, Banjara Hills Road No 12, Hyderabad, Telangana, 560034	India
S1-101244	icici securities #1246 private ltd.	Unit #1246, Plot 42, Electronic City Phase 1, Bengaluru, 560100	India
S1-101245	Apollo Hospitals #1247 Enterprise Ltd	Unit #1247, Near SBI ATM, Gali No 4, Karol Bagh, New Delhi, Delhi, 110005	India
S1-101246	Summit View Veterinary #1248 Hospital	Unit #1248, 1200 Smith Street, Suite 2200, Houston, TX, 77002	US
S1-101247	Asian Paints #1249 Colour Slns	New Delhi, Unit #1249, Nr SBI ATM, Gali No 4, Karol Bagh, 110005	India
S1-101248	Juniper Ridge Construction #1250 Co.	Houston, Unit #1250, 1200 Smith St, Ste 2200	US
S1-101249	Quantum Leap Robotics #1251 LLC	Unit #1251, 2000 Avenue of the Stars, Los Angeles, CA, 90067	US
S1-101250	Kailash Parbat Pure Veg #1252 Restaurant	Unit #1252, Shop 15, Sector 18 Market, Noida, Uttar Pradesh, 201301	India
S1-101251	Evergreen Valley Dental #1253 Associates	Unit #1253, 111 Congress Ave, Ste 400, Austin, 78701	US
S1-101252	Maruti Suzuki #1254 India Limited	Unit #1254, Shop 15, Sector 18 Market, Noida, Uttar Pradesh, 201301	India
S1-101253	Delta Healthcare Partners #1255 P.C.	Unit #1255, 1200 Smith Street, Suite 2200, Houston, TX, 77002	US
S1-101254	Kailash Parbat Pure Veg #1256 Restaurant	Unit #1256, 104, Civil Lines, Nr Bus Streetand, Jaipur	India
S1-101255	Larsen and Toubro #1257 Infotech Ltd	Unit #1257, 22, Park Street, 3rd Floor, Kolkata, West Bengal, 700016	India
S1-101256	Acme Industrial Solutions #1258 LLC	Unit #1258, 111 Congress Avenue, Suite 400, Austin, TX, 78701	US
S1-101257	Bharti Airtel #1259 Enterprises	Unit #1259, Near Old High Court, Mall Road, Shimla, Himachal Pradesh, 171001	India
S1-101258	Patel Brothers Provision #1260 Bhandar	Unit #1260, Behind Nexus Mall, Koramangala 5th Block - Bengaluru	India
S1-101259	Reliance Retail #1261 Pvt Ltd	Unit #1261, Behind Nexus Mall, Koramangala 5th Block, Bengaluru, Karnataka, 560095	India
S1-101260	Godrej Consumer Products #1262 Ltd	Unit #1262, Plot 42, Electronic City Phase 1, Karnataka, 560100	India
S1-101261	kailash parbat pure veg #1263 restaurant	Unit #1263, Plot 42, Electronic City Phase 1, Karnataka, Bengaluru	India
S1-101262	Summit View Veterinary #1264 Hospital	Unit #1264, 2000 Avenue of the Stars, Los Angeles, CA, 90067	US
S1-101263	Mahindra & Mahindra #1265 Financial Services	Unit #1265, G-10, Ground Floor, Banjara Hills Road No 12, Hyderabad, Telangana, 560034	India
S1-101264	Apex Global Logistics #1266 Inc.	Unit #1266, 701 Brickell Avenue, Ste 1700, Miami, FL, 33131	US
S1-101265	Acme Industrial Solns #1267 LLC	Unit #1267, 2500 Peachtree Rd NW, Atlanta, GA, 30305	US
S1-101266	Nexus Cloud Technologies #1268 Corporation	Unit #1268, 100 Montgomery St, Suite 1500, San Francisco, CA, 94104	US
S1-101267	State Bank of India #1269	Unit #1269, 12/A, Nariman Point, Express Towers, Mumbai, Maharashtra, 400021	India
S1-101268	Larsen and Toubro #1270 Infotech Ltd	201301, Noida, Unit #1270, Shop 15, Sector 18 Market, Uttar Pradesh	India
S1-101269	Titan Company #1271 Enterprises	Unit #1271, Shop 15, Sec 18 Market, Noida, Uttar Pradesh, 201301	India
S1-101270	Frontier Energy Systems #1272 Corporation	Unit #1272, 701 Brickell Avenue, Suite 1700, Miami, FL, 33131	US
S1-101271	Larsen & Toubro #1273 Infotech Ltd	New Delhi, 110005, Unit #1273, Near SBI ATM, Gali No 4, Karol Bagh	India
S1-101272	Redwood Walth Management #1274 Group	Unit #1274, 350 Fifth Avenue, 54th Flooroor, NY	US
S1-101273	Nexus Cloud Technologies #1275 Corporation	Unit #1275, 2000 Avenuenue of the Stars, Los Angeles, CA, 90067	US
S1-101274	Hindustan Unilever #1276 Trading Co	Unit #1276, Opposite City Railway Station, M.G. Road, Pune, Maharashtra, 411001	India
S1-101275	HDFC Bank #1277 Ltd	Unit #1277, Chowk Bazaar, Near Ghanta Ghar, Surat, Gujarat, 395003	India
S1-101276	Magnolia Bakery and Cafe #1278	Unit #1278, 500 West Madison St, Chicago, 60661	US
S1-101277	ICICI Securities #1279 Pvt. Ltd.	Unit #1279, 22, Park Street, 3rd Floor, Kolkata, 700016	India
S1-101278	Redwood Wealth Management #1280 Group	Unit #1280, 1301 Second Avenue, Suite 3000, Seattle, WA, 98101	US
S1-101279	Sun Pharmaceutical #1281 Industries Ltd	Unit #1281, Shop 15, Sec 18 Market, Noida, 201301	India
S1-101280	state bank of india #1282	Unit #1282, Shop 8, New Market Area, Bhopal, Madhya Pradesh, 462001	India
S1-101281	Cascade Software Labs #1283 Tech	Unit #1283, 350 Fifth Ave, 54th Floor, New York, NY, 10118	US
S1-101282	Titan Company #1284 Ent.	Unit #1284, 45-B, Anna Salai, Mount Road, Chennai, Tamil Nadu, 600002	India
S1-101283	State Bank of India #1285	Unit #1285, Chowk Bazaar, Nr Ghanta Ghar, Surat, Gujarat, 395003	India
S1-101284	Venkateshwara Hardware #1286 and Electricals	Unit #1286, 22, Park St, 3rd Fl, Kolkata, West Bengal, 700016	India
S1-101285	HDFC Bank #1287Ltd	Unit #1287, Plot 42, Electronic City Phase 1, Bengaluru, Karnataka, 560100	India
S1-101286	Sun Pharmaceutical #1288 Industries Ltd	Unit #1288, Near Old High Court, Mall Road, Shimla, Himachal Pradesh, 171001	India
S1-101287	Nexus Cloud Technologies #1289 Corporation	TX, Unit #1289, 1200 Smith Streetreet, Ste 2200, 77002, Houston	US
S1-101288	Keystone Property Management #1290 LLC	Unit #1290, 350 Fifth Ave, 54th Fl, New York, 10118	US
S1-101289	Acme Industrial Solns #1291 LLC	Unit #1291, 2500 Peachtree Road NW, GA, 30305	US
S1-101290	Ambika Jewellers #1292 Pvt. Ltd.	Unit #1292, 12/A, Nariman Point, Express Towers, Mumbai, Maharashtra, 400021	India
S1-101291	Pacific Coast BioLabs #1293 Inc.	Unit #1293, 100 Federal Street, 28th Floor, Boston, MA, 02110	US
S1-101292	shee laxmi textiles #1294 and sarees	Unit #1294, 22, Park Street, 3rd Floor, Kolkata, West Bengal, 700016	India
S1-101293	Apex Diagnostic Centre #1295 & Path Lab	Unit #1295, 12/A, Nariman Point, Express Towers, Mumbai, Maharashtra, 400021	India
S1-101294	Ironclad Security Services #1296 Inc	Unit #1296, 100 Federal Street, 28th Floor, Boston, MA, 02110	US
S1-101295	Sun Pharmaceutical #1297 Industries Ltd	Unit #1297, 12/A, Nariman Point, Express Towers, Mumbai, Maharashtra, 400021	India
S1-101296	Quantum Leap Robotics #1298 LLC	GA, Unit #1298, 2500 Peachtree Rd NW, Atlanta, 30305	US
S1-101297	Horizon Media Group #1299 Enterprises	Unit #1299, 350 Fifth Ave, 54th Floor, New York, NY	US
S1-101298	Hindustan Unilever #1300 Trading Co	Unit #1300, NH-8, Near Toll Plaza, Udyog Vihar Phase 4, Gurugram, Haryana, 122015	India
S1-101299	Asian Paints #1301 Colour Solutions	Unit #1301, Near Old High Court, Mall Road, Shimla, Himachal Pradesh, 171001	India
S1-101300	vekateshwara hardware #1302 & electricals	Unit #1302, Behind Nexus Mall, Koramangala 5th Block, Bengaluru, 560095	India
S1-101301	Magnolia Bakery and Cafe #1303	Unit #1303, 1301 Second Avenue, Suite 3000, Seattle, WA, 98101	US
S1-101302	gupta book depot #1304 and stationers	Unit #1304, Plot 42, Electronic City Phase 1, Bengaluru, Karnataka, 560100	India
S1-101303	Asian Paints #1305 Colour Solutions	Unit #1305, Shop 15, Sector 18 Market, Noida, Uttar Pradesh, 201301	India
S1-101304	patel brothers provision #1306 bhandar	462001, Bhopal, Unit #1306, Shop 8, New Market Area, Madhya Pradesh	India
S1-101305	Adani Enterprises #1307 Ltd	Unit #1307, Behind Nexus Mall, Koramangala 5th Block, Bengaluru, Karnataka, 560095	India
S1-101306	Venkateshwara Hardware #1308 and Electricals	Unit #1308, Door No 8-2-293, Jubilee Hills, Hyderabad, Telangana, 500033	India
S1-101307	ambika jewellers #1309 pvt. ltd.	Unit #1309, Near SBI ATM, Gali No 4, Karol Bagh, New Delhi	India
S1-101308	Olympic Mountain Sports #1310 LLC	Unit #1310, 701 Brickell Avenue, Suite 1700, Miami, FL, 33131	US
S1-101309	Dbur India #1311 Ltd.	Unit #1311, Plot 42, Electronic City Phase 1, Bengaluru, 560100	India
S1-101310	Apex Diagnostic Centre #1312 & Path Lab	Unit #1312, Plot 42, Electronic City Phase 1, Bengaluru, Karnataka, 560100	India
S1-101311	LARSEN & TOUBRO #1313 INFOTECH LTD	Unit #1313, Door No 8-2-293, Jubilee Hills, Hyderabad, Telangana, 500033	India
S1-101312	Patel Brothers Provision #1314 Bhandar	Unit #1314, Nr SBI ATM, Gali No 4, Karol Bagh, New Delhi, Delhi, 110005	India
S1-101313	Asian Paints #1315 Colour Solutions	Hyderabad, 500033, Unit #1315, Door No 8-2-293, Jubilee Hills, Telangana	India
S1-101314	Infosys Tech #1316Ltd	Unit #1316, Opp. City Railway Streetation, M.G. Rd, Pune	India
S1-101315	magnolia bakery and cafe #1317	Unit #1317, 111 Congress Ave, Suite 400, Austin, TX, 78701	US
S1-101316	Bacon Financial Group #1318 Corp	Unit #1318, 701 Brickell Ave, Suite 1700, Miami, 33131	US
S1-101317	Acme Industrial Solutions #1319 LLC	Seattle, WA, Unit #1319, 1301 Second Avenuenue, Ste 3000	US
S1-101318	PACIFIC COAST BIOLABS #1320 INC.	Unit #1320, 111 Congress Avenue, Suite 400, Austin, TX, 78701	US
S1-101319	Shree Laxmi Textiles #1321 and Sarees	Unit #1321, Door No 8-2-293, Jubilee Hills - Hyderabad	India
S1-101320	horizon media group #1322 enterprises	Unit #1322, 1200 Smith Street, Suite 2200 - Houston - TX - 77002	US
S1-101321	quantu leap robotics #1323 llc	Unit #1323, 2500 Peachtree Rd NW, Atlanta, 30305	US
S1-101322	Redwood Wealth Management #1324 Group	Unit #1324, 2000 Avenue of the Stars, Los Angeles, CA, 90067	US
S1-101323	Liberty Auto Body #1325 & Repair	Unit #1325, 100 Montgomery St, Suite 1500, San Francisco, CA, 94104	US
S1-101324	Golden Gate Capital #1326 Holding LLC	Unit #1326, 100 Federal St, 28th Flooroor, Boston, MA, 02110	US
S1-101325	Horizon Media Group #1327 Enterprises	Unit #1327, 2500 Peachtree Rd NW, Atlanta, 30305	US
S1-101326	Radha Raman Handlooms #1328 Emporium	Unit #1328, Opposite City Railway Station, M.G. Rd, Pune, 411001	India
S1-101327	Keystone Property Management #1329 LLC	02110, Unit #1329, 100 Federal Street, 28th Fl, Boston, MA	US
S1-101328	Sharma Sweet House #1330 & Restaurant	Unit #1330, NH-8, Nr Toll Plaza, Udyog Vihar Phasease 4, Gurugram, Haryana	India
S1-101329	Horizon Media Group #1331 Enterprises	CA, 94104, Unit #1331, 100 Montgomery St, Ste 1500, San Francisco	US
S1-101330	Sun Pharmaceutical #1332 Industries Ltd	Unit #1332, 45-B, Anna Salai, Mount Road, Chennai, Tamil Nadu, 600002	India
S1-101331	Keystone Property Management #1333 LC	Unit #1333, 1301 Second Avenue, Suite 3000, Seattle, WA, 98101	US
S1-101332	Cascade Software Labs #1334 Tech	Unit #1334, 111 Congress Avenue, Suite 400, Austin, TX, 78701	US
S1-101333	Delta Healthcare Partners #1335 P.C.	Unit #1335, 111 Congress Avenue, Suite 400, Austin, TX, 78701	US
S1-101334	Beacon Financial Group #1336 Corp	Unit #1336, 2500 Peachtree Rd NW, Atlanta, 30305	US
S1-101335	Juniper Ridge Construction #1337 Company	Unit #1337, 701 Brickell Avenue, Suite 1700, Miami, FL, 33131	US
S1-101336	REDWOOD WEALT MANAGEMENT #1338 GROUP	Unit #1338, 2500 Peachtree Rd NW, Atlanta, GA, 30305	US
S1-101337	Nexus Cloud Technologies #1339 Corporation	Unit #1339, 111 Congress Avenue, Suite 400, Austin, TX, 78701	US
S1-101338	Magnolia Bakery and Cafe #1340	Unit #1340, 100 Federal Streetreet, 28th Fl, Boston, MA, 02110	US
S1-101339	HDFC Bank #1341 Ltd	Unit #1341, Behind Nexus Mall, Koramangala 5th Block, Bengaluru, Karnataka, 560095	India
S1-101340	Delta Healthcare Partners #1342 P.C.	Unit #1342, 2500 Peachtree Rd NW, Atlanta, GA, 30305	US
S1-101341	Liberty Auto Body #1343 & Repair	Unit #1343, 701 Brickell Avenue, Suite 1700, Miami, FL, 33131	US
S1-101342	MARUTI SUZUKI #1344 INDIA LTD.	Unit #1344, Shop 15, Sector 18 Market, Noida, Uttar Pradesh, 201301	India
S1-101343	Venkateshwara Hardware #1345 and Electricals	Unit #1345, 45-B, Anna Salai, Mount Rd, Chennai, Tamil Nadu, 600002	India
S1-101344	Shree Balaji Udyog #1346 Private Limited	Unit #1346, 12/A, Nariman Point, Express Towers, Mumbai, Maharashtra, 400021	India
S1-101345	Radha Raman Handlooms #1347 Emporium	Unit #1347, Shop 15, Sec 18 Market, Noida, Uttar Pradesh, 201301	India
S1-101346	Shree Ganesh Kirana #1348 Store	Unit #1348, Near SBI ATM, Gali No 4, Karol Bagh, Delhi, 110005	India
S1-101347	shree balaji udyog #1349 private limited	Unit #1349, Plot 42, Electronic City Phase 1, Bengaluru, Karnataka, 560100	India
S1-101348	Om Sai Digital Printing #1350 Services	171001, Shimla, Himachal Pradesh, Unit #1350, Near Old High Court, Mall Rd	India
S1-101349	WIPRO CONSUMER CARE #1351 AND LIGHTING	Unit #1351, Nr Old High Court, Mall Road - Shimla - Himachal Pradesh - 171001	India
S1-101350	Mahindra & Mahindra #1352 Financial Serv.	Unit #1352, Plot 42, Electronic City Ph 1, Bengaluru	India
S1-101351	Summit View Veterinary #1353 Hospital	Unit #1353, 701 Brickell Avenue, Suite 1700	US
S1-101352	Dabur India #1354 Limited	Unit #1354, Door No 8-2-293, Jubilee Hills, Hyderabad, Telangana, 500033	India
S1-101353	Apollo Hospitals #1355 Enterprise Ltd	Unit #1355, 12/A, Nariman Point, Express Towers, Mumbai, Maharashtra, 400021	India
S1-101354	Infosys Technologies #1356 Ltd	Unit #1356, Near SBI ATM, Gali No 4, Karol Bagh, New Delhi, Delhi, 110005	India
S1-101355	Sri Laxmi Textiles #1357 and Sarees	Unit #1357, NH-8, Near Toll Plaza, Udyog Vihar Phase 4, Gurugram, Haryana, 122015	India
S1-101356	Gupta Book Depot #1358 and Stationers	Telangana, Hyderabad, Unit #1358, Door No 8-2-293, Jubilee Hills	India
S1-101357	godrej consumer products #1359 ltd	Unit #1359, Near SBI ATM, Gali No 4, Karol Bagh, New Delhi, Delhi, 110005	India
S1-101358	Magnolia Bakery and Cafe #1360	Unit #1360, 2000 Avenue of the Stars, Los Angeles, CA, 90067	US
S1-101359	Sri Laxmi Textiles #1361 & Sarees	Unit #1361, Plot 42, Electronic City Ph 1, Bengaluru, Karnataka	India
S1-101360	Adani Enterprises #1362 Ltd	Unit #1362, Chowk Bazaar, Near Ghanta Ghar, Surat, Gujarat, 395003	India
S1-101361	Golden Gate Capital #1363 Holdings LLC	Unit #1363, 2000 Avenuenue of the Streetars, Los Angeles	US
S1-101362	Apex Global Logistics #1364 Inc.	Unit #1364, 701 Brickell Avenue, Suite 1700, Miami, FL, 33131	US
S1-101363	Evergreen Valley Dental #1365 Associates	Unit #1365, 500 West Madison Street, Chicago	US
S1-101364	Titan Company #1366 Enterprises	560095, Unit #1366, Behind Nexus Mall, Koramangala 5th Block, Karnataka, Bengaluru	India
S1-101365	Redwood Wealth Management #1367 Group	Unit #1367, 2000 Avenue of the Stars, Los Angeles, CA, 90067	US
S1-101366	Pacific Coast BioLabs #1368 Inc.	Unit #1368, 500 West Madison Street, Chicago, IL, 60661	US
S1-101367	Liberty Auto Body #1369 & Repair	Unit #1369, 2000 Avenue of the Streetars, Los Angeles, CA, 90067	US
S1-101368	Apex Diagnostic Centre #1370 & Path Lab	Unit #1370, Shop 15, Sectortor 18 Market, Noida, 201301	India
S1-101369	Asian Paints #1371 Colour Sols	Unit #1371, Opposite City Railway Station, M.G. Rd, Pune	India
S1-101370	Beacon Financial Group #1372 Corp	Unit #1372, 2000 Avenue of the Stars, Los Angeles, CA, 90067	US
S1-101371	Maruti Suzuki #1373 India Limited	Unit #1373, G-10, Ground Floor, Banjara Hills Rd No 12, Hyderabad, 560034	India
S1-101372	Quantum Leap Robotics #1374 LLC	Unit #1374, 2000 Avenue of the Stars, Los Angeles, CA, 90067	US
S1-101373	Adani Enterprises #1375 Ltd	Unit #1375, Opposite City Railway Station, M.G. Road, Pune, 411001	India
S1-101374	Bharti Airtel #1376 Enterprises	Unit #1376, 22, Park Street, 3rd Fl, Kolkata, West Bengal	India
S1-101375	SUMMIT VIEW VETERINARY #1377 HOSPITAL	Unit #1377, 1301 Second Avenue, Suite 3000, Seattle, WA, 98101	US
S1-101376	Magnolia Bakery and Cafe #1378	Unit #1378, 1200 Smith Street, Suite 2200, Houston, TX, 77002	US
S1-101377	Swastik Auto Spares #1379 Works	Unit #1379, 104, Civil Lines, Near Bus Stand, Jaipur, Rajasthan, 302006	India
S1-101378	magnolia bakery & cafe #1380	Unit #1380, 2500 Peachtree Rd NW, Atlanta, 30305	US
S1-101379	Shree Laxmi Textiles #1381 and Sarees	Unit #1381, Plot 42, Electronic City Ph 1, Bengaluru, Karnataka	India
S1-101380	Magnolia Bakery and Cafe #1382	Unit #1382, 701 Brickell Avenue, Suite 1700, Miami, FL, 33131	US
S1-101381	Maruti Suzuki #1383 India Limited	Unit #1383, 22, Park Streetreet, 3rd Fl, Kolkata, West Bengal	India
S1-101382	Acme Industrial Solutions #1384 LLC	Unit #1384, 500 West Madison St, Chicago, 60661	US
S1-101383	Sharma Sweet House #1385 and Restaurant	Unit #1385, Opp. City Railway Streetation, M.G. Rd, Pune, 411001	India
S1-101384	Nexus Cloud Tech #1386 Corporation	Unit #1386, 100 Federal Street, 28th Floor, Boston, MA, 02110	US
S1-101385	Pcific Coast BioLabs #1387 Inc.	Unit #1387, 701 Brickell Avenue, Suite 1700, Miami, FL, 33131	US
S1-101386	ADANI ENT. #1388 LTD	Unit #1388, G-10, Ground Floor, Banjara Hills Road No 12, Hyderabad, 560034	India
S1-101387	Om Sai Digital Printing #1389 Services	Unit #1389, Door No 8-2-293, Jubilee Hills, Hyderabad, Telangana, 500033	India
S1-101388	Apex Global Logistics #1390 Inc.	Unit #1390, 350 Fifth Ave, 54th Floor, New York, NY, 10118	US
S1-101389	titan comany #1391 ent.	Karnataka, 560100, Unit #1391, Plot 42, Electronic City Ph 1, Bengaluru	India
S1-101390	Beacon Financial Group #1392 Corp	Unit #1392, 100 Federal Street, 28th Fl, Boston, 02110	US
S1-101391	Beacon Financial Group #1393 Corp	Unit #1393, 2500 Peachtree Rd NW, Atlanta, GA, 30305	US
S1-101392	Quantum Leap Robotics #1394 LLC	Unit #1394, 500 West Madison Streetreet, Chicago, 60661	US
S1-101393	Delta Healthcare Partners #1395 P.C.	Unit #1395, 111 Congress Avenue, Suite 400, Austin, TX, 78701	US
S1-101394	Mahindra & Mahindra #1396 Financial Services	Unit #1396, 22, Park St, 3rd Floor, Kolkata, 700016	India
S1-101395	Acme Industrial Solutions #1397 LLC	Unit #1397, 500 West Madison Street, Chicago, IL, 60661	US
S1-101396	Dabur India #1398 Limited	Haryana, Gurugram, Unit #1398, NH-8, Near Toll Plaza, Udyog Vihar Phase 4	India
S1-101397	Sri Laxmi Textiles #1399 and Sarees	Unit #1399, Plot 42, Electronic City Phase 1, Bengaluru, Karnataka, 560100	India
S1-101398	Mahindra & Mahindra #1400 Financial Services	Unit #1400, Door No 8-2-293, Jubilee Hills, Hyderabad, Telangana, 500033	India
S1-101399	Golden Gate Capital #1401 Holdings LLC	Unit #1401, 100 Montgomery St, Suite 1500, San Francisco, CA, 94104	US
S1-101400	ICICI Securities #1402 Private Ltd.	Unit #1402, Shop 15, Sec 18 Market, Noida, 201301	India
S1-101401	Juniper Ridge Construction #1403 Co.	Unit #1403, 500 West Madison Street, Chicago, IL, 60661	US
S1-101402	Apex Global Logistics #1404 Inc.	Unit #1404, 2500 Peachtree Rd NW - 30305 - GA - Atlanta	US
S1-101403	Shree Ganesh Kirana #1405 Store	Unit #1405, Door No 8-2-293, Jubilee Hills, Hyderabad, Telangana	India
S1-101404	Godrej Consumer Products #1406 Ltd	Unit #1406, Near Old High Court, Mall Road, Shimla, Himachal Pradesh, 171001	India
S1-101405	Pacific Coast BioLabs #1407 Inc.	Unit #1407, 1200 Smith Street, Suite 2200, Houston, TX	US
S1-101406	Sri Laxmi Textiles #1408 and Sarees	Unit #1408, Opposite City Railway Station, M.G. Road, Pune, Maharashtra, 411001	India
S1-101407	Hindustan Unilever #1409 Trading Co	Unit #1409, G-10, Ground Floor, Banjara Hills Road No 12, Hyderabad, Telangana, 560034	India
S1-101408	dabur india #1410 limited	122015, Haryana, Unit #1410, NH-8, Nr Toll Plaza, Udyog Vihar Ph 4, Gurugram	India
S1-101409	Royal Enfield Service #1411 Centre	Unit #1411, Door No 8-2-293, Jubilee Hills, Hyderabad, 500033	India
S1-101410	Venkateshwara Hardware #1412 and Electricals	Unit #1412, 104, Civil Lines, Near Bus Stand, Jaipur, Rajasthan, 302006	India
S1-101411	Redwood Wealth Management #1413 Group	Unit #1413, 701 Brickell Avenue, Suite 1700, Miami, FL, 33131	US
S1-101412	kailash parbat pure veg #1414 restaurant	Unit #1414, Shop 15, Sector 18 Market, Noida, Uttar Pradesh, 201301	India
S1-101413	Venkateshwara Hardware #1415 & Electricals	Unit #1415, 45-B, Anna Salai, Mount Road, Chennai, Tamil Nadu, 600002	India
S1-101414	Reliance Retail #1416 Private Limited	Unit #1416, Shop 15, Sector 18 Market, Noida, Uttar Pradesh, 201301	India
S1-101415	Ironclad Security Services #1417 Inc	Unit #1417, 1301 Second Ave, Suite 3000, Seattle, WA, 98101	US
S1-101416	CASCADE SOFTWARE LABS #1418 TECH	Unit #1418, 701 Brickell Avenue, Suite 1700, Miami, FL, 33131	US
S1-101417	Apex Global Logistics #1419 Inc.	Unit #1419, 1200 Smith St, Ste 2200 - Houston - TX	US
S1-101418	Krishna Medical #1420 and General Stores	Unit #1420, 12/A, Nariman Point, Express Towers, Mumbai, Maharashtra, 400021	India
S1-101419	Delta Healthcare Partners #1421 P.C.	Unit #1421, 1301 Sectorond Ave, Suite 3000, Seattle, 98101	US
S1-101420	Wipro Consumer Care #1422 and Lighting	Unit #1422, Behind Nexus Mall, Koramangala 5th Block, Bengaluru, Karnataka, 560095	India
S1-101421	Sharma Sweet House #1423 and Restaurant	Bengaluru, Unit #1423, Plot 42, Electronic City Ph 1, 560100	India
S1-101422	State Bank of India #1424	Unit #1424, Chowk Bazaar, Near Ghanta Ghar, Surat, Gujarat, 395003	India
S1-101423	Krishna Medical #1425 and General Stores	Unit #1425, Nr SBI ATM, Gali No 4, Karol Bagh, New Delhi, Delhi, 110005	India
S1-101424	Krishna Medical #1426 & General Stores	Unit #1426, Door No 8-2-293, Jubilee Hills, Hyderabad, Telangana, 500033	India
S1-101425	Maruti Suzuki #1427 India Limited	Unit #1427, NH-8, Nr Toll Plaza, Udyog Vihar Ph 4, Gurugram, Haryana, 122015	India
S1-101426	Bajaj Auto #1428 Holdings Ltd	Unit #1428, Near SBI ATM, Gali No 4, Karol Bagh, New Delhi, Delhi, 110005	India
S1-101427	Godrej Consumer Products #1429 Ltd	Unit #1429, Shop 8, New Market Area, Bhopal, Madhya Pradesh, 462001	India
S1-101428	Golden Gate Capital #1430 Holdings LLC	Unit #1430, 111 Congress Ave, Suite 400, TX, 78701	US
S1-101429	State Bank of India #1431	Unit #1431, G-10, Ground Floor, Banjara Hills Road No 12, Hyderabad, Telangana, 560034	India
S1-101430	Reliance Retail #1432 Pvt Ltd	Unit #1432, G-10, Ground Floor, Banjara Hills Road No 12, Hyderabad, Telangana, 560034	India
S1-101431	Juniper Ridge Construction #1433 Company	Unit #1433, 111 Congress Avenue, Ste 400, Austin, TX, 78701	US
S1-101432	Bajaj Auto #1434 Holdings Ltd	Unit #1434, 104, Civil Lines, Near Bus Stand, Jaipur, Rajasthan, 302006	India
S1-101433	Radha Raman H&looms #1435 Emporium	Unit #1435, NH-8, Near Toll Plaza, Udyog Vihar Phase 4, Gurugram, Haryana, 122015	India
S1-101434	Venkateshwara Hardware #1436 & Electricals	Unit #1436, Shop 15, Sec 18 Market, Noida, Uttar Pradesh, 201301	India
S1-101435	Tata Consultancy Services #1437 Limited	Unit #1437, Opposite City Railway Station, M.G. Road, Pune	India
S1-101436	Pacific Coast BioLabs #1438 Inc.	Unit #1438, 111 Congress Avenue, Ste 400, Austin, TX	US
S1-101437	Sri Laxmi Textiles #1439 & Sarees	Hyderabad, Unit #1439, G-10, Ground Fl, Banjara Hills Rd No 12, Telangana	India
S1-101438	Frontier Energy Systems #1440 Corp.	Unit #1440, 350 Fifth Ave, 54th Fl, New York, 10118	US
S1-101439	Nexus Cloud Tech #1441 Corporation	Unit #1441, 2500 Peachtree Rd NW, Atlanta, GA, 30305	US
S1-101440	summit view veterinary #1442 hospital	Unit #1442, 2000 Avenue of the Stars, Los Angeles, 90067	US
S1-101441	Delta Healthcare Partners #1443 P.C.	Unit #1443, 701 Brickell Avenue, Ste 1700, FL	US
S1-101442	Radha Raan H&looms #1444 Emporium	Unit #1444, G-10, Ground Floor, Banjara Hills Road No 12, Hyderabad, Telangana, 560034	India
S1-101443	Nexus Cloud Technologies #1445 Corporation	Unit #1445, 2000 Avenuenue of the Streetars, Los Angeles, CA, 90067	US
S1-101444	Swastik Auto Spares #1446 Works	Delhi, Unit #1446, Near SBI ATM, Gali No 4, Karol Bagh, 110005, New Delhi	India
S1-101445	Olympic Mountain Sports #1447 LLC	Unit #1447, 1200 Smith Street, Suite 2200, Houston, TX, 77002	US
S1-101446	Reliance Retail #1448 Pvt Ltd	Unit #1448, Behind Nexus Mall, Koramangala 5th Block, Bengaluru, Karnataka, 560095	India
S1-101447	Liberty Auto Body #1449 and Repair	Unit #1449, 500 West Madison St, Chicago, IL, 60661	US
S1-101448	Shree Ganesh Kirana #1450 Store	Unit #1450, 45-B, Anna Salai, Mount Road, Chennai, Tamil Nadu, 600002	India
S1-101449	HDFC Bank #1451 Ltd	Unit #1451, 104, Civil Lines, Near Bus Stand, Jaipur, Rajasthan, 302006	India
S1-101450	dlta healthcare partners #1452 p.c.	Unit #1452, 500 West Madison Street, Chicago, IL, 60661	US
S1-101451	Adani Ent. #1453 Ltd	Unit #1453, Near Old High Court, Mall Road, Shimla, Himachal Pradesh, 171001	India
S1-101452	Tata Consultancy Services #1454 Limited	Unit #1454, Behind Nexus Mall, Koramangala 5th Block, Bengaluru, Karnataka, 560095	India
S1-101453	Adani Enterprises #1455 Ltd	Unit #1455, Door No 8-2-293, Jubilee Hills, Hyderabad, Telangana, 500033	India
S1-101454	Gupta Book Depot #1456 and Stationers	Unit #1456, NH-8, Nr Toll Plaza, Udyog Vihar Phase 4	India
S1-101455	Liberty Auto Body #1457 & Repair	Unit #1457, 500 West Madison St, Chicago	US
S1-101456	RELIANCE RETAIL #1458 PVT LTD	Unit #1458, Shop 8, New Market Area, Bhopal, Madhya Pradesh, 462001	India
S1-101457	bharti airtel #1459 enterprises	Unit #1459, G-10, Ground Floor, Banjara Hills Road No 12, Hyderabad, Telangana, 560034	India
S1-101458	Asian Paints #1460 Colour Solutions	Unit #1460, Behind Nexus Mall, Koramangala 5th Block, Bengaluru, Karnataka, 560095	India
S1-101459	Summit View Veterinary #1461 Hospital	Unit #1461, 350 Fifth Ave, 54th Floor, New York, NY, 10118	US
S1-101460	Gupta Book Depot #1462 and Stationers	Unit #1462, NH-8, Nr Toll Plaza, Udyog Vihar Ph 4, Gurugram, Haryana, 122015	India
S1-101461	Krishna Medical #1463 and General Stores	Unit #1463, Shop 15, Sector 18 Market, Noida, Uttar Pradesh, 201301	India
S1-101462	Apex Global Logistics #1464 Inc.	Unit #1464, 100 Federal Street, 28th Floor, Boston, MA, 02110	US
S1-101463	Godrej Consumer Products #1465 Ltd	Unit #1465, NH-8, Near Toll Plaza, Udyog Vihar Phase 4, Gurugram, Haryana	India
S1-101464	Delta Healthcare Partners #1466 P.C.	Unit #1466, 2000 Avenue of the Stars, Los Angeles, CA, 90067	US
S1-101465	Acme Industrial Solutions #1467 LLC	Unit #1467, 1301 Second Avenue, Suite 3000, Seattle, WA, 98101	US
S1-101466	Patel Brothers Provision #1468 Bhandar	Unit #1468, Shop 8, New Market Area, 462001	India
S1-101467	SRI LAXMI TEXTILES #1469 & SAREES	Unit #1469, Chowk Bazaar, Near Ghanta Ghar, Surat, Gujarat	India
S1-101468	Evergreen Valley Dental #1470 Associates	Unit #1470, 500 West Madison St, Chicago, IL, 60661	US
S1-101469	Liberty Auto Body #147 & Repair	Unit #1471, 500 West Madison St, Chicago, IL, 60661	US
S1-101470	State Bank of India #1472	Unit #1472, Bhnd Nexus Mall, Koramangala 5th Block, Bengaluru, Karnataka, 560095	India
S1-101471	Wipro Consumer Care #1473 & Lighting	700016, West Bengal, Unit #1473, 22, Park Street, 3rd Fl	India
S1-101472	Radha Raman Handlooms #1474 Emporium	Unit #1474, G-10, Ground Floor, Banjara Hills Road No 12, Hyderabad, Telangana, 560034	India
S1-101473	Delta Healthcare Parters #1475 P.C.	Houston, Unit #1475, 1200 Smith Street, Suite 2200, TX	US
S1-101474	Bharti Airtel #1476 Enterprises	Unit #1476, Near Old High Court, Mall Road, Shimla, Himachal Pradesh, 171001	India
S1-101475	Acme Industrial Solutions #1477 LLC	Unit #1477, 701 Brickell Avenue, Suite 1700, Miami, FL, 33131	US
S1-101476	Nexus Cloud Technologies #1478 Corp.	Unit #1478, 500 West Madison Street, Chicago, IL, 60661	US
S1-101477	Shree Balaji Udyog #1479 Pvt Ltd	Unit #1479, Plot 42, Electronic City Ph 1, Bengaluru, Karnataka, 560100	India
S1-101478	Larsen & Toubro #1480 Infotech Ltd	Unit #1480, 22, Park St, 3rd Fl, Kolkata, 700016	India
S1-101479	Larsen & Toubro #1481 Infotech Ltd	Unit #1481, G-10, Ground Fl, Banjara Hills Rd No 12, Telangana	India
S1-101480	Om Sai Digital Printing #1482 Services	Unit #1482, Near Old High Court, Mall Road, Shimla, Himachal Pradesh	India
S1-101481	Krishna Medical #1483 and General Stores	Unit #1483, 45-B, Anna Salai, Mount Road, Chennai, Tamil Nadu, 600002	India
S1-101482	Venkateshwara Hardware #1484 and Electricals	Unit #1484, 104, Civil Lines, Near Bus Stand, Jaipur, Rajasthan, 302006	India
S1-101483	Gupta Book Depot #1485 & Stationers	Unit #1485, G-10, Ground Floor, Banjara Hills Rd No 12, Hyderabad, Telangana	India
S1-101484	Kailash Parbat Pure Veg #1486 Restaurant	Unit #1486, Opp. City Railway Station, M.G. Rd, Pune, 411001	India
S1-101485	Ambika Jewellers #1487 Pvt. Ltd.	Unit #1487, Near Old High Court, Mall Road, Shimla, Himachal Pradesh, 171001	India
S1-101486	redwood wealth management #1488 group	Unit #1488, 2000 Avenue of the Stars, Los Angeles, CA, 90067	US
S1-101487	Pacific Coast BioLabs #1489 Inc.	Unit #1489, 350 Fifth Ave, 54th Flooroor, New York, NY, 10118	US
S1-101488	Delta Healthcare Partners #1490 P.C.	Unit #1490, 701 Brickell Ave, Ste 1700, Miami, FL, 33131	US
S1-101489	SRI GANESH KIRANA #1491 STORE	Unit #1491, 22, Park Street, 3rd Fl, Kolkata	India
S1-101490	Titan Company #1492 Enterprises	Unit #1492, 104, Civil Lines, Near Bus Stand, Jaipur, Rajasthan, 302006	India
S1-101491	delta healthcare partners #1493 p.c.	Unit #1493, 2000 Avenue of the Stars, Los Angeles, CA, 90067	US
S1-101492	Golden Gate Capital #1494 Holdings LLC	Unit #1494, 100 Federal Street, 28th Floor, Boston, MA, 02110	US
S1-101493	Summit View Veterinary #1495 Hospital	Unit #1495, 100 Montgomery St, Suite 1500, San Francisco, CA, 94104	US
S1-101494	Reliance Retail #1496 Pvt Ltd	Unit #1496, 104, Civil Lines, Near Bus Stand, Jaipur, 302006	India
S1-101495	Redwod Wealth Management #1497 Group	Unit #1497, 500 West Madison St, IL, 60661	US
S1-101496	Horizon Media Group #1498 Ent.	Unit #1498, 350 Fifth Ave, 54th Floor, New York, NY, 10118	US
S1-101497	Bajaj Auto #1499 Holdings td	Unit #1499, NH-8, Near Toll Plaza, Udyog Vihar Ph 4, Gurugram	India
S1-101498	Juniper Ridge Construction #1500 Company	Unit #1500, 100 Montgomery St, Suite 1500, San Francisco	US
S1-101499	Ironclad Security Services #1501 Inc	Unit #1501, 100 Federal Street, 28th Floor, Boston, MA, 02110	US
