entity_id	business_name	business_address	country
S2-200000	Acme Industrial Solns #2 LLC	Unit #2, 500 West Madison Streetreet, Chicago	US
S2-200001	Shree Laxmi Textiles #3 and Sarees	Unit #3, 12/A, Nariman Point, Express Towers, Mumbai, Maharashtra, 400021	India
S2-200002	hindustan unilever #4 trading co	Unit #4, Shop 8, New Market Area, Bhopal, Madhya Pradesh, 462001	India
S2-200003	Tata Consultancy Services #8 Liited	Unit #8, 12/A, Nariman Point, Express Towers - Mumbai - 400021	India
S2-200004	Golden Gate Capital #10 Holdings LLC	Unit #10, 350 Fifth Avenue, 54th Fl, New York, NY, 10118	US
S2-200005	Apex Diagnostic Centre #12 and Path Lab	Bhopal, 462001, Unit #12, Shop 8, New Market Area	India
S2-200006	GOLDEN GATE CAPITAL #13 HOLDINGS LLC	Unit #13, 100 Federal Street, 28th Fl, Boston, 02110	US
S2-200007	Wipro Conumer Care #14 & Lighting	Unit #14, G-10, Ground Floor, Banjara Hills Rd No 12, Hyderabad	India
S2-200008	EvergreenValley Dental #15 Associates	Unit #15, 111 Congress Ave, Ste 400, TX, 78701	US
S2-200009	Keystone Property Management #16 LLC	Unit #16, 1301 Second Avenuenue, Ste 3000, Seattle, WA, 98101	US
S2-200010	Cascade Software Labs #17 Technologies	02110, Unit #17, 100 Federal St, 28th Floor, Boston	US
S2-200011	shree ganesh kirana #18 store	Unit #18, 45-B, Anna Salai, Mount Road, Chennai, Tamil Nadu, 600002	India
S2-200012	Juniper Ridge Constuction #19 Company	Unit #19, 100 Federal St, 28th Floor, Boston, MA	US
S2-200013	Ifosys Tech #20 Ltd	Unit #20, Shop 15, Sector 18 Market, Noida, Uttar Pradesh, 201301	India
S2-200014	Dabur India #21 Limited	Unit #21, Nr Old High Court, Mall Rd, Shimla, Himachal Pradesh, 171001	India
S2-200015	Olympic Mountain Sports #22 LLC	Unit #22, 1200 Smith St, Ste 2200, TX, 77002	US
S2-200016	Patel Brothers Provision #23 Bh&ar	Unit #23, Opposite City Railway Station, M.G. Road - Pune - Maharashtra - 411001	India
S2-200017	Magnolia Bakery and Cafe #24	Unit #24, 500 West Madison St, Chicago	US
S2-200018	liberty auto body #25 & repair	Unit #25, 100 Federal Street, 28th Floor, Boston, MA	US
S2-200019	Evergreen Valley Dental #27 Associates	Unit #27, 111 Congress Avenue, Ste 400, Austin, 78701	US
S2-200020	olympic mountain sports #28 llc	Unit #28, 1301 Second Avenue, Suite 3000, Seattle, 98101	US
S2-200021	Infosys Tech #29 Ltd	Unit #29, Plot 42, Electronic City Ph 1, Bengaluru, Karnataka, 560100	India
S2-200022	AMBIKA JEWELLERS #30 PRIVATE LIMITED	Unit #30, 45-B, Anna Salai, Mount Rd	India
S2-200023	Horizon Media Group #33 Enterprises	Unit #33, 2500 Peachtree Rd NW, GA, 30305	US
S2-200024	Sri Ganesh Kirana #34 Store	Unit #34, 12/A, Nariman Point, Express Towers, Mumbai, 400021	India
S2-200025	Cascade Software Labs #35 Technologies	Unit #35, 111 Congress Avenue, Ste 400 - Austin - 78701	US
S2-200026	Liberty Auto Body #37 & Reair	Unit #37, 100 Federal Street, 28th Floor, Boston, MA, 02110	US
S2-200027	mahindra & mahindra #38 financial serv.	Unit #38, G-10, Ground Flooroor, Banjara Hills Rd No 12, 560034, Hyderabad	India
S2-200028	Sun Pharmaceutical #40 Industries Ltd	Unit #40, 104, Civil Lines, Nr Bus Stand, Rajasthan, 302006	India
S2-200029	Juniper Ridge Construction #41 Company	Unit #41, 350 Fifth Avenue, 54th Fl, New York, NY	US
S2-200030	Delta Healthcare Partners #43 P.C.	Unit #43, 100 Federal St, 28th Floor - MA - 02110	US
S2-200031	Frontier Energy Systems #44 Corp.	Unit #44, 350 Fifth Ave, 54th Fl, New York, NY, 10118	US
S2-200032	infosys tech #46 ltd	Unit #46, Shop 8, New Market Area, Bhopal, 462001	India
S2-200033	Sharma Sweet House #48 nd Restaurant	Unit #48, 22, Park Street, 3rd Fl, Kolkata, 700016	India
S2-200034	Apex Diagnostic Centre #51 & Pat Lab	Unit #51, 12/A, Nariman Point, Express Towers, Mumbai, 400021	India
S2-200035	Keystone Property Management #52 LLC	Unit #52, 350 Fifth Avenue, 54th Flooroor, New York, NY, 10118	US
S2-200036	Golden Gate Capital #53 Holdings LLC	Unit #53, 350 Fifth Ave, 54th Floor, New York, NY, 10118	US
S2-200037	Keystone Property Management #54 LLC	WA - Seattle - Unit #54, 1301 Second Ave, Suite 3000	US
S2-200038	JUNIPER RIDGE CONSTRUCTION #55 COMPANY	Unit #55, 350 Fifth Ave, 54th Fl, New York, NY, 10118	US
S2-200039	Radha Raman H&looms #56 Emporium	Unit #56, Shop 15, Sector 18 Market, Noida, Uttar Pradesh, 201301	India
S2-200040	Nexus Cloud Tech #57 Corporation	Unit #57, 1200 Smith St, Suite 2200 - Houston - 77002	US
S2-200041	pacific coast biolabs #58 inc.	New York, 10118, Unit #58, 350 Fifth Ave, 54th Floor	US
S2-200042	Olympic Mountain Sports #60 LLC	Unit #60, 2000 Avenuenue of the Stars	US
S2-200043	Pacific Coast BioLabs #61 Inc.	Unit #61, 701 Brickell Avenuenue, Ste 1700, Miami, 33131	US
S2-200044	Delta Healthcare Partners #62 P.C.	Unit #62, 350 Fifth Ave, 54th Fl, New York, NY	US
S2-200045	Keystone Property Management #63 LLC	Unit #63, 1301 Sectorond Ave, Ste 3000, WA, Seattle	US
S2-200046	Sharma Sweet House #65 & Restaurant	Unit #65, 45-B, Anna Salai, Mount Rd, Chennai	India
S2-200047	Larsen and Toubro #66 Infotech Ltd	Unit #66, Shop 15, Sector 18 Market, Noida, 201301	India
S2-200048	Bharti Airtel #68 Enterprises	Unit #68, Opp. City Railway Station, M.G. Road, Pune, Maharashtra, 411001	India
S2-200049	Magnolia Bakery & Cafe #69	Unit #69, 2500 Peachtree Rd NW, Atlanta, 30305	US
S2-200050	Adan Enterprises #72 Ltd	Unit #72, Near Old High Court, Mall Rd, Shimla, Himachal Pradesh	India
S2-200051	adani enterprises #73 ltd	Unit #73, Shop 8, New Market Area, Bhopal	India
S2-200052	acme industrial solns #74 llc	Unit #74, 2500 Peachtree Rd NW, GA	US
S2-200053	Apollo Hospitals #76 Enterprise Ltd	Unit #76, Chowk Bazaar, Near Ghanta Ghar - Surat	India
S2-200054	Asian Paints #77 Colour Solutions	Unit #77, Shop 8, New Market Area, Bhopal, Madhya Pradesh, 462001	India
S2-200055	Golden Gae Capital #79 Holdings LLC	Unit #79, 1200 Smith St, Suite 2200, Houston, TX, 77002	US
S2-200056	Bajaj Auto #80 Holdings Ltd	Unit #80, Near Old High Court, Mall Road, Shimla, Himachal Pradesh	India
S2-200057	Royal Enfield Service #83 Centre	Unit #83, 22, Park Street, 3rd Fl, Kolkata, 700016	India
S2-200058	Wipro Consumer Care #84 & Lighing	Bengaluru, Unit #84, Behind Nexus Mall, Koramangala 5th Block	India
S2-200059	Magnolia Bakery and Cafe #85	Unit #85, 701 Brickell Ave, Ste 1700, Miami, FL, 33131	US
S2-200060	delta healthcare partners #87 p.c.	Unit #87, 1301 Second Ave, Suite 3000, Seattle, WA, 98101	US
S2-200061	Royal Enfield Service #88 Centre	Unit #88, G-10, Ground Floor, Banjara Hills Road No 12, Hyderabad, 560034	India
S2-200062	quantum leap robotics #89 llc	Unit #89, 1200 Smith Street, Suite 2200, Houston, 77002	US
S2-200063	apollo hospitals #90 enterprise ltd	Unit #90, Behind Nexus Mall, Koramangala 5th Block, Bengaluru	India
S2-200064	juniper ridge construction #91 company	IL, Chicago, 60661, Unit #91, 500 West Madison Street	US
S2-200065	Beacon Financial Group #92 Corp	Unit #92, 2000 Avenue of the Stars, Los Angeles, 90067	US
S2-200066	Apex Diagnostic Centre #94 & Path Lab	Unit #94, Door No 8-2-293, Jubilee Hills, Hyderabad, Telangana	India
S2-200067	dabur india #95 limited	Unit #95, 104, Civil Lines, Nr Bus Streetand - Jaipur - Rajasthan	India
S2-200068	Hindustan Unilever #96 Trading Co	Unit #96, 22, Park Street, 3rd Fl, Kolkata	India
S2-200069	Krishna Medical #97  General Stores	Unit #97, 22, Park St, 3rd Fl, Kolkata	India
S2-200070	Apex Diagnostic Centre #98 and Path Lab	Unit #98, NH-8, Near Toll Plaza, Udyog Vihar Ph 4, Gurugram, 122015	India
S2-200071	Quantum Leap Robotic #99 LLC	Unit #99, 100 Montgomery St, Ste 1500, San Francisco, CA, 94104	US
S2-200072	Royal Enfield Service #100 Centre	Unit #100, 104, Civil Lines, Nr Bus Stand - Jaipur - Rajasthan - 302006	India
S2-200073	Reliance Retail #101 Private Limited	Unit #101, 12/A, Nariman Point, Express Towers - 400021	India
S2-200074	Venkateshwara Hardware #102 & Electricals	Unit #102, Behind Nexus Mall, Koramangala 5th Block, Bengaluru, 560095	India
S2-200075	Quantum Leap Robotics #103 LLC	Unit #103, 2000 Avenue of the Stars, Los Angeles, CA, 90067	US
S2-200076	Quantum Leap Robotics #104 LLC	Unit #104, 2000 Ave of the Stars, 90067, CA, Los Angeles	US
S2-200077	Venkateshwara Hardware #105 and Electricals	Unit #105, Chowk Bazaar, Near Ghanta Ghar, Surat, Gujarat	India
S2-200078	Ironclad Security ervices #106 Inc	Unit #106, 2500 Peachtree Rd NW, Atlanta, GA	US
S2-200079	Kailash Parbat Pure Veg #107 Restaurant	Unit #107, Shop 8, New Market Area, Bhopal, 462001	India
S2-200080	Magnolia Bakery & Cafe #110	Unit #110, 350 Fifth Ave, 54th Fl, New York	US
S2-200081	Liberty Auto Body #113 and Repair	Unit #113, 1301 Second Avenuenue, Suite 3000, 98101	US
S2-200082	Adani Ent. #114 Ltd	Unit #114, Shop 8, New Market Area, Bhopal, 462001	India
S2-200083	shree ganesh general store #115 store	Unit #115, Opposite City Railway Station, M.G. Rd, Pune	India
S2-200084	Magnolia Bakery & Cafe #117	Unit #117, 111 Congress Avenue, Ste 400, 78701	US
S2-200085	MAHINDRA & MAHINDRA #119 FINANCIAL SERV.	Unit #119, Nr SBI ATM, Gali No 4, Karol Bagh, Delhi, 110005	India
S2-200086	nexus cloud technologies #120 corp.	Unit #120, 1301 Second Ave, Ste 3000, Seattle, WA, 98101	US
S2-200087	Horizon Media Group #125 Enterprises	Unit #125, 1301 Sectorond Avenuenue, Ste 3000, Seattle, 98101	US
S2-200088	Liberty Auto Body #127 and Repair	Unit #127, 2500 Peachtree Rd NW, 30305, Atlanta	US
S2-200089	GOLDEN GATE CAPITAL #128 HOLDINGS LLC	Unit #128, 2500 Peachtree Road NW - Atlanta	US
S2-200090	royal enfield service #130 centre	Unit #130, Opposite City Railway Station, M.G. Rd, Pune, Maharashtra	India
S2-200091	quantum leap robotics #131 llc	Unit #131, 100 Montgomery St, Ste 1500, San Francisco, CA, 94104	US
S2-200092	Horizon Media Group #132 Ent.	Unit #132, 701 Brickell Ave, Suite 1700, Miami, FL, 33131	US
S2-200093	Ironclad Security Services #134 Inc	Unit #134, 500 West Madison St, Chicago, IL, 60661	US
S2-200094	Frontier Energy Systems #135 Corporation	Unit #135, 100 Montgomery St, Suite 1500, 94104	US
S2-200095	Apollo Hospitals #136 Enterprise Ltd	Unit #136, NH-8, Near Toll Plaza, Udyog Vihar Ph 4, Gurugram, 122015	India
S2-200096	Keystone Property Management #138 LLC	Seattle, Unit #138, 1301 Second Avenuenue, Ste 3000, WA	US
S2-200097	Olympic Mountain Sports #139 LLC	Unit #139, 701 Brickell Avenue, Suite 1700, Miami, FL, 33131	US
S2-200098	Redwood Wealth Management #141 Group	Unit #141, 2000 Ave of the Stars, Los Angeles	US
S2-200099	Ifosys Tech #142 Ltd	Unit #142, Opp. City Railway Streetation, M.G. Road, Pune, 411001	India
S2-200100	Acme Industrial Solutions #143 LLC	Unit #143, 500 West Madison St, Chicago, IL, 60661	US
S2-200101	Pate Brothers Provision #145 Bhandar	Unit #145, Near Old High Court, Mall Road, Shimla, Himachal Pradesh	India
S2-200102	Keystone Property Management #146 LLC	Unit #146, 2500 Peachtree Rd NW, GA	US
S2-200103	Pacific Coast BioLabs #148 Inc.	Unit #148, 111 Congress Avenue, Ste 400, Austin, TX, 78701	US
S2-200104	Gupta Book Depot #149 & Stationers	Karnataka, Bengaluru, Unit #149, Behind Nexus Mall, Koramangala 5th Block	India
S2-200105	Magnolia Bakery and Cafe #150	Unit #150, 350 Fifth Ave, 54th Flooroor - New York - NY - 10118	US
S2-200106	Golden Gate Capital #151 Holdings LLC	Unit #151, 500 West Madison St, Chicago, IL	US
S2-200107	MAGNOLIA BAKERY & CAFE #152	Unit #152, 1301 Sectorond Avenue, Ste 3000, Seattle, 98101	US
S2-200108	Shree Balaji Udyog #153 Private Limited	Unit #153, 22, Park St, 3rd Floor, Kolkata, West Bengal, 700016	India
S2-200109	keystone property management #154 llc	Unit #154, 350 Fifth Ave, 54th Floor, New York	US
S2-200110	Frontier Energy Systems #157 Corporation	Unit #157, 100 Federal Street, 28th Flooroor, 02110	US
S2-200111	BEACON FINANCIAL GROUP #158 CORP	Unit #158, 701 Brickell Avenue, Ste 1700, Miami, FL, 33131	US
S2-200112	keystone property management #159 llc	Unit #159, 1200 Smith St, Suite 2200, Houston, TX, 77002	US
S2-200113	Juniper Ridge Construction #160 Company	Unit #160, 111 Congress Ave, Ste 400, Austin, TX	US
S2-200114	Bharti Airtel #162 Ent.	Karnataka, Unit #162, Behind Nexus Mall, Koramangala 5th Block, Bengaluru	India
S2-200115	Pacific Coast BioLabs #163 Inc.	60661, IL, Unit #163, 500 West Madison St, Chicago	US
S2-200116	Swastik Auto Spares #164 Works	Unit #164, G-10, Ground Flooroor, Banjara Hills Rd No 12, 560034, Telangana, Hyderabad	India
S2-200117	Quantum Leap Robotics #167 LLC	Unit #167, 100 Federal Street, 28th Fl, Boston, MA, 02110	US
S2-200118	Redwood Wealth Management #168 Group	Unit #168, 701 Brickell Ave, Ste 1700, Miami, 33131	US
S2-200119	RELIANCE RETAIL #169 PVT LTD	700016, Kolkata, Unit #169, 22, Park Street, 3rd Floor	India
S2-200120	Beaon Financial Group #170 Corp	Unit #170, 500 West Madison Street, Chicago, IL, 60661	US
S2-200121	Godrej Consumer Products #172 Ltd	Unit #172, Door No 8-2-293, Jubilee Hills, Hyderabad, Telangana	India
S2-200122	Maruti Suzuki #173 India Limited	Noida, Unit #173, Shop 15, Sec 18 Market, Uttar Pradesh	India
S2-200123	Sri Ganesh Kirana #174Store	Unit #174, G-10, Ground Floor, Banjara Hills Rd No 12, Hyderabad, 560034	India
S2-200124	golden gate capital #175 holdings lc	98101, Unit #175, 1301 Second Avenue, Ste 3000	US
S2-200125	Quantum Leap Robotics #176 LLC	Unit #176, 2000 Ave of the Stars, Los Angeles, 90067	US
S2-200126	Delta Healthcare Partners #177 .C.	Unit #177, 1200 Smith Streetreet, Ste 2200, Houston, 77002	US
S2-200127	Quantum Leap Robotics #178 LLC	Unit #178, 500 West Madison St	US
S2-200128	Sun Pharmaceutical #179 Industries Ltd	600002, Chennai, Unit #179, 45-B, Anna Salai, Mount Road	India
S2-200129	liberty auto body #181 & repair	Unit #181, 100 Montgomery St, Ste 1500 - San Francisco - 94104	US
S2-200130	Apex Diagnostic Centre #182 and Path Lab	Bengaluru, Karnataka, 560095, Unit #182, Behind Nexus Mall, Koramangala 5th Block	India
S2-200131	Juniper Ridge Construction #183 Co.	Unit #183, 100 Montgomery St, Ste 1500, San Francisco, CA	US
S2-200132	Frontier Energy Systems #184 Corp.	Unit #184, 2500 Peachtree Rd NW, Atlanta, GA, 30305	US
S2-200133	HDFC Bank#186 Ltd	Unit #186, Plot 42, Electronic City Phase 1, Bengaluru, 560100	India
S2-200134	Krishna Medical #187 and General Stores	Unit #187, Shop 15, Sector 18 Market, Noida, Uttar Pradesh, 201301	India
S2-200135	magnolia bakery and cafe #188	Unit #188, 100 Federal St, 28th Floor, Boston, MA, 02110	US
S2-200136	Sri Ganesh Kirana #189 Store	Unit #189, 22, Park St, 3rd Fl - Kolkata - 700016	India
S2-200137	LIBERTY AUTO BODY #190 & REPAIR	Unit #190, 111 Congress Avenue, Ste 400, Austin, TX, 78701	US
S2-200138	Shree Balaji Udyog #191 Private Limited	Unit #191, 45-B, Anna Salai, Mount Road, Chennai, Tamil Nadu, 600002	India
S2-200139	Maruti Suzuki #193 India Limited	Unit #193, Chowk Bazaar, Nr Ghanta Ghar - Surat - Gujarat	India
S2-200140	Pacific Coast BioLabs #194 Inc.	Unit #194, 350 Fifth Ave, 54th Fl, New York, NY	US
S2-200141	Godrej Consumer Products #196 Ltd	Unit #196, 45-B, Anna Salai, Mount Rd, Chennai, Tamil Nadu	India
S2-200142	HDFC Bank #197 Ltd	Unit #197, Chowk Bazaar, Near Ghanta Ghar - Surat - Gujarat - 395003	India
S2-200143	Godrej Consumer Products #198 Ltd	Unit #198, 104, Civil Lines, Near Bus Stand, Jaipur, Rajasthan, 302006	India
S2-200144	Nexus Cloud Technologies #200 Corporation	30305, GA, Atlanta, Unit #200, 2500 Peachtree Rd NW	US
S2-200145	Quantum Leap Robotics #202 LLC	Los Angeles, Unit #202, 2000 Ave of the Stars, CA	US
S2-200146	Sri Laxmi Textiles #203 & Sarees	Rajasthan, 302006, Unit #203, 104, Civil Lines, Near Bus Stand, Jaipur	India
S2-200147	RADHA RAMAN HANDLOOMS #204 EMPORIUM	Unit #204, Chowk Bazaar, Nr Ghanta Ghar - Surat - Gujarat - 395003	India
S2-200148	Sharma Sweet House #205 and Restaurant	Unit #205, Near Old High Court, Mall Road, Shimla, Himachal Pradesh	India
S2-200149	Pacific Coast BioLabs #207 Inc.	Unit #207, 350 Fifth Ave, 54th Fl, New York	US
S2-200150	Asian Paints #209 Colour Solns	Unit #209, Opp. City Railway Station, M.G. Rd - Pune	India
S2-200151	shree balaji udyog #210 private limited	Unit #210, Near Old High Court, Mall Rd, Himachal Pradesh, Shimla	India
S2-200152	ICICI Securities #211 Pvt. Ltd.	Unit #211, G-10, Ground Floor, Banjara Hills Rd No 12, Hyderabad, Telangana, 560034	India
S2-200153	Bajaj Auto #214 Holdings Ltd	Madhya Pradesh, Bhopal, Unit #214, Shop 8, New Market Area, 462001	India
S2-200154	Nexus Cloud Technologies #215 Corp.	Unit #215, 111 Congress Avenue, Suite 400, TX	US
S2-200155	Om Sai Digital Printing #216 Services	Unit #216, 104, Civil Lines, Near Bus Stand, Jaipur, 302006	India
S2-200156	Apex Global Logistics #219 Inc.	Unit #219, 100 Montgomery St, Ste 1500, San Francisco, CA	US
S2-200157	Venkateshwara Hardware #220 & Electricals	Unit #220, 45-B, Anna Salai, Mount Rd - Chennai - Tamil Nadu	India
S2-200158	Ambika Jewellers #221 Pvt. Ltd.	Unit #221, NH-8, Nr Toll Plaza, Udyog Vihar Phase 4, Gurugram, Haryana, 122015	India
S2-200159	Ironclad Security Serv. #222 Inc	Unit #222, 500 West Madison St, Chicago, IL, 60661	US
S2-200160	Delta Healthcare artners #224 P.C.	Unit #224, 2500 Peachtree Rd NW, Atlanta	US
S2-200161	Nexus Cloud Tech #225 Corporation	Unit #225, 100 Federal Street, 28th Floor	US
S2-200162	Evergreen Valley Dental #227 Associates	Unit #227, 350 Fifth Avenue, 54th Fl, New York, NY, 10118	US
S2-200163	sun pharmaceutical #228 industries ltd	Unit #228, 104, Civil Lines, Nr Bus Streetand, Rajasthan, 302006	India
S2-200164	HDFC Bank #229 Ltd	Unit #229, Chowk Bazaar, Nr Ghanta Ghar, Surat, Gujarat, 395003	India
S2-200165	Infosys Technologies #230 Ltd	Unit #230, 45-B, Anna Salai, Mount Rd, Chennai, 600002	India
S2-200166	TATA CONSULTANCY SERVICES #232 LTD.	Telangana, Unit #232, G-10, Ground Fl, Banjara Hills Road No 12, Hyderabad	India
S2-200167	SHREE LAXMI TEXTILS #233 AND SAREES	Unit #233, 22, Park St, 3rd Fl, Kolkata, West Bengal, 700016	India
S2-200168	Swastik Auto Spares #234 Works	Unit #234, Shop 8, New Market Area, Bhopal	India
S2-200169	Mahindra & Mahindra #235 Financial Serv.	Unit #235, 104, Civil Lines, Nr Bus Stand, Rajasthan	India
S2-200170	dabur india #26 limited	Unit #236, Shop 8, New Market Area, Bhopal, Madhya Pradesh	India
S2-200171	shree balaji udyog #237 private limited	Delhi, Unit #237, Near SBI ATM, Gali No 4, Karol Bagh, New Delhi	India
S2-200172	Apex Diagnostic Cente #238 and Path Lab	Unit #238, Chowk Bazaar, Nr Ghanta Ghar, Surat, Gujarat, 395003	India
S2-200173	pacific coast biolabs #239 inc.	Unit #239, 100 Montgomery Street, Suite 1500, San Francisco, CA, 94104	US
S2-200174	Bajaj Auto #240 Holdings Ltd	Unit #240, Door No 8-2-293, Jubilee Hills, Hyderabad, Telangana, 500033	India
S2-200175	Pacific Coast BioLabs #242 Inc.	Unit #242, 100 Montgomery Street, Ste 1500, San Francisco, CA	US
S2-200176	Ironclad Security Serv. #243 Inc	Unit #243, 2000 Avenuenue of the Streetars, Los Angeles, CA	US
S2-200177	Wipro Consumer Care #244 and Lighting	Unit #244, Chowk Bazaar, Near Ghanta Ghar, Surat, Gujarat, 395003	India
S2-200178	Hindustan Unilever #245 Trading Co	Unit #245, Shop 15, Sec 18 Market - Noida - 201301	India
S2-200179	Quantum Leap Robotics #246 LLC	Unit #246, 350 Fifth Avenue, 54th Fl, New York, NY, 10118	US
S2-200180	Titan Company #247 Ent.	Unit #247, NH-8, Near Toll Plaza, Udyog Vihar Ph 4, Gurugram	India
S2-200181	Tata Consultancy Services #248 Ltd.	Unit #248, NH-8, Nr Toll Plaza, Udyog Vihar Phasease 4, Gurugram, 122015	India
S2-200182	asian paints #249 colour solns	Unit #249, Behind Nexus Mall, Koramangala 5th Block, Bengaluru, Karnataka, 560095	India
S2-200183	juniper ridge construction #250 company	Los Angeles, CA, Unit #250, 2000 Ave of the Stars	US
S2-200184	Dabur India #252 Limited	Unit #252, Chowk Bazaar, Near Ghanta Ghar - Gujarat	India
S2-200185	Olympic Mountain Sports #253 LLC	Unit #253, 701 Brickell Ave, Ste 1700, FL	US
S2-200186	RADHA RAMAN H&LOOMS #25 EMPORIUM	Unit #255, Opposite City Railway Streetation, M.G. Rd, Pune	India
S2-200187	Krishna Medical #256 & General Stores	Unit #256, G-10, Ground Floor, Banjara Hills Rd No 12, Hyderabad, Telangana, 560034	India
S2-200188	Royal Enfield Service #258 Centre	Unit #258, Behind Nexus Mall, Koramangala 5th Block, Bengaluru, Karnataka	India
S2-200189	asian paints #259 colour solns	Unit #259, Opp. City Railway Station, M.G. Rd, Pune, 411001	India
S2-200190	Evergreen Valley Dental #260 Associates	Unit #260, 100 Montgomery St, Suite 1500, San Francisco, 94104	US
S2-200191	Sri Ganesh Kirana #261 Store	Unit #261, NH-8, Nr Toll Plaza, Udyog Vihar Phasease 4, Gurugram	India
S2-200192	Magnolia Bakery & Cafe #262	CA, San Francisco, Unit #262, 100 Montgomery St, Suite 1500	US
S2-200193	Pacific Coast BioLabs #263 Inc.	Unit #263, 500 West Madison Street, IL, 60661, Chicago	US
S2-200194	Apex Global Logistics #264 Inc.	Unit #264, 111 Congress Ave, Suite 400, Austin, 78701	US
S2-200195	Sri Laxmi Textiles #266 and Sarees	Unit #266, Shop 8, New Market Area, Bhopal	India
S2-200196	Sharma Sweet House #269 and Restaurant	Unit #269, Near SBI ATM, Gali No 4, Karol Bagh, New Delhi, Delhi	India
S2-200197	Radha Raman H&looms #270 Emporium	Unit #270, 45-B, Anna Salai, Mount Road, Chennai, 600002	India
S2-200198	Shree Laxmi Textiles #271 and Sarees	Unit #271, Near Old High Court, Mall Road - Shimla - 171001	India
S2-200199	Ironclad Security Serv. #272 nc	Unit #272, 500 West Madison Streetreet, Chicago, IL, 60661	US
S2-200200	Redwood Wealth Management #274 Group	Unit #274, 2000 Avenue of the Stars, Los Angeles	US
S2-200201	Apollo Hospitals #275 Enterprise Ltd	Unit #275, Near SBI ATM, Gali No 4, Karol Bagh, New Delhi, Delhi	India
S2-200202	Magnolia Bakery and Cafe #276	Unit #276, 100 Federal Street, 28th Floor, MA	US
S2-200203	evergreen valley dental #278 associates	Unit #278, 2000 Ave of the Stars, 90067, Los Angeles	US
S2-200204	Tata Consultancy Services #280 Limited	Unit #280, Shop 8, New Market Area, Bhopal, 462001	India
S2-200205	Liberty Auto Body #281 & Repair	CA, Unit #281, 100 Montgomery St, Suite 1500, San Francisco, 94104	US
S2-200206	gupta book depot #282 & staioners	Unit #282, Near SBI ATM, Gali No 4, Karol Bagh, New Delhi, 110005	India
S2-200207	Keystone Property Management #283 LLC	Unit #283, 100 Montgomery St, Suite 1500 - San Francisco	US
S2-200208	Apex Global Logistics #284 Inc.	Unit #284, 1301 Sectorond Ave, Ste 3000, WA, 98101	US
S2-200209	DELTA HEALTHCARE PARTNERS #285 P.C.	Unit #285, 1301 Second Avenue, Ste 3000 - Seattle - 98101	US
S2-200210	summit view veterinary #286 hospital	Unit #286, 2000 Avenue of the Streetars, 90067	US
S2-200211	Dabur India #288 Ltd.	700016, Kolkata, Unit #288, 22, Park St, 3rd Fl	India
S2-200212	Kailash Parat Pure Veg #289 Restaurant	Unit #289, Near SBI ATM, Gali No 4, Karol Bagh, New Delhi, Delhi, 110005	India
S2-200213	Apex Global Logistics #290 Inc.	Unit #290, 1301 Second Ave, Ste 3000, Seattle, 98101	US
S2-200214	RedwoodWealth Management #293 Group	Unit #293, 111 Congress Avenuenue, Ste 400, Austin, 78701	US
S2-200215	Redwood Wealth Management #295 Grup	Unit #295, 350 Fifth Avenue, 54th Floor - New York - NY - 10118	US
S2-200216	Keystone Property Management #296 LLC	Unit #296, 1200 Smith Street, Suite 2200, Houston, 77002	US
S2-200217	HDFC Bank #297 td	Unit #297, Chowk Bazaar, Nr Ghanta Ghar, Surat	India
S2-200218	Frontier Energy Systems #298 Corporation	Unit #298, 350 Fifth Avenue, 54th Floor, New York, NY, 10118	US
S2-200219	Frontier Energy Systems #299 Corp.	Unit #299, 100 Montgomery Street, Suite 1500, CA, 94104	US
S2-200220	Juniper Ridge Construction #301 Co.	IL, Unit #301, 500 West Madison Streetreet, Chicago	US
S2-200221	State Bank of India #302	Unit #302, Chowk Bazaar, Nr Ghanta Ghar, Surat, 395003	India
S2-200222	Kailash Parbat Pure Veg #303 Retaurant	Pune, Unit #303, Opp. City Railway Station, M.G. Rd, Maharashtra	India
S2-200223	Summit View Veterinary #304 Hospital	Chicago, IL, Unit #304, 500 West Madison Streetreet	US
S2-200224	Sharma Sweet House #305 and Restaurant	Unit #305, Plot 42, Electronic City Ph 1 - 560100	India
S2-200225	Summit View Veterinary #306 Hospital	Unit #306, 100 Federal St, 28th Fl, Boston, MA, 02110	US
S2-200226	Frontier Energy Systems #307 Corp.	Unit #307, 350 Fifth Ave, 54th Flooroor, New York	US
S2-200227	Redwood Wealth Management #308 Group	Los Angeles, Unit #308, 2000 Ave of the Stars, CA	US
S2-200228	ADANI ENTERPRISES #309 LTD	Unit #309, NH-8, Near Toll Plaza, Udyog Vihar Phase 4 - Gurugram	India
S2-200229	Godrej Consumer Products #310 Ltd	Unit #310, 45-B, Anna Salai, Mount Rd, Chennai, Tamil Nadu	India
S2-200230	Ambika Jewellers #311 Private Ltd.	Unit #311, 12/A, Nariman Point, Express Towers, Mumbai, Maharashtra, 400021	India
S2-200231	sri laxmi textiles #312 & sarees	171001 - Shimla - Unit #312, Near Old High Court, Mall Rd	India
S2-200232	HDFC Bank #313 Ltd	Unit #313, Shop 8, New Market Area	India
S2-200233	Juniper Ridge Consruction #314 Company	Unit #314, 111 Congress Ave, Ste 400, Austin	US
S2-200234	Cascade Software Labs #317 Tech	Unit #317, 2000 Ave of the Streetars, Los Angeles, CA, 90067	US
S2-200235	Titan Company #318 Ent.	Unit #318, 22, Park St, 3rd Floor - Kolkata	India
S2-200236	DABUR INDIA #319 LTD.	Jaipur, Unit #319, 104, Civil Lines, Near Bus Streetand, 302006, Rajasthan	India
S2-200237	sun pharmaceutical #321 industries ltd	Karnataka, 560100, Unit #321, Plot 42, Electronic City Ph 1, Bengaluru	India
S2-200238	Kailash Parbat Pure Veg #322 Restaurant	Unit #322, 104, Civil Lines, Nr Bus Stand, Jaipur, 302006	India
S2-200239	Sharma Sweet House #324 and Restaurant	500033, Hyderabad, Telangana, Unit #324, Door No 8-2-293, Jubilee Hills	India
S2-200240	Keystone Property Management #326 LLC	Los Angeles, Unit #326, 2000 Ave of the Streetars, CA	US
S2-200241	Reliance Retail #328 Pvt Ltd	Unit #328, 45-B, Anna Salai, Mount Road - Chennai - Tamil Nadu	India
S2-200242	Acme Industrial Solutions #329 LLC	Unit #329, 701 Brickell Avenue, Ste 1700 - Miami - FL - 33131	US
S2-200243	Golden Gate Capital #330 Holings LLC	Unit #330, 1200 Smith Streetreet, Suite 2200, Houston	US
S2-200244	Cascade Software Labs #331 Tech	Los Angeles, CA, 90067, Unit #331, 2000 Avenue of the Stars	US
S2-200245	Apex Diagnostic Cenre #332 and Path Lab	560095, Bengaluru, Karnataka, Unit #332, Behind Nexus Mall, Koramangala 5th Block	India
S2-200246	PATEL BROTHERS PROVISION #334 BH&AR	Unit #334, 22, Park Streetreet, 3rd Floor - Kolkata - West Bengal - 700016	India
S2-200247	Redwood Wealth Management #337 Group	Unit #337, 111 Congress Avenue, Ste 400, Austin, TX, 78701	US
S2-200248	LARSEN & TOUBRO #338 INFOTECH LTD	Unit #338, Nr SBI ATM, Gali No 4, Karol Bagh, Delhi, 110005	India
S2-200249	NEXUS CLOUD TECHNOLOGIES #339 CORP.	Unit #339, 2000 Ave of the Streetars, Los Angeles, CA, 90067	US
S2-200250	Maruti Suzuki #340 India Ltd.	Unit #340, 45-B, Anna Salai, Mount Road, Chennai, Tamil Nadu, 600002	India
S2-200251	Golden Gate Capital #342 Holdings LLC	Unit #342, 100 Federal Street, 28th Floor, Boston, MA, 02110	US
S2-200252	Kailash Parbat Pure Veg #343 Restaurant	Unit #343, Shop 8, New Market Area, Bhopal, Madhya Pradesh, 462001	India
S2-200253	Godrej Consumer Products #344 Ltd	Unit #344, Opposite City Railway Station, M.G. Road - Pune - Maharashtra - 411001	India
S2-200254	Pacific Coast BioLabs #345 Inc.	Unit #345, 2500 Peachtree Rd NW, Atlanta, 30305	US
S2-200255	Patel Brothers Provision #347 Bh&ar	Unit #347, Near Old High Court, Mall Rd, Shimla, 171001	India
S2-200256	Apex Diagnostc Centre #348 and Path Lab	Unit #348, Plot 42, Electronic City Phase 1, Bengaluru, 560100	India
S2-200257	Dabur India #349 Ltd.	Unit #349, Plot 42, Electronic City Phase 1, Bengaluru, Karnataka, 560100	India
S2-200258	State Bank of ndia #350	Unit #350, 45-B, Anna Salai, Mount Road, Chennai	India
S2-200259	Maruti Suzuki #351 India Limited	Unit #351, G-10, Ground Fl, Banjara Hills Road No 12, Hyderabad, 560034	India
S2-200260	Frontier Energy Systems #352 Corp.	Unit #352, 1301 Second Avenue, Ste 3000, Seattle, WA, 98101	US
S2-200261	Olympic Mountain Sports #353 LLC	Unit #353, 1301 Second Ave, Ste 3000, Seattle, WA	US
S2-200262	Acme Industrial Solns #355 LLC	Unit #355, 701 Brickell Avenue, Suite 1700, Miami	US
S2-200263	Godrej Consumer Products #356 Ltd	Madhya Pradesh, Unit #356, Shop 8, New Market Area, Bhopal	India
S2-200264	liberty auto body #357 and repair	Unit #357, 350 Fifth Ave, 54th Fl, New York	US
S2-200265	dabur india #38 limited	Unit #358, Plot 42, Electronic City Ph 1, Bengaluru, 560100	India
S2-200266	Beacon Financial Group #359 Corp	Unit #359, 100 Montgomery St, Suite 1500, San Francisco, CA, 94104	US
S2-200267	Hindustan Unilever #361 Trading Co	Unit #361, Near SBI ATM, Gali No 4, Karol Bagh, New Delhi, 110005	India
S2-200268	icici securities #365 private ltd.	Unit #365, Shop 15, Sectortor 18 Market, Noida, 201301	India
S2-200269	HORIZON MEDIA GROUP #366 ENTERPRISES	Unit #366, 2500 Peachtree Road NW, Atlanta, GA	US
S2-200270	Kailash Parbat Pure Veg #369 Restaurant	Unit #369, 22, Park Streetreet, 3rd Fl - West Bengal - 700016	India
S2-200271	SHARMA SWEET HOUSE #370 & RESTAURANT	Unit #370, 104, Civil Lines, Near Bus Stand, Jaipur, Rajasthan	India
S2-200272	Maruti Suzuki #371 India Ltd.	Unit #371, 22, Park Street, 3rd Floor - Kolkata	India
S2-200273	Gupta Book Depot #372 and Stationers	Unit #372, Door No 8-2-293, Jubilee Hills, Hyderabad	India
S2-200274	olympic mountain sports #373 llc	Unit #373, 350 Fifth Avenue, 54th Fl	US
S2-200275	reliance retail #375 private limited	Unit #375, G-10, Ground Fl, Banjara Hills Rd No 12, Hyderabad	India
S2-200276	infosys tech #377 ltd	Unit #377, Door No 8-2-293, Jubilee Hills, Hyderabad, Telangana, 500033	India
S2-200277	Magnolia Bakery & Cafe #378	Unit #378, 100 Montgomery St, Ste 1500, San Francisco, CA, 94104	US
S2-200278	Mahindra & Mahindra #379 Financial Services	Bhopal, Madhya Pradesh, Unit #379, Shop 8, New Market Area, 462001	India
S2-200279	IRONCLAD SECURITY SERV. #380 INC	Unit #380, 1200 Smith St, Ste 2200, Houston, TX, 77002	US
S2-200280	SUMMIT VIEW VETERINARY #381 HOSPITAL	Unit #381, 100 Montgomery Street, Suite 1500, San Francisco	US
S2-200281	Om Sai Digital Printing #382 Services	Unit #382, Nr Old High Court, Mall Road, Shimla, Himachal Pradesh, 171001	India
S2-200282	pacific coast biolabs #383 inc.	Unit #383, 701 Brickell Avenuenue, Ste 1700 - Miami	US
S2-200283	Liberty Auto Body #385 and Repair	San Francisco, Unit #385, 100 Montgomery St, Suite 1500, 94104, CA	US
S2-200284	Maruti Suzuki #387 India Ltd.	Unit #387, Behind Nexus Mall, Koramangala 5th Block, Bengaluru, Karnataka, 560095	India
S2-200285	GUPTA BOOK DEPOT #390 AND STATIONERS	Unit #390, Nr Old High Court, Mall Rd, Shimla, 171001	India
S2-200286	STATE BANK OF INDIA #391	Unit #391, Door No 8-2-293, Jubilee Hills, Hyderabad	India
S2-200287	Reliance Retail #392 Pvt Ltd	Maharashtra - Mumbai - Unit #392, 12/A, Nariman Point, Express Towers	India
S2-200288	Juniper Ridge Construction #394 Co.	Unit #394, 111 Congress Avenue, Ste 400, Austin, 78701	US
S2-200289	Magnolia Bakery and Cafe #395	Unit #395, 701 Brickell Avenue, Suite 1700, Miami, FL, 33131	US
S2-200290	Keystone Property Management #396 LLC	Unit #396, 500 West Madison St, Chicago, IL, 60661	US
S2-200291	Asian Paints #397 Colour Solns	Unit #397, 22, Park Streetreet, 3rd Fl, Kolkata, 700016	India
S2-200292	horizon media group #398 ent.	Unit #398, 500 West Madison St - Chicago - IL - 60661	US
S2-200293	adani ent.#399 ltd	Unit #399, Chowk Bazaar, Nr Ghanta Ghar, Surat, 395003	India
S2-200294	State Bank of India #400	Unit #400, 12/A, Nariman Point, Express Towers, Mumbai, Maharashtra	India
S2-200295	Mahindra &Mahindra #401 Financial Serv.	Unit #401, G-10, Ground Fl, Banjara Hills Road No 12, Hyderabad, Telangana, 560034	India
S2-200296	Larsen & Toubro #402 Infotech Ltd	Unit #402, 104, Civil Lines, Nr Bus Stand, Jaipur, Rajasthan	India
S2-200297	redwood wealth management #403 group	Seattle, 98101, Unit #403, 1301 Second Avenuenue, Suite 3000, WA	US
S2-200298	Wipro Consumer Care #404 and Lighting	Unit #404, 45-B, Anna Salai, Mount Road, Chennai, 600002	India
S2-200299	Quantum Leap Robotics #405 LLC	Unit #405, 2000 Avenue of the Streetars - CA	US
S2-200300	Tata Consultancy Serv. #406 Limited	Unit #406, Plot 42, Electronic City Phase 1, Bengaluru, Karnataka	India
S2-200301	Sun Pharmaceutical #408 Industries Ltd	Unit #408, Chowk Bazaar, Nr Ghanta Ghar, Gujarat	India
S2-200302	Adani Ent. #409 Ltd	Unit #409, G-10, Ground Floor, Banjara Hills Rd No 12, Hyderabad, 560034	India
S2-200303	Adani Ent #410 Ltd	Unit #410, NH-8, Near Toll Plaza, Udyog Vihar Phase 4, Haryana, Gurugram	India
S2-200304	Horizon Media Group #411 Enterprises	Unit #411, 2500 Peachtree Rd NW, Atlanta, 30305	US
S2-200305	Hindustan Unilever #412 Trading Co	Unit #412, 12/A, Nariman Point, Express Towers, Mumbai, Maharashtra	India
S2-200306	venkateshwara hardware #413 & electricals	Unit #413, Plot 42, Electronic City Phase 1, Bengaluru, Karnataka	India
S2-200307	Golden Gate Capital #414 Holdngs LLC	Unit #414, 100 Montgomery Street, Ste 1500, San Francisco, CA	US
S2-200308	shree ganesh general store #416 store	Unit #416, Chowk Bazaar, Near Ghanta Ghar, Surat, Gujarat, 395003	India
S2-200309	Keystone Property Management #417 LLC	Unit #417, 1200 Smith St, Suite 2200, Houston	US
S2-200310	shree balaji udyog #418 private limited	Unit #418, 45-B, Anna Salai, Mount Rd, Chennai	India
S2-200311	Redwood Wealth Management #421 Group	Unit #421, 2500 Peachtree Rd NW, Atlanta	US
S2-200312	Quantum Leap Robotics #423 LLC	Unit #423, 1301 Second Ave, Ste 3000, Seattle, 98101	US
S2-200313	Acme Industrial Solns #425 LLC	Unit #425, 1200 Smith St, Ste 2200, Houston, 77002, TX	US
S2-200314	apollo hospitals #428 enterprise ltd	Unit #428, Near Old High Court, Mall Road, Shimla, 171001	India
S2-200315	Apollo Hospitals #429 Enterprise Ltd	Unit #429, Bhnd Nexus Mall, Koramangala 5th Block, Bengaluru	India
S2-200316	Tata Consultancy Services #430 Ltd.	Unit #430, 22, Park Streetreet, 3rd Floor - Kolkata - 700016	India
S2-200317	Godrej Consumer Products #431 Ltd	Unit #431, 45-B, Anna Salai, Mount Road, Chennai, Tamil Nadu, 600002	India
S2-200318	Frontier Energy Systems #432 Corporation	Unit #432, 111 Congress Avenuenue, Suite 400, Austin	US
S2-200319	ICICI Securities #433 Pvt. Ltd.	Unit #433, Near Old High Court, Mall Road - Shimla - 171001	India
S2-200320	Gupta Book Depot #434 and Stationers	Unit #434, Shop 15, Sec 18 Market, Uttar Pradesh, 201301	India
S2-200321	redwood wealth management #435 group	Unit #435, 500 West Madison St, Chicago, IL, 60661	US
S2-200322	SWASTIK AUTO SPARES #436 WORKS	Unit #436, NH-8, Near Toll Plaza, Udyog Vihar Phase 4, Gurugram	India
S2-200323	Horizon Medi Group #437 Ent.	Unit #437, 2000 Avenue of the Stars, Los Angeles, CA, 90067	US
S2-200324	Beacon Financial Group #441 Corp	Unit #441, 2000 Ave of the Streetars, Los Angeles, 90067	US
S2-200325	Frontier Energy Systems #442 Corporation	Unit #442, 701 Brickell Ave, Ste 1700, Miami, FL, 33131	US
S2-200326	Horizon Media Group #443 Enterprises	Unit #443, 111 Congress Ave, Suite 400, Austin, TX, 78701	US
S2-200327	mahindra & mahindra #444 financial serv.	Unit #444, Door No 8-2-293, Jubilee Hills, Hyderabad, Telangana, 500033	India
S2-200328	BHARTI AIRTEL #446ENTERPRISES	Unit #446, Shop 15, Sector 18 Market, Noida, Uttar Pradesh, 201301	India
S2-200329	Golden Gate Capital #447 Holdings LLC	Unit #447, 701 Brickell Avenuenue, Suite 1700, Miami, 33131	US
S2-200330	MARUTI SUZUI #449 INDIA LTD.	Unit #449, Shop 15, Sec 18 Market, Noida	India
S2-200331	Royal Enfield Service #450 Centre	Unit #450, 12/A, Nariman Point, Express Towers, Mumbai, Maharashtra, 400021	India
S2-200332	Beacon Financial Group #451 Corp	Unit #451, 701 Brickell Avenuenue, Suite 1700, Miami, FL	US
S2-200333	hdfc bank #453 ltd	Unit #453, 104, Civil Lines, Nr Bus Stand, Jaipur, Rajasthan, 302006	India
S2-200334	Patel Brothers Provision #454 Bhandar	Unit #454, 12/A, Nariman Point, Express Towers - Mumbai - Maharashtra - 400021	India
S2-200335	Wipro Consumer Care #455 & Lighting	Unit #455, 22, Park St, 3rd Floor, Kolkata, 700016	India
S2-200336	Evergreen Valley Dental #457 Associates	Unit #457, 111 Congress Avenue, Suite 400, Austin, TX, 78701	US
S2-200337	Nexus Cloud Tech #458 Corporation	Unit #458, 100 Federal St, 28th Fl, Boston, 02110	US
S2-200338	adani enterprises #459 ltd	Delhi, New Delhi, Unit #459, Nr SBI ATM, Gali No 4, Karol Bagh	India
S2-200339	Krishna Medical #460 and General Stores	Unit #460, NH-8, Near Toll Plaza, Udyog Vihar Phase 4, Gurugram, Haryana, 122015	India
S2-200340	Quantum Leap Robotics #462 LLC	Unit #462, 500 West Madison St, Chicago	US
S2-200341	State Bank of India #463	Karnataka, Bengaluru, Unit #463, Bhnd Nexus Mall, Koramangala 5th Block, 560095	India
S2-200342	Golden Gate Capital #465 Holdings LLC	Unit #465, 1200 Smith Street, Suite 2200, Houston, TX	US
S2-200343	Adani En. #466 Ltd	Unit #466, G-10, Ground Floor, Banjara Hills Rd No 12, Hyderabad, Telangana, 560034	India
S2-200344	HDFC Bank #467 Ltd	Unit #467, Bhnd Nexus Mall, Koramangala 5th Block - Bengaluru - Karnataka - 560095	India
S2-200345	Om Sai Digital Printing #469 Services	Unit #469, 22, Park Street, 3rd Floor - Kolkata - 700016	India
S2-200346	Asian Paints #470 Colour Solutions	Unit #470, Plot 42, Electronic City Ph 1, Bengaluru, Karnataka, 560100	India
S2-200347	apollo hospitals #471 enterprise ltd	Unit #471, Shop 15, Sec 18 Market, Noida, 201301	India
S2-200348	venkateshwara hardware #472 & electricals	Unit #472, 45-B, Anna Salai, Mount Road, Chennai, 600002	India
S2-200349	Bhati Airtel #476 Ent.	171001, Himachal Pradesh, Shimla, Unit #476, Nr Old High Court, Mall Rd	India
S2-200350	ICICI Securities #477 Private Ltd.	Unit #477, Shop 8, New Market Area, Bhopal, 462001	India
S2-200351	Infosys Tech #478 Ltd	Unit #478, NH-8, Near Toll Plaza, Udyog Vihar Ph 4, Gurugram, Haryana, 122015	India
S2-200352	Sri Ganesh Kirana #482 Store	Unit #482, Near SBI ATM, Gali No 4, Karol Bagh, New Delhi, 110005	India
S2-200353	acme industrial solns #483 llc	Unit #483, 350 Fifth Avenue, 54th Floor - New York	US
S2-200354	Keystone Property Management #484 LLC	Unit #484, 1200 Smith St, Ste 2200, Houston, TX, 77002	US
S2-200355	Cascade Software Labs #487 Technologies	Unit #487, 500 West Madison St, Chicago, IL, 60661	US
S2-200356	RADHA RAMAN H&LOOMS #488 EMPORIUM	Unit #488, Door No 8-2-293, Jubilee Hills, Hyderabad, Telangana	India
S2-200357	Quantum Leap Robotics #489 LLC	Unit #489, 701 Brickell Ave, Suite 1700, Miami	US
S2-200358	Sun Pharmaceutical #490 Industries Ltd	Unit #490, 45-B, Anna Salai, Mount Road, Chennai, 600002	India
S2-200359	Bharti Airtel #493 Ent.	Unit #493, 12/A, Nariman Point, Express Towers, Mumbai, 400021	India
S2-200360	SHREE BALAJI UDYOG #495 PVT LTD	Unit #495, Shop 8, New Market Area, 462001	India
S2-200361	Mahindra & Mahindra #502 Financial Serv.	Unit #502, Behind Nexus Mall, Koramangala 5th Block, Bengaluru, Karnataka, 560095	India
S2-200362	Golden Gate Capital #504 Holdings LLC	Unit #504, 701 Brickell Ave, Ste 1700, Miami, 33131	US
S2-200363	Apex Diagnostic Centre #50 & Path Lab	Unit #505, Door No 8-2-293, Jubilee Hills, Hyderabad, Telangana	India
S2-200364	Royal Enfield Service #506 Centre	411001, Pune, Unit #506, Opp. City Railway Station, M.G. Rd	India
S2-200365	Apollo Hospials #507 Enterprise Ltd	462001, Unit #507, Shop 8, New Market Area, Bhopal	India
S2-200366	Wipro Consumer Care #508 & Lighing	Unit #508, Shop 8, New Market Area, Bhopal, Madhya Pradesh, 462001	India
S2-200367	Olympic Mountain Sports #509 LLC	Unit #509, 2500 Peachtree Road NW, Atlanta, GA	US
S2-200368	Wipro Consumer Care #512 & Lighting	Unit #512, Door No 8-2-293, Jubilee Hills, Hyderabad, Telangana, 500033	India
S2-200369	shree alaji udyog #513 private limited	Unit #513, Bhnd Nexus Mall, Koramangala 5th Block, Bengaluru, 560095	India
S2-200370	Sri Ganesh Kirana #514 Store	Unit #514, 104, Civil Lines, Near Bus Streetand, Jaipur, Rajasthan, 302006	India
S2-200371	Sharma Sweet ouse #516 & Restaurant	Unit #516, 12/A, Nariman Point, Express Towers, Mumbai, 400021	India
S2-200372	Apex Diagnostic Centre #518 and Path Lab	Chennai, 600002, Unit #518, 45-B, Anna Salai, Mount Rd	India
S2-200373	HORIZON MEDIA GROUP #521 ENT.	Unit #521, 2000 Avenue of the Streetars, Los Angeles, CA, 90067	US
S2-200374	Patel Brothers Provision #524 Bh&ar	Unit #524, Shop 8, New Market Area, Bhopal, 462001	India
S2-200375	BHARTI AIRTEL #525 ENTERPRISES	Unit #525, 45-B, Anna Salai, Mount Rd - Chennai - Tamil Nadu	India
S2-200376	OLYMPIC MOUNTAIN SPORTS #526 LLC	Unit #526, 2500 Peachtree Rd NW, 30305, Atlanta, GA	US
S2-200377	Junier Ridge Construction #528 Co.	Unit #528, 1301 Sectorond Ave, Ste 3000 - Seattle - WA - 98101	US
S2-200378	bharti airtel #530 enterprises	Unit #530, Opposite City Railway Station, M.G. Rd, Pune, Maharashtra, 411001	India
S2-200379	Liberty Auto Body #532 and Repair	Los Angeles - CA - Unit #532, 2000 Avenue of the Streetars	US
S2-200380	Sun Pharmaceutical #533 Industries Ltd	302006, Jaipur, Rajasthan, Unit #533, 104, Civil Lines, Near Bus Streetand	India
S2-200381	Venkateshwara Hardware #534 and Electricals	Unit #534, 104, Civil Lines, Near Bus Streetand - Jaipur - Rajasthan	India
S2-200382	Frontier Energy Systems #535 Corp.	Unit #535, 1301 Second Ave, Suite 3000, Seattle, WA	US
S2-200383	hindustan unilever #536 trading co	Chennai, Tamil Nadu, Unit #536, 45-B, Anna Salai, Mount Road	India
S2-200384	Quantum Leap Robotics #537 LLC	Chicago - 60661 - IL - Unit #537, 500 West Madison St	US
S2-200385	Apex Global Logistics #538 Inc.	Unit #538, 2500 Peachtree Road NW - Atlanta - GA - 30305	US
S2-200386	Quantum Leap Robotics #539 LLC	Unit #539, 2000 Ave of the Stars - Los Angeles - CA - 90067	US
S2-200387	Delta Healthcare Partners #540 P.C.	Unit #540, 2500 Peachtree Rd NW - Atlanta - 30305	US
S2-200388	Ambika Jewellers #541 Pvt. Ltd.	Unit #541, 12/A, Nariman Point, Express Towers, Mumbai, 400021	India
S2-200389	Pacific Coast BioLabs #542 Inc.	Unit #542, 350 Fifth Ave, 54th Flooroor, New York	US
S2-200390	Venkateshwara Hardware #543 & Electricals	Unit #543, 12/A, Nariman Point, Express Towers, Mumbai, 400021	India
S2-200391	kailash parbat pure veg #545 restaurant	Unit #545, Nr SBI ATM, Gali No 4, Karol Bagh, New Delhi, 110005	India
S2-200392	Bajaj Auto #546 Hldings Ltd	Unit #546, Shop 15, Sector 18 Market, Uttar Pradesh, 201301	India
S2-200393	SUN PHARMACEUTICAL #547 INDUSTRIES LTD	Unit #547, G-10, Ground Floor, Banjara Hills Rd No 12, Telangana, 560034	India
S2-200394	Bajaj Auto #548 Holdings td	Unit #548, 45-B, Anna Salai, Mount Rd, Chennai, Tamil Nadu, 600002	India
S2-200395	Sharma Sweet House #549 & Restaurant	Unit #549, 45-B, Anna Salai, Mount Road, Chennai, 600002	India
S2-200396	Juniper Ridge Construction #550 ompany	Unit #550, 500 West Madison Street - Chicago - 60661	US
S2-200397	apex diagnostic centre #551 & path lab	Unit #551, Door No 8-2-293, Jubilee Hills, Hyderabad, 500033	India
S2-200398	Ironclad Security Serv. #552 Inc	Unit #552, 1200 Smith Street, Suite 2200, Houston	US
S2-200399	Bajaj Auto #553 Holdings Ltd	Unit #553, 12/A, Nariman Point, Express Towers, Mumbai, Maharashtra	India
S2-200400	Redwood Wealth Management #554 Group	Unit #554, 100 Montgomery St, Ste 1500, San Francisco, CA, 94104	US
S2-200401	horizon media group #555 ent.	Unit #555, 111 Congress Avenuenue, Ste 400, Austin, TX, 78701	US
S2-200402	JUNIPER RIDGE CONSTRUCTION #556 COMPANY	Unit #556, 701 Brickell Avenue, Ste 1700, Miami, FL, 33131	US
S2-200403	Horizon Media Group #557 Ent.	Unit #557, 111 Congress Ave, Ste 400, Austin, 78701	US
S2-200404	ICICI Securities #558 Pvt. Ltd.	Unit #558, 104, Civil Lines, Near Bus Streetand, Jaipur, 302006	India
S2-200405	TATA CONSULTANCYSERVICES #559 LTD.	Unit #559, Chowk Bazaar, Nr Ghanta Ghar, 395003, Surat	India
S2-200406	Ironclad Security Serv. #561 Inc	NY, New York, Unit #561, 350 Fifth Ave, 54th Floor	US
S2-200407	Gupta Book Depot #562 & Stationers	Unit #562, Behind Nexus Mall, Koramangala 5th Block, Bengaluru	India
S2-200408	Ambika Jewellers #563 Pvt. Ltd.	Unit #563, Behind Nexus Mall, Koramangala 5th Block, Bengaluru, Karnataka	India
S2-200409	om sai digital printing #564 services	Noida - 201301 - Unit #564, Shop 15, Sectortor 18 Market	India
S2-200410	Beacon Financial Group #567 Corp	Unit #567, 701 Brickell Ave, Ste 1700, Miami, 33131	US
S2-200411	delta healthcare partners #568 p.c.	Unit #568, 100 Montgomery Street, Suite 1500, CA, 94104, San Francisco	US
S2-200412	Cascade Software Labs #569 Technologies	Austin, Unit #569, 111 Congress Ave, Suite 400	US
S2-200413	Titan Company #570 Enterprises	Unit #570, Near Old High Court, Mall Road, Shimla, Himachal Pradesh, 171001	India
S2-200414	Pacific Coast BioLabs #572 Inc.	Unit #572, 1200 Smith Street, Suite 2200 - Houston - TX - 77002	US
S2-200415	Godrej Consumer Products #574 Ltd	Unit #574, NH-8, Near Toll Plaza, Udyog Vihar Phase 4, Gurugram, Haryana, 122015	India
S2-200416	Horizon Media Group #576 Ent.	Unit #576, 2000 Avenue of the Stars - Los Angeles	US
S2-200417	Hindustan Unilever #577 Trading Co	Unit #577, Nr SBI ATM, Gali No 4, Karol Bagh, New Delhi, Delhi	India
S2-200418	keystone property management #578 llc	Unit #578, 100 Montgomery St, Suite 1500, San Francisco, CA, 94104	US
S2-200419	VENKATESHWARA HARDWARE #579 & ELECTRICALS	Unit #579, Shop 15, Sector 18 Market, Noida, Uttar Pradesh, 201301	India
S2-200420	Delta Healthcare Partners #580 P.C.	Unit #580, 500 West Madison Street - Chicago - 60661	US
S2-200421	Redwood Wealth Management #584 Group	Unit #584, 350 Fifth Ave, 54th Fl, New York, 10118	US
S2-200422	Acme Industrial Solns #585 LLC	Unit #585, 350 Fifth Ave, 54th Fl	US
S2-200423	LARSEN & TOUBRO #586 INFOTECH LTD	Unit #586, 104, Civil Lines, Near Bus Streetand, Jaipur, Rajasthan, 302006	India
S2-200424	Nexus Cloud Tech #587 Corporation	Unit #587, 1200 Smith St, Ste 2200	US
S2-200425	Godrej Consumer Products #588 Ltd	Unit #588, G-10, Ground Fl, Banjara Hills Road No 12, Hyderabad	India
S2-200426	Pacific Coast BioLabs #589 Inc.	Los Angeles - Unit #589, 2000 Ave of the Streetars - CA - 90067	US
S2-200427	Golden Gate Capital #590 Holdings LLC	Unit #590, 100 Federal St, 28th Floor, Boston, 02110	US
S2-200428	Keystone Property Management #592 LLC	Unit #592, 111 Congress Avenuenue, Suite 400, Austin	US
S2-200429	Olympic Mountain Sports #594 LLC	Unit #594, 100 Federal Streetreet, 28th Flooroor, Boston	US
S2-200430	Nexus Cloud Tech #595 Corporation	60661, Chicago, IL, Unit #595, 500 West Madison St	US
S2-200431	ICICI SECURITIES #596 PRIVATE LIMITED	Unit #596, Bhnd Nexus Mall, Koramangala 5th Block, Bengaluru, 560095	India
S2-200432	Sun Pharmaceutical #597 Industries Ltd	Unit #597, G-10, Ground Fl, Banjara Hills Road No 12, Hyderabad	India
S2-200433	ACME INDUSTRIAL SOLNS #598 LLC	Unit #598, 500 West Madison St, Chicago, 60661	US
S2-200434	HDFC Bank #601 Ltd	Unit #601, Nr SBI ATM, Gali No 4, Karol Bagh, New Delhi	India
S2-200435	Krishna Medical #602 and General Stores	Unit #602, Near SBI ATM, Gali No 4, Karol Bagh, New Delhi	India
S2-200436	Mahidra & Mahindra #603 Financial Serv.	Unit #603, Behind Nexus Mall, Koramangala 5th Block, Bengaluru	India
S2-200437	APOLLO OSPITALS #604 ENTERPRISE LTD	201301, Uttar Pradesh, Unit #604, Shop 15, Sector 18 Market, Noida	India
S2-200438	Shree Balaji Udyog #606 Private Limited	Unit #606, 12/A, Nariman Point, Express Towers - Mumbai	India
S2-200439	redwood wealth management #607 group	Unit #607, 500 West Madison Street, Chicago, IL	US
S2-200440	Juniper Ridge Construction #608 Company	Unit #608, 1200 Smith Street, Suite 2200, Houston, 77002	US
S2-200441	Sri Laxmi Textiles #609 and Sarees	Unit #609, Bhnd Nexus Mall, Koramangala 5th Block, Bengaluru, 560095	India
S2-200442	Summit View Veterinary #610 Hospital	Unit #610, 350 Fifth Ave, 54th Fl, New York, NY, 10118	US
S2-200443	Magnolia Bakery & Cafe #612	Unit #612, 100 Federal St, 28th Floor, Boston, MA, 02110	US
S2-200444	Bharti Airtel #613 Ent.	Unit #613, 45-B, Anna Salai, Mount Road, Chennai, 600002	India
S2-200445	Horizon Media Group #614 Enterprises	Unit #614, 100 Federal Street, 28th Flooroor, Boston, 02110	US
S2-200446	Acme Industrial Solutions #615 LLC	Unit #615, 100 Montgomery St, Suite 1500, CA, 94104	US
S2-200447	HDFC BANK #617 LTD	Kolkata, West Bengal, Unit #617, 22, Park St, 3rd Flooroor	India
S2-200448	Larsen and Toubro #618 Infotech Ltd	Unit #618, Shop 15, Sec 18 Market, Noida, Uttar Pradesh, 201301	India
S2-200449	Redwood Wealth Management #620 Group	Unit #620, 1301 Second Ave, Ste 3000, Seattle, WA, 98101	US
S2-200450	Tata Consultancy Serv. #621 Limited	Unit #621, G-10, Ground Floor, Banjara Hills Rd No 12, Telangana	India
S2-200451	Quantum Leap Robotics #623 LLC	Unit #623, 500 West Madison Street, Chicago, 60661	US
S2-200452	ICICI Securities #624 Pvt. Ltd.	Unit #624, Opp. City Railway Station, M.G. Road, Pune, Maharashtra	India
S2-200453	summit view veterinar #625 hospital	Unit #625, 350 Fifth Ave, 54th Fl, New York, NY, 10118	US
S2-200454	Evergreen Valley Dental #626 Associates	FL, Miami, Unit #626, 701 Brickell Avenuenue, Suite 1700, 33131	US
S2-200455	Juniper Ridge Construction #627 Company	Unit #627, 2000 Avenue of the Streetars - Los Angeles - CA	US
S2-200456	acme industrial solutions #628 llc	Unit #628, 2500 Peachtree Road NW, Atlanta, GA, 30305	US
S2-200457	Magnolia Bakery & Cae #629	Unit #629, 111 Congress Ave, Suite 400, Austin, TX, 78701	US
S2-200458	Patel Brothers Provision #630 Bhandar	Unit #630, Nr SBI ATM, Gali No 4, Karol Bagh, New Delhi, Delhi	India
S2-200459	acme industrial solns #632 llc	Unit #632, 100 Montgomery St, Ste 1500 - San Francisco - CA - 94104	US
S2-200460	Reliance Retail #633 Private Limited	Unit #633, Bhnd Nexus Mall, Koramangala 5th Block, Bengaluru, Karnataka, 560095	India
S2-200461	Apollo Hopitals #634 Enterprise Ltd	Mumbai, Unit #634, 12/A, Nariman Point, Express Towers	India
S2-200462	Apex Global Logistics #635 Inc.	Unit #635, 100 Federal St, 28th Floor, Boston, MA, 02110	US
S2-200463	Pacific Coast BioLabs #636 Inc.	Austin - Unit #636, 111 Congress Ave, Ste 400 - 78701	US
S2-200464	Cascade Software Labs #637 Tech	Unit #637, 100 Federal St, 28th Floor, Boston, MA, 02110	US
S2-200465	Pacific Coast BioLabs #639 Inc.	Unit #639, 111 Congress Avenue, Suite 400, Austin	US
S2-200466	Cascade Software Labs #643 Technologies	Unit #643, 1200 Smith Streetreet, Ste 2200, Houston, TX, 77002	US
S2-200467	APEX GLOBAL LOGISTICS #644 INC.	Unit #644, 350 Fifth Ave, 54th Fl, New York	US
S2-200468	Bharti Airtel #645 Ent.	Unit #645, 22, Park Street, 3rd Flooroor, Kolkata, West Bengal, 700016	India
S2-200469	HDFCBank #647 Ltd	Unit #647, Nr Old High Court, Mall Rd, Himachal Pradesh	India
S2-200470	Juniper Ridge Construction #648 Co.	Unit #648, 701 Brickell Ave, Suite 1700, Miami, FL, 33131	US
S2-200471	Swastik Auto Spares #649 Works	122015, Gurugram, Haryana, Unit #649, NH-8, Near Toll Plaza, Udyog Vihar Ph 4	India
S2-200472	JUNIPER RIDGE CONSTUCTION #651 COMPANY	San Francisco, Unit #651, 100 Montgomery St, Suite 1500	US
S2-200473	Fronier Energy Systems #652 Corp.	Unit #652, 2500 Peachtree Rd NW, Atlanta, GA, 30305	US
S2-200474	HDFC BANK #653 LTD	Unit #653, NH-8, Near Toll Plaza, Udyog Vihar Ph 4, Gurugram, Haryana, 122015	India
S2-200475	Quantum Leap Robotics #655 LLC	Unit #655, 2000 Avenue of the Stars - Los Angeles - CA	US
S2-200476	Tata Consultancy Services #657 Ltd.	Unit #657, Opposite City Railway Station, M.G. Rd - Pune - Maharashtra - 411001	India
S2-200477	Golden Gate Capital #658 Holdigs LLC	Unit #658, 2000 Avenue of the Stars - Los Angeles - 90067	US
S2-200478	venkateshwara hardware #659 & electricals	Unit #659, Plot 42, Electronic City Phasease 1 - Bengaluru - Karnataka - 560100	India
S2-200479	Apollo Hospitals #660 Enterprise Ltd	Unit #660, NH-8, Near Toll Plaza, Udyog Vihar Phase 4 - Gurugram - 122015	India
S2-200480	Hindustan Unilever #661 Trading Co	Unit #661, 22, Park Streetreet, 3rd Floor - Kolkata - West Bengal - 700016	India
S2-200481	Hindustan Unilever #662 Trading Co	Unit #662, 12/A, Nariman Point, Express Towers, Mumbai, Maharashtra, 400021	India
S2-200482	Liberty Auto Body #664 and Repair	Unit #664, 100 Montgomery St, Ste 1500, San Francisco, CA	US
S2-200483	Krishna Medical #665 and General Stores	Unit #665, 45-B, Anna Salai, Mount Road, Chennai, 600002	India
S2-200484	ASIAN PAINTS #666 COLOUR SOLNS	Unit #666, Plot 42, Electronic City Ph 1, Bengaluru, Karnataka, 560100	India
S2-200485	Mahindra and Mahindra #668 Financial Services	Unit #668, 12/A, Nariman Point, Express Towers, Mumbai	India
S2-200486	Godrej Consumer Products #670 Ltd	Unit #670, Shop 8, New Market Area, Bhopal	India
S2-200487	GUPTA BOOK DEPOT #671 & STATIONERS	Unit #671, Behind Nexus Mall, Koramangala 5th Block, Bengaluru, Karnataka	India
S2-200488	Beacon Financial Group #672 Corp	78701, TX, Austin, Unit #672, 111 Congress Avenue, Ste 400	US
S2-200489	Godrej Consumer Products #673 Ltd	Unit #673, Bhnd Nexus Mall, Koramangala 5th Block, 560095, Bengaluru, Karnataka	India
S2-200490	Royal Enfield Service#674 Centre	Unit #674, Shop 15, Sector 18 Market, Noida, Uttar Pradesh, 201301	India
S2-200491	BHARTI AIRTEL #675 ENT.	Unit #675, Near Old High Court, Mall Road, Shimla, 171001	India
S2-200492	wipro consumer care #676 & lighting	Unit #676, Nr Old High Court, Mall Rd, Shimla, 171001	India
S2-200493	Krisna Medical #677 & General Stores	Unit #677, 12/A, Nariman Point, Express Towers, Mumbai, 400021	India
S2-200494	Beacon Financial Group #678 Corp	Unit #678, 2500 Peachtree Road NW, GA	US
S2-200495	Liberty Auto Body #679 & Repair	Unit #679, 100 Federal Streetreet, 28th Floor, Boston, 02110	US
S2-200496	Redwood Wealth Mnagement #680 Group	Unit #680, 350 Fifth Avenue, 54th Flooroor, New York, NY, 10118	US
S2-200497	Adani Ent. #681 Ltd	Unit #681, 12/A, Nariman Point, Express Towers, Mumbai	India
S2-200498	Bharti Airtel #682 Ent.	Jaipur - Unit #682, 104, Civil Lines, Near Bus Streetand - Rajasthan	India
S2-200499	Om Sai Digital Printing #683 Serv.	Unit #683, Shop 15, Sector 18 Market, Noida, Uttar Pradesh, 201301	India
S2-200500	ICICI Securities #686 Pvt. Ltd.	Unit #686, Near Old High Court, Mall Rd, Shimla, Himachal Pradesh	India
S2-200501	Bharti Airtel #688 Ent.	Unit #688, Bhnd Nexus Mall, Koramangala 5th Block - Bengaluru - 560095	India
S2-200502	Ironclad Security Serv. #689 Inc	Boston, Unit #689, 100 Federal Street, 28th Fl	US
S2-200503	ICICI Securities #690 Pvt. Ltd.	Unit #690, 12/A, Nariman Point, Express Towers, Mumbai, Maharashtra	India
S2-200504	Shree Balaji Udyog #691 Private Limited	Unit #691, 22, Park Street, 3rd Floor, Kolkata, West Bengal, 700016	India
S2-200505	Apollo Hospitals #693 Eterprise Ltd	Unit #693, Opp. City Railway Streetation, M.G. Rd, Pune, Maharashtra	India
S2-200506	Apex Global Logistics #695 Inc.	Unit #695, 350 Fifth Ave, 54th Flooroor, New York, 10118	US
S2-200507	Keystone Property Management #696 LLC	Unit #696, 1200 Smith Street, Ste 2200	US
S2-200508	Redwood Wealth Management #698 Group	Unit #698, 100 Montgomery St, Ste 1500, San Francisco, CA	US
S2-200509	Quantum Leap Robotics #699 LLC	Unit #699, 111 Congress Ave, Ste 400, Austin, TX	US
S2-200510	Cascade Software Labs #700 Tech	Unit #700, 350 Fifth Ave, 54th Fl, NY, 10118	US
S2-200511	Olympic Mountain Sports #701 LLC	Unit #701, 2000 Ave of the Stars, Los Angeles, CA, 90067	US
S2-200512	Bharti Airtel #703 Enterprises	Unit #703, Plot 42, Electronic City Ph 1, Bengaluru, Karnataka, 560100	India
S2-200513	adani enterprises #705 ltd	Surat, 395003, Unit #705, Chowk Bazaar, Nr Ghanta Ghar	India
S2-200514	frontier energy systems #706 corp.	Unit #706, 350 Fifth Ave, 54th Fl, New York, 10118	US
S2-200515	Apex Diagnostic Centre #707 & Path Lab	Unit #707, 45-B, Anna Salai, Mount Road, Chennai, Tamil Nadu	India
S2-200516	Apex Gloal Logistics #708 Inc.	Unit #708, 1301 Second Avenue, Suite 3000, Seattle, 98101	US
S2-200517	Ironclad Security Serv. #709 Inc	Unit #709, 111 Congress Ave, Suite 400, Austin, TX	US
S2-200518	Reliance Retail 711 Private Limited	Unit #711, 104, Civil Lines, Near Bus Streetand, Jaipur	India
S2-200519	titan company #712 enterprises	Unit #712, Shop 15, Sectortor 18 Market, Noida	India
S2-200520	Olympic Mountain Sports #713 LC	San Francisco, CA, Unit #713, 100 Montgomery St, Ste 1500, 94104	US
S2-200521	Apex Global Logistics #714 Inc.	Unit #714, 100 Montgomery Street, Ste 1500, San Francisco, CA, 94104	US
S2-200522	Larsen and Toubro #715 Infotech Ltd	Unit #715, Shop 15, Sec 18 Market, Noida, Uttar Pradesh, 201301	India
S2-200523	SWASTIK AUTO SPARES #717 WORKS	Unit #717, Shop 8, New Market Area, Bhopal	India
S2-200524	BHARTI AIRTEL #720 ENT.	462001, Unit #720, Shop 8, New Market Area, Bhopal	India
S2-200525	Olympic Mountain Sports #721 LLC	Unit #721, 1200 Smith St, Ste 2200 - Houston - TX	US
S2-200526	liberty auto body #722 & repair	Unit #722, 1200 Smith St, Ste 2200, TX	US
S2-200527	Pacific Coast BioLabs #724 Inc.	Unit #724, 111 Congress Ave, Suite 400, Austin, 78701	US
S2-200528	Ironclad SecurityServ. #725 Inc	Unit #725, 1200 Smith Street, Suite 2200	US
S2-200529	Shree Balaji Udyog #726 Private Limited	Unit #726, Chowk Bazaar, Near Ghanta Ghar	India
S2-200530	Golden Gate Capital #727 Holdings LLC	Unit #727, 701 Brickell Ave, Ste 1700, Miami	US
S2-200531	Juniper Ridge Construction #728 Co.	Unit #728, 2500 Peachtree Road NW, Atlanta, GA, 30305	US
S2-200532	Summit View Veterinary #729 Hospital	Unit #729, 2500 Peachtree Rd NW, Atlanta, GA	US
S2-200533	Swastik uto Spares #732 Works	700016, Unit #732, 22, Park St, 3rd Fl, West Bengal, Kolkata	India
S2-200534	FRONTIER ENERGY SYSTEMS #733 CORP.	Unit #733, 701 Brickell Avenuenue, Ste 1700, Miami, 33131	US
S2-200535	Dabur India #734 Limited	Noida, Unit #734, Shop 15, Sector 18 Market, 201301, Uttar Pradesh	India
S2-200536	Mahindra & Mahindra #737 Financial Serv.	Unit #737, Shop 15, Sec 18 Market - Noida - Uttar Pradesh - 201301	India
S2-200537	Bajaj Auto #738 Holdings Ltd	Unit #738, Near Old High Court, Mall Road, Himachal Pradesh, 171001	India
S2-200538	MAHINDRA & MAHINDRA #739 FINANCIAL SERVICES	Gurugram, Haryana, 122015, Unit #739, NH-8, Near Toll Plaza, Udyog Vihar Phasease 4	India
S2-200539	DABUR INDIA #740 LTD.	Unit #740, Door No 8-2-293, Jubilee Hills - Hyderabad - Telangana - 500033	India
S2-200540	maruti suzuki #741 india ltd.	Unit #741, Shop 8, New Market Area - Bhopal	India
S2-200541	Sharma Sweet House #743 and Restaurant	Unit #743, 104, Civil Lines, Nr Bus Streetand, Jaipur, 302006	India
S2-200542	venkateshwara hardwar #744 and electricals	Unit #744, Near Old High Court, Mall Road, Shimla, 171001	India
S2-200543	Apex Glbal Logistics #745 Inc.	Unit #745, 100 Federal Streetreet, 28th Floor - Boston - MA	US
S2-200544	Bharti Airtel#746 Enterprises	Unit #746, NH-8, Near Toll Plaza, Udyog Vihar Ph 4, Gurugram, Haryana, 122015	India
S2-200545	krishna meical #747 and general stores	Telangana, 500033, Unit #747, Door No 8-2-293, Jubilee Hills, Hyderabad	India
S2-200546	cascade software labs #748 tech	Unit #748, 350 Fifth Ave, 54th Floor, New York	US
S2-200547	Mahindra & Mahindra #749 Financial Serv.	Unit #749, Plot 42, Electronic City Phase 1, Bengaluru, Karnataka, 560100	India
S2-200548	Kailash Parbat Pure Veg #750 Restaurant	Unit #750, 104, Civil Lines, Nr Bus Streetand, Jaipur, Rajasthan	India
S2-200549	Frontier Energy Systems #751 Corporation	Unit #751, 1200 Smith Street, Suite 2200, Houston, TX, 77002	US
S2-200550	Venkateshwara Hardware #753 and Electricals	Unit #753, 45-B, Anna Salai, Mount Road, Chennai, Tamil Nadu	India
S2-200551	Wipro Consumer Care #754 and Lighting	Unit #754, Behind Nexus Mall, Koramangala 5th Block, Bengaluru, Karnataka, 560095	India
S2-200552	Ironclad Security Services #755 Inc	Unit #755, 350 Fifth Avenue, 54th Fl, New York, NY	US
S2-200553	RELIANCE RETAIL #756 PVT LTD	Unit #756, Bhnd Nexus Mall, Koramangala 5th Block, Karnataka	India
S2-200554	Redwood Wealth Management #758 Group	Unit #758, 1301 Second Avenue, Ste 3000 - Seattle - WA - 98101	US
S2-200555	frontier energy systems #761 corporation	MA, Unit #761, 100 Federal Streetreet, 28th Fl, Boston	US
S2-200556	Shree Ganesh General Store #762 Store	Unit #762, Bhnd Nexus Mall, Koramangala 5th Block, Karnataka, 560095	India
S2-200557	beacon financial group #763 corp	Unit #763, 350 Fifth Ave, 54th Fl, New York, 10118	US
S2-200558	Godrej Consumer Products #764 Ltd	Unit #764, 22, Park Streetreet, 3rd Floor, Kolkata, West Bengal	India
S2-200559	beacon financial group #765 corp	Unit #765, 1200 Smith St, Suite 2200, Houston, TX	US
S2-200560	Golden Gate Capital #766 Holdings LLC	Unit #766, 111 Congress Avenuenue, Ste 400 - Austin - 78701	US
S2-200561	Horizon Media Group #767 Ent.	Unit #767, 701 Brickell Ave, Suite 1700, Miami, 33131	US
S2-200562	Quantum Leap Robotics #768 LLC	Unit #768, 2500 Peachtree Rd NW, Atlanta, GA, 30305	US
S2-200563	Juniper Ridge Construction #769 Company	Unit #769, 2500 Peachtree Rd NW, Atlanta, GA, 30305	US
S2-200564	Juniper Ridge Construction #770 Company	New York, NY, Unit #770, 350 Fifth Ave, 54th Floor	US
S2-200565	Tata ConsultancyServices #771 Ltd.	Unit #771, 22, Park Streetreet, 3rd Fl, Kolkata, 700016	India
S2-200566	Magnolia Bakery and Cafe #774	Unit #774, 350 Fifth Ave, 54th Fl, New York, NY	US
S2-200567	Summit Vie Veterinary #776 Hospital	Unit #776, 111 Congress Ave, Ste 400, Austin, TX	US
S2-200568	Summit View Veterinary #777 Hospital	San Francisco, Unit #777, 100 Montgomery St, Ste 1500	US
S2-200569	Horizon Media Group #778 Ent.	Unit #778, 100 Montgomery Street, Ste 1500, San Francisco, 94104	US
S2-200570	horizon media group #780 enterpises	Unit #780, 350 Fifth Ave, 54th Fl - New York - NY - 10118	US
S2-200571	delta healthcare partners #781 p.c.	Los Angeles, 90067, Unit #781, 2000 Ave of the Streetars	US
S2-200572	Beacon Financial Group #782 Corp	Unit #782, 2500 Peachtree Road NW, Atlanta, 30305	US
S2-200573	redwood wealth management #783 group	Unit #783, 100 Montgomery St, Suite 1500, San Francisco, CA	US
S2-200574	bajaj auto #785 holdings ltd	Unit #785, 45-B, Anna Salai, Mount Road, Chennai, Tamil Nadu	India
S2-200575	Om Sai Digital rinting #786 Serv.	Unit #786, 22, Park St, 3rd Floor, 700016	India
S2-200576	Juniper Ridge Construction #787 Company	Unit #787, 1200 Smith St, Ste 2200, Houston, TX	US
S2-200577	Om Sai Digital Printing #788 Serv.	Unit #788, G-10, Ground Fl, Banjara Hills Road No 12 - Telangana	India
S2-200578	REDWOOD WEALTH MANAGEMENT #789 GROUP	78701, Austin, Unit #789, 111 Congress Avenue, Suite 400	US
S2-200579	frontier energy systes #790 corp.	Unit #790, 500 West Madison St, Chicago, IL, 60661	US
S2-200580	Adani Ent. #791 Ltd	Unit #791, Door No 8-2-293, Jubilee Hills, Hyderabad	India
S2-200581	Evergreen Valley Dental #794 Associates	77002 - Unit #794, 1200 Smith Street, Suite 2200 - Houston	US
S2-200582	Magnolia Bakery & Cafe #795	Houston, Unit #795, 1200 Smith St, Suite 2200, 77002	US
S2-200583	Evergreen Valley Dental #796 Associates	02110, Boston, Unit #796, 100 Federal Street, 28th Fl	US
S2-200584	Shree Balaji Udyog #797 Pvt Ltd	Shimla, Unit #797, Near Old High Court, Mall Road, Himachal Pradesh	India
S2-200585	pacific coast biolabs #799 inc.	Unit #799, 100 Federal St, 28th Flooroor, Boston, MA	US
S2-200586	Mahindra & Mahindra #800 Financial Services	Unit #800, 22, Park Streetreet, 3rd Floor, Kolkata, West Bengal, 700016	India
S2-200587	Kailash Parbat Pure Veg #802 Restaurant	400021, Mumbai, Unit #802, 12/A, Nariman Point, Express Towers	India
S2-200588	Acme Industrial Solutions #805 LLC	Unit #805, 100 Federal Street, 28th Fl, Boston, MA	US
S2-200589	redwood wealth management #806 group	Unit #806, 2000 Avenue of the Stars, Los Angeles	US
S2-200590	Larsen & Toubro #808 Infotech Ltd	Unit #808, Nr Old High Court, Mall Road, Shimla	India
S2-200591	Apex Global Logistics #809 Inc.	Unit #809, 2500 Peachtree Road NW, Atlanta, GA	US
S2-200592	Liberty Auto Body #811 and Repair	98101, WA, Seattle, Unit #811, 1301 Sectorond Avenue, Suite 3000	US
S2-200593	Juniper Ridge Construction #812 Company	Unit #812, 2500 Peachtree Rd NW, Atlanta, GA	US
S2-200594	Gupta Book Dpot #813 & Stationers	Haryana - Gurugram - Unit #813, NH-8, Near Toll Plaza, Udyog Vihar Phase 4	India
S2-200595	Sri Balaji Udyog #815 Pvt Ltd	Unit #815, NH-8, Nr Toll Plaza, Udyog Vihar Ph 4, Haryana, Gurugram, 122015	India
S2-200596	Summit View Veterinary #816 Hospital	30305, Unit #816, 2500 Peachtree Rd NW, Atlanta	US
S2-200597	Wipro Consumer Care #817 and Lighting	Surat, Unit #817, Chowk Bazaar, Nr Ghanta Ghar	India
S2-200598	HDFC Bank #818 Ltd	Unit #818, Near Old High Court, Mall Road, Shimla	India
S2-200599	Golden Gate Capital #819 Holdings LLC	Miami, Unit #819, 701 Brickell Avenue, Suite 1700	US
S2-200600	Cascade Software Labs #822Tech	Unit #822, 111 Congress Avenuenue, Suite 400 - Austin - TX	US
S2-200601	Ironclad Security Serv. #823 Inc	Unit #823, 1200 Smith St, Suite 2200, Houston, TX	US
S2-200602	Apex Diagnostic Centre #824 and Path Lab	Unit #824, Behind Nexus Mall, Koramangala 5th Block, Bengaluru, Karnataka, 560095	India
S2-200603	Evergreen Valley Dental #825 Associates	Miami, 33131, Unit #825, 701 Brickell Avenue, Suite 1700, FL	US
S2-200604	summit view veterinary #827 hospital	Unit #827, 350 Fifth Avenue, 54th Fl - New York - 10118	US
S2-200605	Apex Diagnostic Centre #828 and Path Lab	Unit #828, NH-8, Nr Toll Plaza, Udyog Vihar Ph 4, Gurugram, Haryana	India
S2-200606	Frontier Energy Systems #831 Corporation	Unit #831, 1301 Second Ave, Ste 3000, Seattle, 98101	US
S2-200607	hindustan unilever #832 trading co	Unit #832, Shop 15, Sec 18 Market, Noida, Uttar Pradesh	India
S2-200608	Keystone Property Management #833 LLC	Unit #833, 100 Federal Street, 28th Flooroor, MA, 02110	US
S2-200609	Apex Global Logistics #834 Inc.	Unit #834, 100 Montgomery Street, Suite 1500, San Francisco, CA, 94104	US
S2-200610	Olympic Mountain Sports #835 LLC	Unit #835, 350 Fifth Ave, 54th Flooroor, New York	US
S2-200611	Kailash Parbat Pure Veg #836 Restaurant	Unit #836, 22, Park St, 3rd Flooroor - Kolkata - West Bengal - 700016	India
S2-200612	magnolia bakery & cafe #837	Unit #837, 350 Fifth Ave, 54th Flooroor, New York, NY	US
S2-200613	REDWOOD WEALTH MANAGEMENT #839 GROUP	Unit #839, 1301 Sectorond Avenue, Ste 3000, Seattle, WA, 98101	US
S2-200614	Royal Enfield Service #841 Centre	Unit #841, 12/A, Nariman Point, Express Towers, Mumbai, Maharashtra, 400021	India
S2-200615	Golden Gate Capital #844 Holdings LLC	Unit #844, 2500 Peachtree Road NW - Atlanta - GA	US
S2-200616	REDWOOD WEALTH MANAGEMENT #845 GROUP	Unit #845, 350 Fifth Ave, 54th Fl, New York, NY, 10118	US
S2-200617	Golden Gate Capital #847 Holdings LLC	Unit #847, 100 Federal Street, 28th Flooroor, Boston	US
S2-200618	Liberty Auto Body #848 & Repair	GA, Atlanta, Unit #848, 2500 Peachtree Rd NW, 30305	US
S2-200619	summit view veterinary #849 hospital	Unit #849, 350 Fifth Avenue, 54th Floor, New York, 10118	US
S2-200620	Quantum Leap Robotics #850 LLC	Unit #850, 111 Congress Avenue, Ste 400, Austin, TX, 78701	US
S2-200621	Cscade Software Labs #851 Technologies	Unit #851, 2500 Peachtree Road NW, Atlanta, 30305	US
S2-200622	ACME INDUSTRIAL SOLUTIONS #852 LLC	IL, Unit #852, 500 West Madison St, Chicago	US
S2-200623	Sun Pharmaceutical #853 Industries Ltd	Unit #853, Opp. City Railway Station, M.G. Road, Pune, 411001	India
S2-200624	Beacon Financial Group #854Corp	Austin, Unit #854, 111 Congress Ave, Suite 400, 78701	US
S2-200625	dabur india #855 ltd.	Unit #855, Nr Old High Court, Mall Road, Shimla, Himachal Pradesh	India
S2-200626	Quantum Leap obotics #856 LLC	Unit #856, 100 Federal St, 28th Floor, Boston, 02110	US
S2-200627	State Bank of India #857	Unit #857, 22, Park St, 3rd Fl, Kolkata, West Bengal	India
S2-200628	ROYAL ENFIELD SERVICE #858 CENTRE	Unit #858, Opposite City Railway Station, M.G. Road, Pune, 411001	India
S2-200629	Sri Laxmi Textles #860 and Sarees	Unit #860, Near Old High Court, Mall Road, Shimla, 171001	India
S2-200630	Bajaj Auto #861Holdings Ltd	Unit #861, 45-B, Anna Salai, Mount Rd, Chennai, Tamil Nadu, 600002	India
S2-200631	kailash parbat pure veg #862 restaurant	Unit #862, 12/A, Nariman Point, Express Towers, Mumbai, Maharashtra, 400021	India
S2-200632	Apex Global Logistics #863 Inc.	33131, Unit #863, 701 Brickell Ave, Ste 1700, Miami	US
S2-200633	Titan Company#864 Ent.	Unit #864, 12/A, Nariman Point, Express Towers, Mumbai, 400021, Maharashtra	India
S2-200634	Titan Company #865 Ent.	Unit #865, NH-8, Near Toll Plaza, Udyog Vihar Ph 4, Haryana, 122015	India
S2-200635	SHARMA SWEET HOUSE #866 AND RESTAURANT	Unit #866, 45-B, Anna Salai, Mount Rd, Chennai, Tamil Nadu, 600002	India
S2-200636	JUNIPER RIDGE CONSTRUCTION #868 CO.	Unit #868, 2000 Avenuenue of the Stars, Los Angeles, CA	US
S2-200637	Acme Industrial Soln #869 LLC	Unit #869, 111 Congress Ave, Suite 400, Austin, 78701	US
S2-200638	Gupta Book Depot #870 & Stationers	Unit #870, 45-B, Anna Salai, Mount Road, Chennai, Tamil Nadu, 600002	India
S2-200639	Olympic Mountain Sports #871 LLC	Atlanta, Unit #871, 2500 Peachtree Road NW, 30305, GA	US
S2-200640	Wipro Consumer Care #872 & Lighting	Unit #872, Shop 8, New Market Area, Bhopal, Madhya Pradesh	India
S2-200641	Wipro Consumer Care #873 and Lighting	560095, Bengaluru, Unit #873, Bhnd Nexus Mall, Koramangala 5th Block, Karnataka	India
S2-200642	HDFC Bank #874 Ltd	Unit #874, Shop 8, New Market Area, Bhopal, Madhya Pradesh	India
S2-200643	LARSEN AND TOUBRO #875 INFOTECH LTD	Unit #875, Plot 42, Electronic City Phase 1 - Bengaluru - Karnataka - 560100	India
S2-200644	state bank of india #876	Unit #876, 45-B, Anna Salai, Mount Rd, Chennai, Tamil Nadu, 600002	India
S2-200645	apex global logistics #877 inc.	Unit #877, 350 Fifth Avenue, 54th Fl, New York, NY	US
S2-200646	Summit View Veterinary #878 Hospital	Unit #878, 111 Congress Ave, Suite 400 - Austin - 78701	US
S2-200647	apex global logistics #879 inc.	Unit #879, 1200 Smith St, Ste 2200, Houston, 77002	US
S2-200648	om sai digital printing #880 services	Unit #880, Shop 8, New Market Area, Bhopal, Madhya Pradesh, 462001	India
S2-200649	Beacon Financial Group #881 Corp	Unit #881, 701 Brickell Ave, Ste 1700, Miami, 33131	US
S2-200650	Evergreen Valley Dental #882 Associates	Unit #882, 1200 Smith St, Ste 2200, 77002, Houston, TX	US
S2-200651	Kailash Parbat Pure Veg #884 Restaurant	Unit #884, 104, Civil Lines, Near Bus Streetand, Jaipur, Rajasthan, 302006	India
S2-200652	Adani Ent. #885 Ltd	Unit #885, NH-8, Near Toll Plaza, Udyog Vihar Ph 4 - Gurugram - 122015	India
S2-200653	Golden Gate Capital #886 Holdings LLC	Unit #886, 1200 Smith Street, Suite 2200, Houston, TX, 77002	US
S2-200654	Summit View Veterinary #888 Hospital	Unit #888, 350 Fifth Ave, 54th Fl - New York - NY - 10118	US
S2-200655	Magnolia Bakery & Cafe #889	Unit #889, 100 Federal Streetreet, 28th Floor, 02110	US
S2-200656	Ironclad Security Serv. #890 Inc	Unit #890, 2000 Ave of the Streetars, Los Angeles, CA, 90067	US
S2-200657	Olympic Mountain Sports #891 LLC	Unit #891, 500 West Madison Streetreet, Chicago, 60661	US
S2-200658	Sun Pharmaceutical #893 Industries Ltd	Unit #893, 45-B, Anna Salai, Mount Rd, Chennai, 600002	India
S2-200659	Om Sai Digital Printing #895 Serv.	Unit #895, Nr Old High Court, Mall Road, Shimla, 171001	India
S2-200660	Beacon Financial Group #896 Corp	Unit #896, 500 West Madison Street - IL - 60661 - Chicago	US
S2-200661	sarma sweet house #897 and restaurant	Pune, Unit #897, Opp. City Railway Streetation, M.G. Road, 411001, Maharashtra	India
S2-200662	Acme Industrial Solns #898 LLC	Unit #898, 111 Congress Avenuenue, Suite 400, Austin, TX	US
S2-200663	ASIAN PAINTS #899 COLOUR SOLNS	Unit #899, 22, Park Streetreet, 3rd Fl, Kolkata, West Bengal, 700016	India
S2-200664	Infosys Tech #900 Ltd	Unit #900, NH-8, Nr Toll Plaza, Udyog Vihar Ph 4, Gurugram	India
S2-200665	Maruti Suzuki #901 India Ltd.	Unit #901, Bhnd Nexus Mall, Koramangala 5th Block, Bengaluru	India
S2-200666	Sharma Sweet House #902 and Restaurant	Unit #902, Nr SBI ATM, Gali No 4, Karol Bagh, New Delhi, Delhi	India
S2-200667	Dabur India #903 Limited	Unit #903, 45-B, Anna Salai, Mount Road, 600002, Tamil Nadu, Chennai	India
S2-200668	Ironclad Security Serv. #94 Inc	Unit #904, 350 Fifth Avenue, 54th Flooroor - New York - NY - 10118	US
S2-200669	BEACON FINANCIAL GROUP 905 CORP	Unit #905, 100 Montgomery Street, Suite 1500, San Francisco	US
S2-200670	Sun Pharmacutical #906 Industries Ltd	Rajasthan, Jaipur, Unit #906, 104, Civil Lines, Near Bus Stand	India
S2-200671	CASCADE SOFTWARE LABS #907 TECH	Unit #907, 2000 Avenuenue of the Stars, Los Angeles, 90067	US
S2-200672	ROYAL ENFIELD SERVICE #908 CENTRE	Unit #908, 22, Park Street, 3rd Flooroor, Kolkata, West Bengal, 700016	India
S2-200673	Reliance Retail #911 Pvt Ltd	Unit #911, Near SBI ATM, Gali No 4, Karol Bagh, New Delhi, Delhi, 110005	India
S2-200674	Cascade Software Labs #912 Tech	Unit #912, 701 Brickell Ave, Ste 1700, Miami, FL, 33131	US
S2-200675	Tata Consultancy Serv. #918 imited	Unit #918, NH-8, Near Toll Plaza, Udyog Vihar Ph 4, Gurugram, 122015	India
S2-200676	Delta Healthcare Partners #919 P.C.	Unit #919, 1301 Sectorond Avenue, Suite 3000, 98101, WA, Seattle	US
S2-200677	Tata Consultancy Services #920 Ltd.	Unit #920, Chowk Bazaar, Nr Ghanta Ghar, Surat, Gujarat	India
S2-200678	Bajaj Auto #922 Holdings Ltd	Unit #922, Shop 15, Sector 18 Market - Noida - Uttar Pradesh	India
S2-200679	Bajaj Auto #925 Holdings Ltd	Unit #925, Near Old High Court, Mall Road, Shimla	India
S2-200680	Acme Industrial Solutions #926 LLC	Unit #926, 100 Montgomery Street, Ste 1500, 94104, San Francisco, CA	US
S2-200681	Bharti Airtel #927 Enterprises	Unit #927, Shop 15, Sec 18 Market	India
S2-200682	Keystone Property Management #928 LLC	Unit #928, 1200 Smith St, Ste 2200, Houston	US
S2-200683	Wipro Consumer Care #929 and Lighting	Unit #929, Chowk Bazaar, Near Ghanta Ghar, Surat, 395003	India
S2-200684	Sri Balaji Udyog #930 Pvt Ltd	Unit #930, Shop 15, Sectortor 18 Market - Noida - Uttar Pradesh	India
S2-200685	Hindustan Unilever #932 Trading Co	Unit #932, Door No 8-2-293, Jubilee Hills, Hyderabad, Telangana, 500033	India
S2-200686	Dbur India #933 Ltd.	Unit #933, G-10, Ground Floor, Banjara Hills Road No 12, Hyderabad, 560034	India
S2-200687	Magnolia Bakery and Cafe #934	Unit #934, 2000 Avenuenue of the Streetars, Los Angeles	US
S2-200688	Reliance Retail #935 Private Limited	Unit #935, Near SBI ATM, Gali No 4, Karol Bagh - Delhi - 110005	India
S2-200689	pacific coast biolabs #936 inc.	CA, Unit #936, 2000 Avenue of the Stars, 90067	US
S2-200690	Ironclad Security Serv. #938 Inc	Unit #938, 100 Federal Streetreet, 28th Fl - Boston	US
S2-200691	Quntum Leap Robotics #939 LLC	Unit #939, 100 Montgomery Street, Ste 1500, San Francisco, CA, 94104	US
S2-200692	Pacific Coast BioLabs #941 Inc.	Unit #941, 1301 Second Ave, Suite 3000, 98101	US
S2-200693	Sharma Sweet House #942 and Resaurant	Unit #942, Shop 15, Sec 18 Market, Noida, Uttar Pradesh	India
S2-200694	godrej consumer products #943 ltd	Pune, Maharashtra, Unit #943, Opp. City Railway Station, M.G. Rd, 411001	India
S2-200695	PACIFIC COAST BIOLABS #944 INC.	Unit #944, 500 West Madison St, Chicago	US
S2-200696	Larsen and Toubro #945 Infotech Ltd	Unit #945, Door No 8-2-293, Jubilee Hills, Hyderabad, 500033	India
S2-200697	Apollo Hospitals #948 Enterprise Ltd	Unit #948, Shop 15, Sec 18 Market, Uttar Pradesh, 201301	India
S2-200698	State Bank of India #950	Unit #950, 12/A, Nariman Point, Express Towers, Mumbai	India
S2-200699	Larsen & Toubro #953 Infotech Ltd	Unit #953, Shop 8, New Market Area, Bhopal, Madhya Pradesh, 462001	India
S2-200700	Cascade Software Labs #956 Tech	Unit #956, 1301 Second Avenue, Suite 3000, Seattle, 98101	US
S2-200701	Frontier Energy Systems #958 Corporation	Unit #958, 111 Congress Avenue, Ste 400, Austin, 78701	US
S2-200702	royal enfield service #959 centre	Unit #959, Plot 42, Electronic City Phase 1, Bengaluru, Karnataka, 560100	India
S2-200703	Maruti Suzuki #962 India Ltd.	Unit #962, 22, Park Streetreet, 3rd Flooroor, Kolkata, West Bengal, 700016	India
S2-200704	Kailash Parbat Pure Veg #964 Restaurant	171001, Shimla, Himachal Pradesh, Unit #964, Near Old High Court, Mall Road	India
S2-200705	Frontier Energy Systems #965 Corporation	Unit #965, 2500 Peachtree Road NW - Atlanta - 30305	US
S2-200706	HDFC Bank #966 Ltd	Unit #966, Near SBI ATM, Gali No 4, Karol Bagh, New Delhi	India
S2-200707	Patel Brothers Provision #967 Bh&ar	Unit #967, 104, Civil Lines, Near Bus Stand, Jaipur, Rajasthan, 302006	India
S2-200708	Magnolia Bakery & Cafe #968	94104, Unit #968, 100 Montgomery St, Ste 1500, San Francisco	US
S2-200709	Wipro Consumer Care #969 and Lighting	West Bengal - Kolkata - Unit #969, 22, Park Street, 3rd Fl	India
S2-200710	Sharma Sweet House #971 and Restaurant	Unit #971, 104, Civil Lines, Near Bus Streetand, Jaipur	India
S2-200711	redwood wealth management #972 group	Unit #972, 111 Congress Avenue, Ste 400, Austin, TX, 78701	US
S2-200712	frontier energy systems #975 corporation	Unit #975, 500 West Madison St, Chicago, IL, 60661	US
S2-200713	Krishna Medical #977 and General Stores	Unit #977, 104, Civil Lines, Nr Bus Stand, Jaipur, 302006	India
S2-200714	Ironclad Security Serv. #978 Inc	Unit #978, 701 Brickell Ave, Ste 1700, FL, Miami, 33131	US
S2-200715	Keystone Property Management #979 LLC	Unit #979, 701 Brickell Avenue, Ste 1700, FL, 33131	US
S2-200716	Royal Enfield Service #980 Centre	Unit #980, Shop 8, New Market Area, Bhopal, 462001	India
S2-200717	Godrej Consumer Products #981 Ltd	Unit #981, Plot 42, Electronic City Phase 1, Bengaluru, Karnataka, 560100	India
S2-200718	sri laxmi textiles #982 & sarees	Unit #982, 104, Civil Lines, Near Bus Streetand, Jaipur, Rajasthan, 302006	India
S2-200719	Apollo Hospitals #985 Enterprise Ltd	Unit #985, Door No 8-2-293, Jubilee Hills, Hyderabad, 500033	India
S2-200720	Reliance Retail #987 Pvt Ltd	Unit #987, G-10, Ground Floor, Banjara Hills Rd No 12, Telangana, 560034	India
S2-200721	Summit View Veterinary #988 Hospital	Unit #988, 2500 Peachtree Rd NW, Atlanta, GA	US
S2-200722	Radha Raman H&looms #989 Emporium	Unit #989, NH-8, Nr Toll Plaza, Udyog Vihar Phasease 4, Gurugram, Haryana, 122015	India
S2-200723	apex diagnostic centre #990 & path lab	Unit #990, Shop 8, New Market Area - Bhopal - Madhya Pradesh - 462001	India
S2-200724	apex diagnostic centre #991 and path lab	Unit #991, G-10, Ground Floor, Banjara Hills Road No 12, Telangana, 560034	India
S2-200725	Royal Enfield Service #993 Centre	Unit #993, 104, Civil Lines, Near Bus Streetand, Jaipur, Rajasthan, 302006	India
S2-200726	Evergreen Valley Dental #994 Associates	Unit #994, 100 Montgomery St, Suite 1500, San Francisco, CA, 94104	US
S2-200727	Delta Healthcare Partners #995 P.C.	Unit #995, 500 West Madison St, Chicago	US
S2-200728	Maruti Suzuki #996 India Limited	Unit #996, Shop 8, New Market Area, Bhopal, Madhya Pradesh	India
S2-200729	Olympic Mountain Sports #997 LLC	Unit #997, 100 Montgomery Street, Suite 1500, San Francisco	US
S2-200730	Venkateshwara Hardware #998 and Electricals	302006 - Jaipur - Unit #998, 104, Civil Lines, Nr Bus Streetand - Rajasthan	India
S2-200731	Cascade Software Labs #1000 Technologies	Unit #1000, 500 West Madison St - Chicago - IL - 60661	US
S2-200732	Krishna Medica #1001 & General Stores	Unit #1001, Shop 15, Sec 18 Market, Noida, Uttar Pradesh	India
S2-200733	Frontier Energy Systems #1002 Corp.	Unit #1002, 2500 Peachtree Road NW - Atlanta - GA - 30305	US
S2-200734	Om Sai Digital Printing #1003 Serv.	560034, Hyderabad, Unit #1003, G-10, Ground Floor, Banjara Hills Road No 12	India
S2-200735	APOLLO HOSPITALS #1004 ENTERPRISE LTD	Unit #1004, Door No 8-2-293, Jubilee Hills, 500033	India
S2-200736	Ape Diagnostic Centre #1005 & Path Lab	Bengaluru, Unit #1005, Bhnd Nexus Mall, Koramangala 5th Block, Karnataka	India
S2-200737	beacon financial group #1006 corp	Unit #1006, 350 Fifth Ave, 54th Flooroor, New York, NY, 10118	US
S2-200738	HDFC BANK #1007 LTD	Unit #1007, Opposite City Railway Station, M.G. Rd, Pune, Maharashtra	India
S2-200739	beacon financia group #1008 corp	Unit #1008, 500 West Madison Street, Chicago, IL	US
S2-200740	Sri Ganesh Kirana #1011 Store	Unit #1011, Behind Nexus Mall, Koramangala 5th Block, Bengaluru, 560095	India
S2-200741	Frontier Energy Systems #1012 Corp.	Unit #1012, 500 West Madison Street - IL	US
S2-200742	SUN PHARMACEUTICAL #1013 INDUSTRIES LTD	Unit #1013, NH-8, Nr Toll Plaza, Udyog Vihar Ph 4 - Gurugram - Haryana	India
S2-200743	Titan Company #1014 Enterprises	Mumbai, Unit #1014, 12/A, Nariman Point, Express Towers	India
S2-200744	Larsen and Toubro #1015 Infotech Ltd	Unit #1015, 45-B, Anna Salai, Mount Road, Chennai, 600002	India
S2-200745	Olympic Mountain Sports #1016 LLC	90067 - Unit #1016, 2000 Ave of the Streetars - Los Angeles	US
S2-200746	Apex Global Logistics #1017 Inc.	Unit #1017, 500 West Madison St, Chicago, 60661	US
S2-200747	summit view veterinary #1018 hospital	Unit #1018, 701 Brickell Avenue, Suite 1700, Miami	US
S2-200748	Reliance Retail #1020 Pvt Ltd	Unit #1020, Shop 15, Sector 18 Market, Noida, Uttar Pradesh, 201301	India
S2-200749	Titan Company #1023 Ent.	Unit #1023, Door No 8-2-293, Jubilee Hills, Hyderabad, 500033	India
S2-200750	State Bank of India #1027	Unit #1027, 104, Civil Lines, Near Bus Streetand	India
S2-200751	Dabur India #1028 Limited	Unit #1028, Bhnd Nexus Mall, Koramangala 5th Block, Karnataka, 560095	India
S2-200752	Acme Industrial Solns #1030 LLC	Unit #1030, 111 Congress Ave, Suite 400, Austin	US
S2-200753	Patel Brothers Provision #1031 Bh&ar	Unit #1031, 45-B, Anna Salai, Mount Road, Chennai, Tamil Nadu, 600002	India
S2-200754	Apex Global Logistics #1032 Inc.	Unit #1032, 350 Fifth Ave, 54th Fl, New York, NY, 10118	US
S2-200755	Bharti Airtel #1034 Enterprises	Unit #1034, 22, Park St, 3rd Fl, Kolkata, West Bengal	India
S2-200756	Radha Raman H&looms #1035 Emporium	Unit #1035, Door No 8-2-293, Jubilee Hills, 500033	India
S2-200757	GUPTA BOOK DEPOT #1036 & STATIONERS	Unit #1036, Behind Nexus Mall, Koramangala 5th Block - Bengaluru - Karnataka - 560095	India
S2-200758	Mahindra & Mahindra #1037 Financial Serv.	Unit #1037, 45-B, Anna Salai, Mount Road, Chennai, Tamil Nadu, 600002	India
S2-200759	patel brothers provision #1039 bh&ar	Unit #1039, NH-8, Nr Toll Plaza, Udyog Vihar Ph 4 - Gurugram - Haryana	India
S2-200760	Acme Industrial Solns #1040 LLC	Unit #1040, 100 Montgomery St, Suite 1500, San Francisco, 94104	US
S2-200761	Mahindra & Mahindra #1041 Financial Serv.	Unit #1041, 104, Civil Lines, Nr Bus Streetand, Jaipur, Rajasthan, 302006	India
S2-200762	BEACON FINANCIAL GROUP #1042 CORP	Unit #1042, 1200 Smith Streetreet, Suite 2200, Houston, TX, 77002	US
S2-200763	HORIZON MEDIA GROUP #1043 ENT.	Unit #1043, 111 Congress Ave, Ste 400, Austin, TX	US
S2-200764	Swastik Auto Spares #1044 Works	Bhopal, Unit #1044, Shop 8, New Market Area	India
S2-200765	GOLDEN GATE CAPITAL #1045 HOLDINGS LLC	Atlanta, Unit #1045, 2500 Peachtree Rd NW, GA	US
S2-200766	shree laxmi textiles #1046 and sarees	Unit #1046, Nr Old High Court, Mall Rd, Shimla, Himachal Pradesh	India
S2-200767	Titan Company #1047 Ent.	Unit #1047, Shop 15, Sec 18 Market, Noida, Uttar Pradesh	India
S2-200768	Redwood Wealth Management #1048 Group	Unit #1048, 111 Congress Ave, Suite 400, TX	US
S2-200769	SRI GANESH KIRANA #1049 STORE	Unit #1049, Shop 15, Sec 18 Market, Noida, Uttar Pradesh, 201301	India
S2-200770	Golden Gate Capital #1050 Holdings LLC	Unit #1050, 350 Fifth Ave, 54th Fl - New York - NY - 10118	US
S2-200771	Patel Brothers Provision #1051 Bh&ar	Unit #1051, 45-B, Anna Salai, Mount Rd, Chennai	India
S2-200772	Apollo Hospitals #1052 Enterprise Ltd	Unit #1052, Opposite City Railway Station, M.G. Rd, Pune, Maharashtra	India
S2-200773	Magnolia Bakery & Cafe #1054	Unit #1054, 2000 Ave of the Stars, Los Angeles	US
S2-200774	horizon media group #1055 enterprises	Unit #1055, 1200 Smith St, Suite 2200, Houston, 77002	US
S2-200775	FRONTIER ENERGY SYSTEMS #1057 CORP.	Unit #1057, 2500 Peachtree Rd NW, Atlanta, 30305	US
S2-200776	Reliane Retail #1058 Private Limited	Unit #1058, Shop 15, Sectortor 18 Market, 201301	India
S2-200777	Adani Ent. #1059 Ltd	Unit #1059, Door No 8-2-293, Jubilee Hills, Hyderabad, Telangana	India
S2-200778	nexus cloud technologies #1060 corporation	Unit #1060, 500 West Madison St, Chicago, IL, 60661	US
S2-200779	Swastik Auto Spares #1061 Works	Unit #1061, Door No 8-2-293, Jubilee Hills, Hyderabad, Telangana	India
S2-200780	Sri Laxmi Textiles #1062 and Sarees	Unit #1062, Chowk Bazaar, Nr Ghanta Ghar, Surat, 395003	India
S2-200781	Gupta Book Depot #1063 and Stationers	Unit #1063, NH-8, Near Toll Plaza, Udyog Vihar Phasease 4, Gurugram, Haryana, 122015	India
S2-200782	Shree Laxmi Textiles #1064 and Sarees	Unit #1064, Near Old High Court, Mall Road - Shimla - 171001	India
S2-200783	APEX GLOBAL LOGISTICS #1065 INC.	Unit #1065, 2500 Peachtree Rd NW, Atlanta, GA	US
S2-200784	APEX GLOBAL LOGISTICS #1066 INC.	New York, 10118, NY, Unit #1066, 350 Fifth Avenue, 54th Fl	US
S2-200785	Godrej Consumer Products #1067 Ltd	Unit #1067, Shop 15, Sector 18 Market, Noida, Uttar Pradesh, 201301	India
S2-200786	Evergreen Valley Dental #1068 Associates	Unit #1068, 2000 Ave of the Stars, Los Angeles, CA, 90067	US
S2-200787	Juniper Ridge Construction #1069 Co.	Unit #1069, 701 Brickell Avenue, Ste 1700, Miami, FL, 33131	US
S2-200788	asian paints #1071 colour solns	Unit #1071, 22, Park St, 3rd Floor, Kolkata, West Bengal, 700016	India
S2-200789	godrej consumer products #1072 ltd	Unit #1072, Chowk Bazaar, Near Ghanta Ghar, Surat, 395003	India
S2-200790	DELTA HEALTHCARE PARTNERS #1073 P.C.	Unit #1073, 500 West Madison St, 60661	US
S2-200791	Pacific Coast BioLabs #1074 Inc.	33131, FL, Miami, Unit #1074, 701 Brickell Ave, Suite 1700	US
S2-200792	Ambika Jewellers #1075 Pvt. Ltd.	400021, Unit #1075, 12/A, Nariman Point, Express Towers, Mumbai	India
S2-200793	asian paints #1077 colour solns	Unit #1077, 104, Civil Lines, Nr Bus Stand, Jaipur, Rajasthan	India
S2-200794	olympic mountain sports #1079 llc	Unit #1079, 111 Congress Ave, Suite 400, Austin, 78701	US
S2-200795	apex global logistics #1081 inc.	30305, Unit #1081, 2500 Peachtree Rd NW	US
S2-200796	krishna medical #1082 & gneral stores	110005, New Delhi, Delhi, Unit #1082, Near SBI ATM, Gali No 4, Karol Bagh	India
S2-200797	royal enfield service #1083 centre	Unit #1083, 22, Park St, 3rd Flooroor, Kolkata, West Bengal, 700016	India
S2-200798	RoyalEnfield Service #1084 Centre	Unit #1084, Chowk Bazaar, Near Ghanta Ghar, Gujarat, 395003	India
S2-200799	Beacon Financial Group #1085 Corp	Unit #1085, 1301 Second Avenue, Suite 3000, Seattle, WA, 98101	US
S2-200800	IRONCLAD SECURITY SERV. #1086 IC	New York, Unit #1086, 350 Fifth Ave, 54th Floor, NY	US
S2-200801	liberty auto body #1087 and repair	Unit #1087, 111 Congress Avenue, Ste 400 - TX	US
S2-200802	Summit View Veterinary #1088 Hospital	Unit #1088, 500 West Madison St, Chicago, 60661	US
S2-200803	BEACON FINANCIAL GROUP #1090 CORP	Unit #1090, 100 Montgomery Street, Ste 1500, San Francisco, CA	US
S2-200804	Acme Industrial Solns #1091 LLC	Unit #1091, 100 Montgomery St, Suite 1500, San Francisco, CA, 94104	US
S2-200805	Keystone Property Management #1092 LLC	Miami, Unit #1092, 701 Brickell Avenue, Suite 1700, 33131	US
S2-200806	Krishna Medical #1093 and General Stores	Unit #1093, Shop 8, New Market Area, Bhopal, Madhya Pradesh, 462001	India
S2-200807	keystone property management #1094 llc	Unit #1094, 1301 Sectorond Avenue, Ste 3000 - Seattle - 98101	US
S2-200808	Reliance Retail #1097 Private Limited	Haryana, 122015, Gurugram, Unit #1097, NH-8, Nr Toll Plaza, Udyog Vihar Phase 4	India
S2-200809	NEXUS CLOUD TECH #1098 CORPORATION	Unit #1098, 1200 Smith Street, Ste 2200, Houston, TX, 77002	US
S2-200810	nexus cloud tech #1099 corporation	Unit #1099, 1200 Smith Streetreet, Ste 2200, Houston, TX	US
S2-200811	Golden Gate Capital #1101 Holdings LLC	Unit #1101, 2000 Avenue of the Stars, Los Angeles	US
S2-200812	APEX DIAGNOSTIC CENTRE #1102 AND PATH LAB	Unit #1102, Opposite City Railway Station, M.G. Road - Pune - Maharashtra - 411001	India
S2-200813	HDFC Bank #104 Ltd	560034, Unit #1104, G-10, Ground Fl, Banjara Hills Road No 12	India
S2-200814	Evergreen Valley Dental #1105 Associates	NY, Unit #1105, 350 Fifth Ave, 54th Fl, New York, 10118	US
S2-200815	Tata Consultancy Services #1106 Ltd.	Unit #1106, Plot 42, Electronic City Phasease 1, Bengaluru, 560100	India
S2-200816	Mahindra & Mahindra #1108 Financial Serv.	Unit #1108, 45-B, Anna Salai, Mount Rd	India
S2-200817	Juniper Ridge Construction #1109 Company	Unit #1109, 701 Brickell Ave, Suite 1700, Miami, FL, 33131	US
S2-200818	Apex Global Logistics #1110 Inc.	60661, IL, Chicago, Unit #1110, 500 West Madison St	US
S2-200819	Magnolia Bakery and Cafe #1111	Unit #1111, 350 Fifth Ave, 54th Floor, New York, NY	US
S2-200820	Keystone Property Management #1112 LLC	Unit #1112, 1301 Second Avenuenue, Suite 3000 - Seattle - WA - 98101	US
S2-200821	Sri Laxmi Textiles #1113 and Sarees	Unit #1113, Shop 8, New Market Area, Bhopal, 462001	India
S2-200822	summit view veterinary #1114 hospital	Unit #1114, 500 West Madison St, Chicago, IL	US
S2-200823	Apollo Hospitals #1116 Enterprise Ltd	Unit #1116, Opp. City Railway Station, M.G. Road, Pune, Maharashtra, 411001	India
S2-200824	DELTA HEALTHCARE PARTNERS #1118 P.C.	Unit #1118, 500 West Madison St, 60661	US
S2-200825	Titan Company #1119 Ent.	Unit #1119, Opp. City Railway Station, M.G. Road, Maharashtra, 411001	India
S2-200826	juniper ridge construction #1121 company	Atlanta, Unit #1121, 2500 Peachtree Rd NW, 30305	US
S2-200827	liberty auto body #1122 and reair	Atlanta, GA, 30305, Unit #1122, 2500 Peachtree Road NW	US
S2-200828	Godrej Consumer Products #1123 Ltd	Unit #1123, 104, Civil Lines, Nr Bus Streetand	India
S2-200829	Hindustan Unilever #1126 Trading Co	Unit #1126, G-10, Ground Flooroor, Banjara Hills Rd No 12, Hyderabad, 560034	India
S2-200830	Liberty Auto Body #1129 & Repair	Unit #1129, 100 Federal Street, 28th Fl, Boston, MA, 02110	US
S2-200831	Olympic Mountain Sports #1130 LLC	Unit #1130, 500 West Madison St, IL	US
S2-200832	Swastik Auto Spares #1131 Works	Unit #1131, Plot 42, Electronic City Ph 1, 560100	India
S2-200833	GODREJ CONSUMER PRODUCTS #1132 LTD	Unit #1132, NH-8, Near Toll Plaza, Udyog Vihar Ph 4 - Gurugram	India
S2-200834	Titan Company #1134 Enterprises	Unit #1134, 104, Civil Lines, Nr Bus Streetand, Jaipur, 302006	India
S2-200835	Keystone Property Management #1135 LLC	Unit #1135, 350 Fifth Avenue, 54th Floor, New York, 10118	US
S2-200836	Mahindra and Mahindra #1136 Financial Services	Unit #1136, Shop 8, New Market Area, Bhopal, Madhya Pradesh, 462001	India
S2-200837	CASCADE SFTWARE LABS #1137 TECH	Unit #1137, 111 Congress Ave, Ste 400, Austin, 78701	US
S2-200838	HDFC Bank #1138 Ltd	Unit #1138, Shop 15, Sec 18 Market, Noida, Uttar Pradesh, 201301	India
S2-200839	juniper ridge construction #1139 company	Unit #1139, 350 Fifth Ave, 54th Flooroor, New York, NY, 10118	US
S2-200840	Stte Bank of India #1140	Unit #1140, 22, Park St, 3rd Fl, Kolkata, 700016	India
S2-200841	Olympic Mountain Sports #1141 LLC	Unit #1141, 350 Fifth Ave, 54th Fl, New York, 10118	US
S2-200842	Evergreen Valley Dental #1144 Associates	Unit #1144, 1200 Smith St, Ste 2200, Houston, TX, 77002	US
S2-200843	Olympic Mountain Sports #1145 LLC	Austin - Unit #1145, 111 Congress Avenue, Suite 400 - 78701	US
S2-200844	Nexus CloudTechnologies #1146 Corporation	Unit #1146, 1200 Smith Streetreet, Suite 2200, Houston	US
S2-200845	Royal Enfield Service #1148 Centre	Unit #1148, 104, Civil Lines, Nr Bus Streetand, Jaipur, 302006	India
S2-200846	state bank of india #1149	Unit #1149, Shop 15, Sector 18 Market, Noida, 201301	India
S2-200847	beacon financial group #1150 corp	CA - Unit #1150, 100 Montgomery Street, Ste 1500 - San Francisco	US
S2-200848	Sri Laxmi Textiles #1151 & Sarees	Unit #1151, 104, Civil Lines, Nr Bus Stand, Jaipur, Rajasthan, 302006	India
S2-200849	evergeen valley dental #1152 associates	Unit #1152, 701 Brickell Avenue, Ste 1700, Miami, 33131	US
S2-200850	acme industrial solutions #1154 llc	Unit #1154, 2500 Peachtree Rd NW, Atlanta, 30305	US
S2-200851	Frontier Energy Systems #1155 Cop.	Chicago - 60661 - Unit #1155, 500 West Madison St	US
S2-200852	Beacon Financial Group #1156 Corp	Unit #1156, 2500 Peachtree Rd NW, Atlanta, GA, 30305	US
S2-200853	Swasik Auto Spares #1157 Works	Mumbai, Maharashtra, 400021, Unit #1157, 12/A, Nariman Point, Express Towers	India
S2-200854	Apex Global Logistics #1160 Inc.	Unit #1160, 701 Brickell Avenuenue, Ste 1700 - Miami - 33131	US
S2-200855	shree balaji udyog #1162 private limited	Unit #1162, Shop 15, Sector 18 Market, Noida, Uttar Pradesh	India
S2-200856	Quantum Leap Robotics #1163 LLC	Unit #1163, 701 Brickell Avenue, Suite 1700, Miami, FL, 33131	US
S2-200857	Larsen and Toubro #116 Infotech Ltd	Unit #1167, 12/A, Nariman Point, Express Towers - Mumbai - Maharashtra	India
S2-200858	Olympic Mountain Sports #1168 LLC	Unit #1168, 111 Congress Ave, Suite 400, Austin, 78701	US
S2-200859	frontier energy systems #1169 corporation	Unit #1169, 100 Federal St, 28th Fl, Boston, MA	US
S2-200860	Golden Gate apital #1170 Holdings LLC	Unit #1170, 500 West Madison Street, Chicago, IL	US
S2-200861	Beacon Financial Group #1171 Corp	Unit #1171, 111 Congress Ave, Suite 400 - TX - 78701	US
S2-200862	Ironclad Security Serv. #1173 Inc	Unit #1173, 2000 Avenuenue of the Stars, Los Angeles, CA	US
S2-200863	Pacific Coast BioLabs #1176 Inc.	Unit #1176, 1301 Second Avenue, Ste 3000, Seattle, WA, 98101	US
S2-200864	Keystone Property Management #1177 LLC	Unit #1177, 111 Congress Avenue, Suite 400, Austin	US
S2-200865	Apex Global Logistics #1178 Inc.	Unit #1178, 2500 Peachtree Rd NW, Atlanta, GA	US
S2-200866	Venkateshwara Hardware #1179and Electricals	Unit #1179, 104, Civil Lines, Nr Bus Stand, Jaipur, 302006	India
S2-200867	Maruti Suzuki #1180 India Ltd.	Unit #1180, 22, Park Street, 3rd Flooroor - Kolkata - West Bengal - 700016	India
S2-200868	PACIFIC COAST BIOLABS #1181 INC.	Unit #1181, 1200 Smith St, Ste 2200 - Houston - TX	US
S2-200869	Kailash Parbat Pure Veg #1182 Restaurant	Unit #1182, Shop 15, Sectortor 18 Market, Noida, Uttar Pradesh, 201301	India
S2-200870	Sharma Sweet House #1183 & Restaurant	Unit #1183, NH-8, Nr Toll Plaza, Udyog Vihar Phasease 4, Gurugram, Haryana	India
S2-200871	Gupta Book Depot #1184 & Stationers	Unit #1184, 104, Civil Lines, Near Bus Streetand, Jaipur, Rajasthan, 302006	India
S2-200872	Tata Consultancy Services #1185 Limited	Unit #1185, Nr SBI ATM, Gali No 4, Karol Bagh, New Delhi, 110005	India
S2-200873	RADHA RAMAN HANDLOOMS #1187 EMPORIUM	Unit #1187, Shop 15, Sec 18 Market, Noida, Uttar Pradesh	India
S2-200874	HDFC BANK #1188 LTD	Unit #1188, 45-B, Anna Salai, Mount Rd, Chennai, Tamil Nadu, 600002	India
S2-200875	Horizon Media Group #1189 Ent.	Unit #1189, 350 Fifth Ave, 54th Floor, NY, 10118	US
S2-200876	Apex Global Logistics #1190 Inc.	Miami - Unit #1190, 701 Brickell Avenue, Ste 1700 - 33131	US
S2-200877	kailash parbat pure veg #1191 restaurant	Unit #1191, NH-8, Nr Toll Plaza, Udyog Vihar Ph 4, Haryana, Gurugram	India
S2-200878	Venkateshwara Hardware #1192 & Electricals	Unit #1192, Opposite City Railway Station, M.G. Road, Pune, 411001	India
S2-200879	Apex Global Logistics #1195 Inc.	Unit #1195, 701 Brickell Ave, Ste 1700, 33131	US
S2-200880	Apollo Hospitals #1197 Enterprise Ltd	Unit #1197, G-10, Ground Floor, Banjara Hills Road No 12, Hyderabad, Telangana, 560034	India
S2-200881	beacon financial group #1198 corp	Unit #1198, 100 Federal Street, 28th Fl, Boston, MA, 02110	US
S2-200882	Krishna edical #1200 and General Stores	Unit #1200, Door No 8-2-293, Jubilee Hills, Hyderabad, 500033	India
S2-200883	Maruti Suzuki #1201 India Ltd.	Unit #1201, Shop 8, New Market Area, Bhopal, Madhya Pradesh	India
S2-200884	Royal Enfield Service #1202 Centre	Unit #1202, Near Old High Court, Mall Road, Shimla	India
S2-200885	frontier energy systems #1203 corporation	Unit #1203, 100 Montgomery Street, Suite 1500, San Francisco, 94104	US
S2-200886	Magnolia Bakery & Cafe #1204	Austin, 78701, TX, Unit #1204, 111 Congress Avenuenue, Ste 400	US
S2-200887	Bharti Airtel #1207 Ent.	Unit #1207, Nr Old High Court, Mall Rd, Shimla, Himachal Pradesh, 171001	India
S2-200888	Frontier Energy Systems #1208 Corp.	Unit #1208, 111 Congress Ave, Ste 400 - Austin	US
S2-200889	Keystone Property Management #1209 LLC	Unit #1209, 2000 Ave of the Stars, Los Angeles	US
S2-200890	apollo hospitals #1212 enterprise ltd	Unit #1212, 12/A, Nariman Point, Express Towers, Maharashtra	India
S2-200891	titan company #1213 enterprises	Unit #1213, Bhnd Nexus Mall, Koramangala 5th Block, Bengaluru	India
S2-200892	Radha Raman H&looms #1214 Emporium	Unit #1214, Behind Nexus Mall, Koramangala 5th Block, Bengaluru, 560095	India
S2-200893	Gupta Book Depot #1215 & Stationers	Unit #1215, 45-B, Anna Salai, Mount Rd, Chennai	India
S2-200894	Om Sai Digital Printing #1216 Serv.	Surat, Gujarat, Unit #1216, Chowk Bazaar, Near Ghanta Ghar	India
S2-200895	Frontier Energy Systems #1217 Corporation	Unit #1217, 2500 Peachtree Rd NW, GA, Atlanta, 30305	US
S2-200896	Patel Brothers Provision #1218 Bhandar	Unit #1218, Shop 15, Sector 18 Market, Uttar Pradesh, 201301	India
S2-200897	Olympic Mountain Sports #1219 LLC	Unit #1219, 100 Montgomery Street, Suite 1500, San Francisco, CA, 94104	US
S2-200898	Sharma Sweet House #1221 and Restaurant	Unit #1221, 104, Civil Lines, Near Bus Stand, Jaipur, 302006	India
S2-200899	Pacific Coast BioLabs #1223 Inc.	Unit #1223, 100 Federal Streetreet, 28th Flooroor, Boston, MA, 02110	US
S2-200900	Wipro Consumer Care #1224 & Lighting	Unit #1224, Nr Old High Court, Mall Rd, Shimla, 171001	India
S2-200901	Krishna Medical #1226 and General Stores	Unit #1226, Shop 15, Sector 18 Market, Noida, Uttar Pradesh, 201301	India
S2-200902	dabur india #1227 limited	Unit #1227, Opposite City Railway Station, M.G. Rd, Pune, Maharashtra, 411001	India
S2-200903	Om Sai Digital Printing #1228 Serv.	Unit #1228, 104, Civil Lines, Near Bus Stand, Jaipur, 302006	India
S2-200904	hindustan unilever #1229 trading co	Unit #1229, 12/A, Nariman Point, Express Towers, Mumbai, 400021	India
S2-200905	Bajaj Auto#1231 Holdings Ltd	Unit #1231, Door No 8-2-293, Jubilee Hills, Hyderabad, 500033	India
S2-200906	Om Sai Digital Printing #1235 Serv.	Unit #1235, NH-8, Near Toll Plaza, Udyog Vihar Ph 4, Haryana, 122015	India
S2-200907	Apex Global Logistics #1238 Inc.	Unit #1238, 2000 Avenue of the Stars, Los Angeles, CA	US
S2-200908	Ambika Jewellers #1240 Pvt. Ltd.	Unit #1240, NH-8, Nr Toll Plaza, Udyog Vihar Ph 4, Gurugram, Haryana, 122015	India
S2-200909	Infosys Technologies #1241 Ltd	Unit #1241, Shop 15, Sectortor 18 Market, Noida, 201301	India
S2-200910	Sri Laxmi Textiles #1242 and Sarees	Unit #1242, Plot 42, Electronic City Ph 1, Bengaluru, Karnataka, 560100	India
S2-200911	Sun Pharmaceutical #1244 Industries Ltd	Telangana, 500033, Unit #1244, Door No 8-2-293, Jubilee Hills, Hyderabad	India
S2-200912	MAHINDRA AND MAHINDRA #1245 FINANCIAL SERVICES	Unit #1245, G-10, Ground Floor, Banjara Hills Road No 12 - Hyderabad - 560034	India
S2-200913	icici securities #1246 pvt. ltd.	Unit #1246, Plot 42, Electronic City Ph 1 - Karnataka	India
S2-200914	apollo hospitals #1247 enterprise ltd	Unit #1247, Near SBI ATM, Gali No 4, Karol Bagh, New Delhi	India
S2-200915	Summit View Veterinary #1248 Hospital	TX, Houston, Unit #1248, 1200 Smith St, Suite 2200	US
S2-200916	asian paints #1249 colour solns	Unit #1249, Near SBI ATM, Gali No 4, Karol Bagh, New Delhi, Delhi, 110005	India
S2-200917	juniper ridge construction #1250 company	Unit #1250, 1200 Smith St, Suite 2200, Houston, 77002	US
S2-200918	Quantum Leap Robotics #1251 LLC	Los Angeles, CA, Unit #1251, 2000 Ave of the Stars, 90067	US
S2-200919	Kailash Parbat Pure Veg #1252 Restaurant	Unit #1252, Shop 15, Sector 18 Market, 201301, Noida	India
S2-200920	evergreen valley dental #1253 associates	Austin, Unit #1253, 111 Congress Ave, Suite 400, 78701	US
S2-200921	Maruti Suzuki #1254 India Ltd.	Unit #1254, Shop 15, Sec 18 Market, Noida, 201301	India
S2-200922	Kailash Parbat Pure Veg #1256 Restaurant	302006, Jaipur, Unit #1256, 104, Civil Lines, Nr Bus Stand	India
S2-200923	Bharti Airtel #1259 Ent.	Himachal Pradesh, Unit #1259, Nr Old High Court, Mall Rd, Shimla	India
S2-200924	Reliance Retail #1261 Private Limited	Unit #1261, Behind Nexus Mall, Koramangala 5th Block, Bengaluru, Karnataka, 560095	India
S2-200925	godrej consumer prducts #1262 ltd	Unit #1262, Plot 42, Electronic City Ph 1 - Bengaluru - Karnataka - 560100	India
S2-200926	Kailash Parbat Pure Veg #1263 Restaurnt	Unit #1263, Plot 42, Electronic City Phase 1, Bengaluru, Karnataka	India
S2-200927	Apex Global Logistics #1266 Inc.	Unit #1266, 701 Brickell Ave, Ste 1700 - Miami - FL - 33131	US
S2-200928	Acme Industrial Solutions #1267 LLC	Unit #1267, 2500 Peachtree Rd NW, GA, 30305	US
S2-200929	State Bank of India #1269	Unit #1269, 12/A, Nariman Point, Express Towers, Mumbai	India
S2-200930	Larsen & Toubro #1270 Infotech Ltd	Unit #1270, Shop 15, Sec 18 Market, Noida, Uttar Pradesh, 201301	India
S2-200931	TITAN COMPANY #1271 ENTERPRISES	Unit #1271, Shop 15, Sectortor 18 Market - Noida - Uttar Pradesh - 201301	India
S2-200932	Frontier Energy Systems #1272 Corp.	Unit #1272, 701 Brickell Ave, Ste 1700, Miami, 33131	US
S2-200933	Larsen and Toubro #1273 Infotech Ltd	Unit #1273, Nr SBI ATM, Gali No 4, Karol Bagh, New Delhi, 110005	India
S2-200934	HINDUSTAN UNILEVER #1276 TRADING CO	Pune, Unit #1276, Opp. City Railway Station, M.G. Road	India
S2-200935	hdfc bank #1277 ltd	Unit #1277, Chowk Bazaar, Nr Ghanta Ghar, Surat, Gujarat, 395003	India
S2-200936	Redwood Wealth Management #1280 Group	WA, 98101, Unit #1280, 1301 Second Ave, Ste 3000, Seattle	US
S2-200937	Cascade Software Labs #1283 Tech	Unit #1283, 350 Fifth Ave, 54th Fl, New York, NY, 10118	US
S2-200938	Titan Company #1284 Enterprises	Unit #1284, 45-B, Anna Salai, Mount Rd - 600002 - Chennai	India
S2-200939	StateBank of India #1285	Gujarat, Unit #1285, Chowk Bazaar, Nr Ghanta Ghar, Surat, 395003	India
S2-200940	Venkateshwara Hardware #1286 & Electricals	Unit #1286, 22, Park Street, 3rd Fl - Kolkata - 700016	India
S2-200941	HDFC BANK #1287 LTD	Unit #1287, Plot 42, Electronic City Ph 1, Bengaluru, Karnataka, 560100	India
S2-200942	Sun Pharmaceutical #1288 Industries Ltd	Unit #1288, Nr Old High Court, Mall Road, Shimla, Himachal Pradesh, 171001	India
S2-200943	nexus cloud tech #1289 corporation	Unit #1289, 1200 Smith Street, Ste 2200, Houston, TX, 77002	US
S2-200944	Keystone Property Management #1290 LLC	Unit #1290, 350 Fifth Ave, 54th Fl, New York, NY, 10118	US
S2-200945	Acme Industrial Solns #1291 LLC	Unit #1291, 2500 Peachtree Road NW, Atlanta	US
S2-200946	Ambika Jewellers #1292 Private Limited	Mumbai, Unit #1292, 12/A, Nariman Point, Express Towers	India
S2-200947	Sri Laxmi Textiles #1294 & Sarees	700016, Kolkata, Unit #1294, 22, Park Street, 3rd Fl	India
S2-200948	Apex Diagnostic Centre #1295 and Path Lab	Maharashtra, 400021, Mumbai, Unit #1295, 12/A, Nariman Point, Express Towers	India
S2-200949	Sun Pharmceutical #1297 Industries Ltd	Unit #1297, 12/A, Nariman Point, Express Towers - Mumbai - Maharashtra - 400021	India
S2-200950	Quantum Leap Robotics #1298 LLC	Atlanta, GA, Unit #1298, 2500 Peachtree Rd NW, 30305	US
S2-200951	Hindustan Unilever #1300 Trading Co	122015 - Gurugram - Haryana - Unit #1300, NH-8, Nr Toll Plaza, Udyog Vihar Ph 4	India
S2-200952	Asian Paints #1301 Colour Solutions	Unit #1301, Near Old High Court, Mall Road, Shimla, Himachal Pradesh	India
S2-200953	Venkateshwara Hardware #1302 and Electricals	Karnataka, Bengaluru, 560095, Unit #1302, Bhnd Nexus Mall, Koramangala 5th Block	India
S2-200954	magnolia bakery and cafe #1303	Unit #1303, 1301 Second Avenue, Suite 3000, Seattle, WA, 98101	US
S2-200955	Patel Brothers Provision #1306 Bh&ar	Unit #1306, Shop 8, New Market Area, Bhopal, 462001	India
S2-200956	Adai Ent. #1307 Ltd	Karnataka, 560095, Bengaluru, Unit #1307, Bhnd Nexus Mall, Koramangala 5th Block	India
S2-200957	Venkateshwara Hardware #1308 & Electricals	Unit #1308, Door No 8-2-293, Jubilee Hills, Hyderabad, Telangana, 500033	India
S2-200958	Ambika Jewellers #1309 Pvt. Ltd.	Unit #1309, Near SBI ATM, Gali No 4, Karol Bagh, New Delhi, Delhi, 110005	India
S2-200959	Olympi Mountain Sports #1310 LLC	Unit #1310, 701 Brickell Ave, Suite 1700, Miami, FL, 33131	US
S2-200960	Dabur India #1311 Ltd.	Unit #1311, Plot 42, Electronic City Phase 1, Bengaluru, Karnataka, 560100	India
S2-200961	Apex Diagnostic Centre #1312 & Path Lab	Unit #1312, Plot 42, Electronic City Ph 1, Bengaluru, 560100	India
S2-200962	Larsen & Toubro #1313 Infotech Ltd	Unit #1313, Door No 8-2-293, Jubilee Hills, Hyderabad, Telangana, 500033	India
S2-200963	Infosys Tech #1316 Ltd	Unit #1316, Opp. City Railway Station, M.G. Road, Pune, Maharashtra, 411001	India
S2-200964	Magnolia Bakery and Cafe #1317	Unit #1317, 111 Congress Avenuenue, Suite 400, Austin	US
S2-200965	Beacon Financial Group #1318 Corp	Unit #1318, 701 Brickell Avenue, Ste 1700 - Miami - FL	US
S2-200966	Acme Industrial Solutions #1319 LLC	Unit #1319, 1301 Second Avenue, Suite 3000 - Seattle	US
S2-200967	pacific coast biolabs #1320 inc.	Unit #1320, 111 Congress Avenue, Suite 400, 78701	US
S2-200968	SRI LAXMI TEXTILES #1321 AND SAREES	Unit #1321, Door No 8-2-293, Jubilee Hills, Hyderabad, Telangana	India
S2-200969	Horizon Media Group #1322 Enterprises	Unit #1322, 1200 Smith Street, Suite 2200 - Houston - TX - 77002	US
S2-200970	quantum leap robotics #1323 llc	Unit #1323, 2500 Peachtree Rd NW, Atlanta, 30305	US
S2-200971	Redwood Wealth Management #1324 Group	Unit #1324, 2000 Avenue of the Stars - Los Angeles	US
S2-200972	golen gate capital #1326 holdings llc	Unit #1326, 100 Federal St, 28th Fl, Boston, MA, 02110	US
S2-200973	Horizon Media Group #1327 Enterprises	Unit #1327, 2500 Peachtree Rd NW, Atlanta, GA, 30305	US
S2-200974	Radha Raman H&looms #1328 Emporium	Unit #1328, Opp. City Railway Streetation, M.G. Rd, Pune, Maharashtra	India
S2-200975	Sharma Sweet House #1330 and Restaurant	Haryana, Gurugram, Unit #1330, NH-8, Nr Toll Plaza, Udyog Vihar Ph 4, 122015	India
S2-200976	horizon media group #1331 ent.	Unit #1331, 100 Montgomery Street, Ste 1500, San Francisco, CA	US
S2-200977	Sun Pharmaceutical #1332 Industries Ltd	Tamil Nadu, Chennai, Unit #1332, 45-B, Anna Salai, Mount Road	India
S2-200978	Keystone Property Management #1333 LLC	Unit #1333, 1301 Second Avenue, Suite 3000, Seattle, WA, 98101	US
S2-200979	Delta Healthcare Partners #1335 P.C.	Austin, TX, Unit #1335, 111 Congress Avenue, Ste 400	US
S2-200980	BEACON FINANCIAL GROUP #1336 CORP	Unit #1336, 2500 Peachtree Rd NW, Atlanta, GA	US
S2-200981	Nexus Cloud Tech #1339 Corporation	Unit #1339, 111 Congress Ave, Suite 400, Austin, TX, 78701	US
S2-200982	HDFC Bank #1341 Ltd	Unit #1341, Behind Nexus Mall, Koramangala 5th Block, Bengaluru, Karnataka, 560095	India
S2-200983	delta healthcare partners #132 p.c.	Unit #1342, 2500 Peachtree Rd NW - Atlanta - GA	US
S2-200984	Maruti Suzuki #1344 India Ltd.	Uttar Pradesh, Noida, Unit #1344, Shop 15, Sec 18 Market	India
S2-200985	venkateshwara hardware #1345 and electricals	600002, Unit #1345, 45-B, Anna Salai, Mount Road	India
S2-200986	Shree Balaji Udyog #1346 Private Limited	Unit #1346, 12/A, Nariman Point, Express Towers - Mumbai	India
S2-200987	Radha Raman H&looms #1347 Emporium	Unit #1347, Shop 15, Sec 18 Market, Noida, Uttar Pradesh	India
S2-200988	Shree Balaji Udyog #1349 Private Limited	Unit #1349, Plot 42, Electronic City Ph 1, Bengaluru, Karnataka	India
S2-200989	Om Sai Digital Printing #1350 Services	Unit #1350, Near Old High Court, Mall Rd, Shimla, Himachal Pradesh	India
S2-200990	wipro consumer care #1351 and lighting	Unit #1351, Near Old High Court, Mall Rd, Shimla, Himachal Pradesh	India
S2-200991	Mahindra & Mahindra #1352 Financial Services	Unit #1352, Plot 42, Electronic City Ph 1, Bengaluru, Karnataka, 560100	India
S2-200992	SUMMIT VIEW VETERINARY #1353 HOSPITAL	Miami, 33131, Unit #1353, 701 Brickell Ave, Ste 1700	US
S2-200993	dabur idia #1354 limited	Hyderabad, Telangana, Unit #1354, Door No 8-2-293, Jubilee Hills	India
S2-200994	Apollo Hospitals #1355 Enterprise Ltd	Unit #1355, 12/A, Nariman Point, Express Towers, Mumbai	India
S2-200995	Infoys Technologies #1356 Ltd	Unit #1356, Nr SBI ATM, Gali No 4, Karol Bagh, New Delhi	India
S2-200996	Gupta Book Depot #1358 and Stationers	Unit #1358, Door No 8-2-293, Jubilee Hills, Hyderabad, Telangana, 500033	India
S2-200997	GODREJ CONSUMER PRODUCTS #1359 LTD	Unit #1359, Nr SBI ATM, Gali No 4, Karol Bagh - New Delhi - 110005	India
S2-200998	Magnolia Bakery & Cafe #1360	Unit #1360, 2000 Ave of the Stars, Los Angeles	US
S2-200999	Sri Laxmi Textiles #1361 & Sarees	Unit #1361, Plot 42, Electronic City Phase 1, Bengaluru, Karnataka, 560100	India
S2-201000	Apex Global Logistics 1364 Inc.	Unit #1364, 701 Brickell Ave, Suite 1700, Miami, FL	US
S2-201001	EVERGREEN VALLEY DNTAL #1365 ASSOCIATES	Unit #1365, 500 West Madison Street - Chicago - IL - 60661	US
S2-201002	Redwood Wealth Management #1367 Group	Unit #1367, 2000 Ave of the Stars, Los Angeles, CA, 90067	US
S2-201003	pacific coast biolabs #1368 inc.	Unit #1368, 500 West Madison Street, Chicago, IL	US
S2-201004	Apex Diagnostic Centre #1370 and Path Lab	Unit #1370, Shop 15, Sec 18 Market, Noida, Uttar Pradesh, 201301	India
S2-201005	Maruti Suzuk #1373 India Ltd.	Hyderabad, Unit #1373, G-10, Ground Floor, Banjara Hills Road No 12	India
S2-201006	Bharti Airtel #1376 Ent.	West Bengal, Unit #1376, 22, Park St, 3rd Flooroor, Kolkata	India
S2-201007	Summit View Veterinary #1377 Hospital	Unit #1377, 1301 Sectorond Ave, Ste 3000, Seattle, 98101	US
S2-201008	Swastik Auto Spares #1379 Works	Unit #1379, 104, Civil Lines, Nr Bus Stand, Jaipur, 302006	India
S2-201009	Magnola Bakery & Cafe #1380	GA, Atlanta, 30305, Unit #1380, 2500 Peachtree Rd NW	US
S2-201010	SHREE LAXMI TEXTILES #1381 AND SAREES	Unit #1381, Plot 42, Electronic City Phase 1, Bengaluru, Karnataka	India
S2-201011	Magnolia Bakery & Cafe #1382	Unit #1382, 701 Brickell Avenue, Ste 1700, Miami	US
S2-201012	Maruti Suzuki #1383 India Ltd.	Kolkata, Unit #1383, 22, Park Street, 3rd Fl	India
S2-201013	ACME INDUSTRIAL SOLNS #1384 LLC	Unit #1384, 500 West Madison St, Chicago, IL	US
S2-201014	sharma sweet house #1385 & restaurant	Unit #1385, Opposite City Railway Station, M.G. Rd, Pune, Maharashtra, 411001	India
S2-201015	Nexus Cloud Technologies #1386 Corp.	Unit #1386, 100 Federal Streetreet, 28th Floor, Boston	US
S2-201016	PACIFIC COAST BIOLABS #1387 INC.	Unit #1387, 701 Brickell Ave, Ste 1700, Miami, 33131	US
S2-201017	Adani Ent. #1388 Ltd	Unit #1388, G-10, Ground Floor, Banjara Hills Road No 12, Telangana, 560034	India
S2-201018	OM SAI DIGITAL PRINTING #1389 SERV.	Unit #1389, Door No 8-2-293, Jubilee Hills, Hyderabad	India
S2-201019	apex global logistics #1390 inc.	Unit #1390, 350 Fifth Avenue, 54th Fl, New York, 10118	US
S2-201020	beacon financial group #1392 corp	Unit #1392, 100 Federal Street, 28th Fl, Boston, MA	US
S2-201021	Quantum Leap Robotics #1394 LLC	Unit #1394, 500 West Madison Streetreet, IL	US
S2-201022	MAHINDRA & MAHINDRA #1396 FINANCIAL SERV.	Unit #1396, 22, Park St, 3rd Floor, Kolkata, West Bengal, 700016	India
S2-201023	Acme Indutrial Solutions #1397 LLC	Unit #1397, 500 West Madison St, Chicago, IL, 60661	US
S2-201024	DABUR INDIA #1398 LIMITED	Unit #1398, NH-8, Near Toll Plaza, Udyog Vihar Ph 4, Haryana, 122015	India
S2-201025	Mahindra and Mahindra #1400 Financial Services	Unit #1400, Door No 8-2-293, Jubilee Hills, Telangana	India
S2-201026	golden gate capital #1401 holdings llc	94104, Unit #1401, 100 Montgomery St, Ste 1500, San Francisco	US
S2-201027	Juniper Ridge Construction #1403 Company	Unit #1403, 500 West Madison St, Chicago, IL, 60661	US
S2-201028	Apex Global Logistics #1404 Inc.	Unit #1404, 2500 Peachtree Road NW, GA	US
S2-201029	Pacific Coast BioLabs #1407 Inc.	Unit #1407, 1200 Smith St, Ste 2200, Houston, 77002	US
S2-201030	Sri Laxmi Textiles #1408 & Sarees	Unit #1408, Opp. City Railway Streetation, M.G. Rd - Pune - Maharashtra	India
S2-201031	Hindustan Unilever #1409 Trading Co	Unit #1409, G-10, Ground Floor, Banjara Hills Road No 12, Hyderabad, Telangana, 560034	India
S2-201032	Royal Enfield Service #1411 Centre	Unit #1411, Door No 8-2-293, Jubilee Hills, Hyderabad	India
S2-201033	Venkateshwara Hardware #1412 & Electricals	Unit #1412, 104, Civil Lines, Near Bus Stand, Jaipur, Rajasthan, 302006	India
S2-201034	Redwood WealthManagement #1413 Group	Unit #1413, 701 Brickell Avenue, Ste 1700, Miami, FL	US
S2-201035	Kailash Parbat Pure Veg #1414 Restaurant	201301 - Noida - Unit #1414, Shop 15, Sectortor 18 Market	India
S2-201036	VENKATESHWARA HARDWARE #1415 AND ELECTRICALS	Unit #1415, 45-B, Anna Salai, Mount Road, Tamil Nadu	India
S2-201037	Reliance Retail #1416 Pvt Ltd	Unit #1416, Shop 15, Sectortor 18 Market, Uttar Pradesh, Noida	India
S2-201038	Cascade Software Labs #1418 Tech	Unit #1418, 701 Brickell Ave, Ste 1700 - Miami - FL - 33131	US
S2-201039	Apex Global Logistics #1419 Inc.	Unit #1419, 1200 Smith St, Ste 2200 - Houston - TX - 77002	US
S2-201040	krishna medical #1420 and general stores	Unit #1420, 12/A, Nariman Point, Express Towers, Mumbai, Maharashtra, 400021	India
S2-201041	Wipro Consumer Care #1422 & Lighting	Unit #1422, Bhnd Nexus Mall, Koramangala 5th Block, Bengaluru, Karnataka	India
S2-201042	Sharma Sweet House #1423 & Restaurant	Unit #1423, Plot 42, Electronic City Phase 1, Bengaluru, Karnataka	India
S2-201043	Stat Bank of India #1424	Unit #1424, Chowk Bazaar, Nr Ghanta Ghar, Surat, 395003	India
S2-201044	Krisna Medical #1425 and General Stores	110005, New Delhi, Unit #1425, Nr SBI ATM, Gali No 4, Karol Bagh	India
S2-201045	KRISHNA MEDICAL #1426 & GENERAL STORES	Unit #1426, Door No 8-2-293, Jubilee Hills, Hyderabad, 500033	India
S2-201046	MARUTI SUZUKI #1427 INDIA LIMITED	Unit #1427, NH-8, Nr Toll Plaza, Udyog Vihar Ph 4, Gurugram, 122015	India
S2-201047	Bajaj Auto #1428 Holdings Ltd	Unit #1428, Nr SBI ATM, Gali No 4, Karol Bagh, New Delhi, 110005	India
S2-201048	Godrej Consumer Products #1429 Ltd	Unit #1429, Shop 8, New Market Area, Bhopal, Madhya Pradesh, 462001	India
S2-201049	Golden Gate Capital #1430 Holdings LC	Unit #1430, 111 Congress Ave, Ste 400, Austin, TX	US
S2-201050	State Bank of India #1431	Unit #1431, G-10, Ground Fl, Banjara Hills Rd No 12, Hyderabad, 560034	India
S2-201051	Reliance Retail #1432 Pvt Ltd	Hyderabad, Unit #1432, G-10, Ground Fl, Banjara Hills Road No 12, Telangana	India
S2-201052	Juniper Ridge Construction #1433 Co.	Unit #1433, 111 Congress Ave, Ste 400, Austin, TX	US
S2-201053	Rada Raman Handlooms #1435 Emporium	Unit #1435, NH-8, Near Toll Plaza, Udyog Vihar Phase 4, Gurugram, 122015	India
S2-201054	Sri Laxmi Textiles #1439 & Sarees	Unit #1439, G-10, Ground Flooroor, Banjara Hills Rd No 12, Hyderabad, Telangana, 560034	India
S2-201055	frontier energy systems #1440corp.	Unit #1440, 350 Fifth Ave, 54th Fl, New York, NY	US
S2-201056	Nexus Cloud Tech #1441 Corporation	Unit #1441, 2500 Peachtree Rd NW, Atlanta, 30305	US
S2-201057	Olympic Mountain Sports #147 LLC	Unit #1447, 1200 Smith Street, Ste 2200, 77002	US
S2-201058	Liberty Auto Body #1449 & Repair	Unit #1449, 500 West Madison Street, 60661	US
S2-201059	SriGanesh Kirana #1450 Store	Unit #1450, 45-B, Anna Salai, Mount Rd, Chennai, Tamil Nadu, 600002	India
S2-201060	Delta Healthcare Partners #1452 P.C.	Unit #1452, 500 West Madison Streetreet - Chicago - 60661	US
S2-201061	tataconsultancy serv. #1454 limited	Unit #1454, Bhnd Nexus Mall, Koramangala 5th Block, Bengaluru, Karnataka, 560095	India
S2-201062	Gupta Book Depot #1456 and Stationers	Unit #1456, NH-8, Near Toll Plaza, Udyog Vihar Ph 4, Gurugram, Haryana, 122015	India
S2-201063	LIBERTY AUTO BODY #1457 & REPAIR	Unit #1457, 500 West Madison St - Chicago	US
S2-201064	Reliance Retail #1458 Private Limited	Unit #1458, Shop 8, New Market Area, Bhopal, Madhya Pradesh, 462001	India
S2-201065	Bharti Airtel #1459 Ent.	Unit #1459, G-10, Ground Floor, Banjara Hills Road No 12, Hyderabad	India
S2-201066	Asian Paints #1460 Colour Solutions	Unit #1460, Bhnd Nexus Mall, Koramangala 5th Block, 560095	India
S2-201067	summit view veterinary #1461 hospital	Unit #1461, 350 Fifth Ave, 54th Floor, NY, 10118	US
S2-201068	Gupta Book Depot #1462 and Stationers	Unit #1462, NH-8, Nr Toll Plaza, Udyog Vihar Ph 4, Haryana, Gurugram	India
S2-201069	Krishna Medical #1463 and General Stores	Unit #1463, Shop 15, Sector 18 Market, Noida, 201301	India
S2-201070	apex global logistics #1464 in.	Unit #1464, 100 Federal St, 28th Fl - Boston - MA - 02110	US
S2-201071	Godrej Consumer Prducts #1465 Ltd	Unit #1465, NH-8, Nr Toll Plaza, Udyog Vihar Ph 4, Gurugram, 122015	India
S2-201072	Deta Healthcare Partners #1466 P.C.	CA, Unit #1466, 2000 Ave of the Streetars, 90067, Los Angeles	US
S2-201073	Acme Industrial Solutions #1467 LLC	Unit #1467, 1301 Second Avenuenue, Ste 3000, Seattle, WA, 98101	US
S2-201074	Patel BrothersProvision #1468 Bh&ar	Unit #1468, Shop 8, New Market Area, Bhopal, 462001	India
S2-201075	Sri Laxmi Textiles #1469 & Sarees	Unit #1469, Chowk Bazaar, Near Ghanta Ghar, Surat, Gujarat, 395003	India
S2-201076	evergreen valley dental #1470 associates	Unit #1470, 500 West Madison Street, Chicago, 60661	US
S2-201077	Liberty Auto Body #1471 & Repair	Unit #1471, 500 West Madison Street, Chicago, 60661	US
S2-201078	State Bank of India #1472	Unit #1472, Behind Nexus Mall, Koramangala 5th Block, Bengaluru, Karnataka	India
S2-201079	Wipro Consumer Care #1473 & Lighting	Unit #1473, 22, Park Street, 3rd Fl, Kolkata, West Bengal, 700016	India
S2-201080	Radha Raman Handlooms #1474 Emporium	Unit #1474, G-10, Ground Fl, Banjara Hills Road No 12, 560034, Hyderabad	India
S2-201081	delta healthcare partners #1475 p.c.	Unit #1475, 1200 Smith St, Suite 2200, Houston, TX	US
S2-201082	bharti airtel #1476 enterprises	Unit #1476, Near Old High Court, Mall Road, Shimla, Himachal Pradesh	India
S2-201083	acme industrial solns #1477 llc	33131, Miami, Unit #1477, 701 Brickell Avenue, Suite 1700	US
S2-201084	Nexus Cloud Technologies #1478 Corporation	Unit #1478, 500 West Madison St, Chicago, 60661	US
S2-201085	sri balaji udyog #1479 pvt ltd	Unit #1479, Plot 42, Electronic City Ph 1, Bengaluru, 560100	India
S2-201086	LARSEN AND TOUBRO #1480 INFOTECH LTD	Unit #1480, 22, Park Street, 3rd Fl, West Bengal, Kolkata, 700016	India
S2-201087	Larsen and Toubro #1481 Infotech Ltd	Unit #1481, G-10, Ground Flooroor, Banjara Hills Rd No 12, Hyderabad, Telangana	India
S2-201088	Om Sai Digital Printing #1482 Services	Unit #1482, Near Old High Court, Mall Rd, Shimla, 171001	India
S2-201089	Venkateshwara Hardware #1484 & Electricals	Unit #1484, 104, Civil Lines, Nr Bus Streetand, Jaipur	India
S2-201090	Kailash Parbat Pure Veg #1486 Restaurant	Unit #1486, Opposite City Railway Station, M.G. Road - Pune - Maharashtra - 411001	India
S2-201091	Pacific Coast BioLabs #1489 Inc.	Unit #1489, 350 Fifth Ave, 54th Fl, New York, NY	US
S2-201092	Titan Company #1492 Ent.	Unit #1492, 104, Civil Lines, Nr Bus Stand, Jaipur	India
S2-201093	Golden Gate Capital #1494 Holdings LLC	Unit #1494, 100 Federal St, 28th Fl, Boston, MA, 02110	US
S2-201094	summit view veterinary #1495 hospital	Unit #1495, 100 Montgomery Street, Suite 1500, San Francisco, CA, 94104	US
S2-201095	Reliance Retail #1496 Pvt Ltd	Unit #1496, 104, Civil Lines, Nr Bus Stand, Jaipur	India
S2-201096	Horizon Media Group #1498 Enterprises	Unit #1498, 350 Fifth Ave, 54th Fl, 10118, NY, New York	US
S2-201097	BAJAJ AUTO #1499 HOLDINGS LTD	Unit #1499, NH-8, Nr Toll Plaza, Udyog Vihar Ph 4, Gurugram	India
S2-201098	juniper ridge construction #1500 co.	Unit #1500, 100 Montgomery St, Suite 1500, San Francisco, CA	US
S2-201099	Distractor Magnolia Bakery and Cafe Store	1301 Second Ave, Suite 3000 - Seattle - WA	US
S2-201100	Distractor Frontier Energy Systems Store	2000 Ave of the Streetars, Los Angeles, CA	US
S2-201101	Distractor Juniper Ridge Construction Store	Houston, 1200 Smith St, Suite 2200, 77002, TX	US
S2-201102	Distractor Om Sai Digital Printing Store	Opp. City Railway Streetation, M.G. Road, Pune	India
S2-201103	Distractor Summit View Veterinary Store	701 Brickell Avenuenue, Ste 1700 - Miami - FL - 33131	US
S2-201104	Distractor Dabur India Store	Maharashtra, Opposite City Railway Station, M.G. Road, Pune	India
S2-201105	Distractor State Bank of India Store	Opp. City Railway Station, M.G. Rd, Pune, 411001	India
S2-201106	Distractor Delta Healthcare Partners Store	2000 Avenuenue of the Stars, Los Angeles, CA, 90067	US
S2-201107	Distractor Golden Gate Capital Store	701 Brickell Ave, Ste 1700, FL	US
S2-201108	Distractor Redwood Wealth Management Store	111 Congress Avenuenue, Ste 400, TX, 78701	US
S2-201109	Distractor Apex Diagnostic Centre Store	Chowk Bazaar, Nr Ghanta Ghar, Surat, 395003	India
S2-201110	Distractor Wipro Consumer Care Store	12/A, Nariman Point, Express Towers, Mumbai, Maharashtra	India
S2-201111	Distractor Nexus Cloud Technologies Store	New York, 350 Fifth Ave, 54th Floor	US
S2-201112	Distractor Liberty Auto Body Store	2000 Ave of the Stars, Los Angeles	US
S2-201113	Distractor Nexus Cloud Technologies Store	2500 Peachtree Rd NW, Atlanta, GA, 30305	US
S2-201114	Distractor Sri Laxmi Textiles Store	Nr SBI ATM, Gali No 4, Karol Bagh, New Delhi, 110005	India
S2-201115	Distractor Juniper Ridge Construction Store	500 West Madison St - Chicago - IL	US
S2-201116	Distractor Olympic Mountain Sports Store	701 Brickell Ave, Suite 1700, Miami, FL, 33131	US
S2-201117	Distractor Swastik Auto Spares Store	NH-8, Nr Toll Plaza, Udyog Vihar Phase 4, Gurugram, Haryana, 122015	India
S2-201118	Distractor Swastik Auto Spares Store	NH-8, Near Toll Plaza, Udyog Vihar Ph 4, Gurugram, Haryana, 122015	India
S2-201119	Distractor Sharma Sweet House Store	Plot 42, Electronic City Ph 1, Bengaluru, Karnataka, 560100	India
S2-201120	Distractor Venkateshwara Hardware Store	22, Park St, 3rd Flooroor, Kolkata	India
S2-201121	Distractor Larsen & Toubro Store	Kolkata - 22, Park Street, 3rd Flooroor	India
S2-201122	Distractor Juniper Ridge Construction Store	2000 Avenuenue of the Streetars, CA	US
S2-201123	Distractor Hindustan Unilever Store	Near SBI ATM, Gali No 4, Karol Bagh, New Delhi, Delhi, 110005	India
S2-201124	Distractor Delta Healthcare Partners Store	1200 Smith St, Ste 2200, Houston, TX	US
S2-201125	Distractor Horizon Media Group Store	CA, 100 Montgomery St, Ste 1500, 94104	US
S2-201126	Distractor Juniper Ridge Construction Store	100 Federal Street, 28th Fl, Boston, MA, 02110	US
S2-201127	Distractor Apex Diagnostic Centre Store	Noida, Shop 15, Sec 18 Market	India
S2-201128	Distractor Liberty Auto Body Store	78701 - Austin - 111 Congress Avenuenue, Ste 400	US
S2-201129	Distractor Asian Paints Store	Mumbai, 400021, 12/A, Nariman Point, Express Towers, Maharashtra	India
S2-201130	Distractor Radha Raman Handlooms Store	Shop 8, New Market Area, Bhopal, Madhya Pradesh, 462001	India
S2-201131	Distractor Ambika Jewellers Store	104, Civil Lines, Near Bus Stand, Jaipur, Rajasthan, 302006	India
S2-201132	Distractor Swastik Auto Spares Store	12/A, Nariman Point, Express Towers, Maharashtra	India
S2-201133	Distractor Asian Paints Store	Shop 8, New Market Area, Bhopal, 462001	India
S2-201134	Distractor Apollo Hospitals Store	G-10, Ground Floor, Banjara Hills Rd No 12, Hyderabad, 560034	India
S2-201135	Distractor Shree Ganesh Kirana Store	Opp. City Railway Station, M.G. Road - Maharashtra - 411001	India
S2-201136	Distractor Beacon Financial Group Store	111 Congress Ave, Suite 400, Austin, 78701	US
S2-201137	Distractor Nexus Cloud Technologies Store	77002, TX, 1200 Smith Street, Suite 2200	US
S2-201138	Distractor Apex Diagnostic Centre Store	Opp. City Railway Streetation, M.G. Rd - Pune - Maharashtra - 411001	India
S2-201139	Distractor Apex Global Logistics Store	111 Congress Avenue, Suite 400, Austin, TX	US
S2-201140	Distractor HDFC Bank Store	NH-8, Near Toll Plaza, Udyog Vihar Ph 4, Gurugram, Haryana, 122015	India
S2-201141	Distractor Pacific Coast BioLabs Store	2000 Avenuenue of the Streetars, Los Angeles, CA, 90067	US
S2-201142	Distractor Kailash Parbat Pure Veg Store	Opposite City Railway Streetation, M.G. Rd, Maharashtra, 411001	India
S2-201143	Distractor Apex Diagnostic Centre Store	45-B, Anna Salai, Mount Rd, Chennai, Tamil Nadu	India
S2-201144	Distractor Cascade Software Labs Store	Boston, 100 Federal Streetreet, 28th Flooroor	US
S2-201145	Distractor Cascade Software Labs Store	1200 Smith Streetreet, Ste 2200 - Houston - 77002	US
S2-201146	Distractor Infosys Technologies Store	Door No 8-2-293, Jubilee Hills, Hyderabad, Telangana, 500033	India
S2-201147	Distractor Larsen & Toubro Store	Chowk Bazaar, Near Ghanta Ghar, Surat, Gujarat, 395003	India
S2-201148	Distractor Horizon Media Group Store	500 West Madison St - Chicago - 60661	US
S2-201149	Distractor Summit View Veterinary Store	111 Congress Ave, Suite 400, Austin, 78701	US
S2-201150	Distractor Golden Gate Capital Store	350 Fifth Ave, 54th Floor, New York, 10118	US
S2-201151	Distractor Larsen & Toubro Store	Chowk Bazaar, Nr Ghanta Ghar, Surat, Gujarat, 395003	India
S2-201152	Distractor Tata Consultancy Services Store	Behind Nexus Mall, Koramangala 5th Block, Bengaluru, 560095	India
S2-201153	Distractor Ambika Jewellers Store	Opp. City Railway Streetation, M.G. Rd, Pune, Maharashtra	India
S2-201154	Distractor HDFC Bank Store	45-B, Anna Salai, Mount Road, Chennai, Tamil Nadu	India
S2-201155	Distractor Tata Consultancy Services Store	Chowk Bazaar, Near Ghanta Ghar, Gujarat, 395003	India
S2-201156	Distractor Delta Healthcare Partners Store	New York, 10118, 350 Fifth Ave, 54th Floor	US
S2-201157	Distractor Radha Raman Handlooms Store	Nr SBI ATM, Gali No 4, Karol Bagh - New Delhi - Delhi - 110005	India
S2-201158	Distractor Cascade Software Labs Store	100 Federal St, 28th Fl, MA	US
S2-201159	Distractor Olympic Mountain Sports Store	77002, Houston, TX, 1200 Smith St, Ste 2200	US
S2-201160	Distractor Maruti Suzuki Store	Nr SBI ATM, Gali No 4, Karol Bagh, New Delhi, Delhi, 110005	India
S2-201161	Distractor Asian Paints Store	New Delhi - 110005 - Nr SBI ATM, Gali No 4, Karol Bagh - Delhi	India
S2-201162	Distractor Keystone Property Management Store	98101, Seattle, 1301 Second Ave, Suite 3000	US
S2-201163	Distractor Godrej Consumer Products Store	Surat, Chowk Bazaar, Near Ghanta Ghar, Gujarat	India
S2-201164	Distractor Mahindra & Mahindra Store	500033, Hyderabad, Door No 8-2-293, Jubilee Hills	India
S2-201165	Distractor Infosys Technologies Store	Near SBI ATM, Gali No 4, Karol Bagh, New Delhi, Delhi, 110005	India
S2-201166	Distractor Cascade Software Labs Store	2000 Avenuenue of the Streetars	US
S2-201167	Distractor Olympic Mountain Sports Store	100 Montgomery St, Suite 1500, San Francisco, 94104	US
S2-201168	Distractor Ambika Jewellers Store	Karnataka, 560095, Behind Nexus Mall, Koramangala 5th Block, Bengaluru	India
S2-201169	Distractor Evergreen Valley Dental Store	2000 Ave of the Stars, Los Angeles, CA	US
S2-201170	Distractor Beacon Financial Group Store	111 Congress Avenue, Suite 400, Austin, TX, 78701	US
S2-201171	Distractor Nexus Cloud Technologies Store	1200 Smith Streetreet, Suite 2200, Houston, TX, 77002	US
S2-201172	Distractor Titan Company Store	Plot 42, Electronic City Ph 1 - Karnataka - 560100	India
S2-201173	Distractor Kailash Parbat Pure Veg Store	Chowk Bazaar, Nr Ghanta Ghar, Surat	India
S2-201174	Distractor Bajaj Auto Store	104, Civil Lines, Nr Bus Stand, Jaipur, 302006	India
S2-201175	Distractor Wipro Consumer Care Store	Behind Nexus Mall, Koramangala 5th Block, 560095	India
S2-201176	Distractor Dabur India Store	Shop 15, Sector 18 Market, Noida, Uttar Pradesh	India
S2-201177	Distractor Liberty Auto Body Store	77002, Houston, 1200 Smith Streetreet, Ste 2200	US
S2-201178	Distractor Dabur India Store	G-10, Ground Fl, Banjara Hills Rd No 12, Hyderabad, Telangana	India
S2-201179	Distractor Apollo Hospitals Store	Telangana - Hyderabad - G-10, Ground Flooroor, Banjara Hills Road No 12	India
S2-201180	Distractor Adani Enterprises Store	Plot 42, Electronic City Ph 1, Bengaluru, 560100	India
S2-201181	Distractor Apex Diagnostic Centre Store	Chowk Bazaar, Nr Ghanta Ghar, Surat, 395003	India
S2-201182	Distractor Sri Laxmi Textiles Store	NH-8, Near Toll Plaza, Udyog Vihar Ph 4 - Gurugram - Haryana	India
S2-201183	Distractor Cascade Software Labs Store	2000 Ave of the Streetars, Los Angeles, CA	US
S2-201184	Distractor Summit View Veterinary Store	100 Montgomery St, Ste 1500, San Francisco, 94104	US
S2-201185	Distractor Magnolia Bakery and Cafe Store	1301 Second Avenue, Ste 3000, Seattle, WA, 98101	US
S2-201186	Distractor ICICI Securities Store	NH-8, Near Toll Plaza, Udyog Vihar Phasease 4	India
S2-201187	Distractor Sharma Sweet House Store	Nr Old High Court, Mall Road, Himachal Pradesh, 171001	India
S2-201188	Distractor Olympic Mountain Sports Store	701 Brickell Avenue, Ste 1700, Miami, 33131	US
S2-201189	Distractor Infosys Technologies Store	Behind Nexus Mall, Koramangala 5th Block, Bengaluru, 560095	India
S2-201190	Distractor Horizon Media Group Store	100 Federal St, 28th Flooroor, Boston	US
S2-201191	Distractor Gupta Book Depot Store	45-B, Anna Salai, Mount Road, Chennai, Tamil Nadu	India
S2-201192	Distractor Asian Paints Store	Near Old High Court, Mall Road, Shimla, 171001	India
S2-201193	Distractor Pacific Coast BioLabs Store	94104, San Francisco, 100 Montgomery St, Suite 1500	US
S2-201194	Distractor Keystone Property Management Store	CA, 94104, San Francisco, 100 Montgomery St, Ste 1500	US
S2-201195	Distractor Apex Diagnostic Centre Store	Door No 8-2-293, Jubilee Hills, Hyderabad, Telangana	India
S2-201196	Distractor Sun Pharmaceutical Store	Haryana, 122015, NH-8, Near Toll Plaza, Udyog Vihar Phase 4, Gurugram	India
S2-201197	Distractor Sharma Sweet House Store	Opposite City Railway Streetation, M.G. Road, Pune, 411001	India
S2-201198	Distractor Summit View Veterinary Store	2000 Ave of the Streetars, Los Angeles, CA, 90067	US
S2-201199	Distractor Dabur India Store	NH-8, Nr Toll Plaza, Udyog Vihar Ph 4, Gurugram, Haryana, 122015	India
S2-201200	Distractor Evergreen Valley Dental Store	2500 Peachtree Rd NW - GA - 30305	US
S2-201201	Distractor Ambika Jewellers Store	Near Old High Court, Mall Road - Shimla	India
S2-201202	Distractor Horizon Media Group Store	100 Federal St, 28th Floor, Boston, 02110	US
S2-201203	Distractor Swastik Auto Spares Store	22, Park St, 3rd Fl, Kolkata, West Bengal, 700016	India
S2-201204	Distractor Nexus Cloud Technologies Store	1301 Sectorond Ave, Suite 3000, Seattle, WA, 98101	US
S2-201205	Distractor Redwood Wealth Management Store	111 Congress Ave, Ste 400, Austin, TX, 78701	US
S2-201206	Distractor Larsen & Toubro Store	104, Civil Lines, Nr Bus Streetand, Jaipur, 302006	India
S2-201207	Distractor Apex Diagnostic Centre Store	NH-8, Near Toll Plaza, Udyog Vihar Phase 4, Gurugram, 122015	India
S2-201208	Distractor Sharma Sweet House Store	NH-8, Nr Toll Plaza, Udyog Vihar Phase 4, Gurugram, Haryana, 122015	India
S2-201209	Distractor Horizon Media Group Store	111 Congress Ave, Ste 400, 78701	US
S2-201210	Distractor State Bank of India Store	Near SBI ATM, Gali No 4, Karol Bagh - New Delhi - Delhi - 110005	India
S2-201211	Distractor Asian Paints Store	Plot 42, Electronic City Phase 1, Bengaluru, Karnataka, 560100	India
S2-201212	Distractor Apollo Hospitals Store	G-10, Ground Floor, Banjara Hills Rd No 12, Hyderabad, 560034	India
S2-201213	Distractor Shree Balaji Udyog Store	Shop 15, Sec 18 Market - Noida	India
S2-201214	Distractor Sri Laxmi Textiles Store	Shop 15, Sector 18 Market, Noida, Uttar Pradesh	India
S2-201215	Distractor Olympic Mountain Sports Store	100 Federal Street, 28th Floor - Boston - MA - 02110	US
S2-201216	Distractor Magnolia Bakery and Cafe Store	100 Federal St, 28th Fl, MA, 02110	US
S2-201217	Distractor Titan Company Store	Opposite City Railway Station, M.G. Road, Pune, Maharashtra, 411001	India
S2-201218	Distractor Summit View Veterinary Store	100 Federal Street, 28th Fl, Boston, MA, 02110	US
S2-201219	Distractor Asian Paints Store	104, Civil Lines, Near Bus Stand - Jaipur - Rajasthan - 302006	India
S2-201220	Distractor Evergreen Valley Dental Store	701 Brickell Avenue, Ste 1700, Miami, 33131	US
S2-201221	Distractor Apollo Hospitals Store	Plot 42, Electronic City Ph 1, Bengaluru, Karnataka	India
S2-201222	Distractor Redwood Wealth Management Store	100 Montgomery Street, Suite 1500 - San Francisco - 94104	US
S2-201223	Distractor Hindustan Unilever Store	104, Civil Lines, Near Bus Streetand, Jaipur	India
S2-201224	Distractor Bajaj Auto Store	104, Civil Lines, Nr Bus Stand, Jaipur	India
S2-201225	Distractor Cascade Software Labs Store	500 West Madison St, Chicago, 60661	US
S2-201226	Distractor Godrej Consumer Products Store	104, Civil Lines, Near Bus Stand, Jaipur	India
S2-201227	Distractor Horizon Media Group Store	2000 Avenuenue of the Streetars - Los Angeles - CA	US
S2-201228	Distractor Ironclad Security Services Store	2000 Ave of the Stars, Los Angeles, CA	US
S2-201229	Distractor Dabur India Store	Plot 42, Electronic City Phase 1 - Bengaluru - Karnataka - 560100	India
S2-201230	Distractor Beacon Financial Group Store	100 Federal St, 28th Fl, Boston, 02110	US
S2-201231	Distractor Titan Company Store	Door No 8-2-293, Jubilee Hills, Hyderabad, Telangana, 500033	India
S2-201232	Distractor Kailash Parbat Pure Veg Store	Near Old High Court, Mall Road - Shimla - Himachal Pradesh	India
S2-201233	Distractor Kailash Parbat Pure Veg Store	G-10, Ground Fl, Banjara Hills Rd No 12, Telangana, 560034	India
S2-201234	Distractor Evergreen Valley Dental Store	2500 Peachtree Rd NW, Atlanta, GA, 30305	US
S2-201235	Distractor Olympic Mountain Sports Store	1200 Smith St, Suite 2200, Houston	US
S2-201236	Distractor Redwood Wealth Management Store	350 Fifth Avenue, 54th Flooroor, 10118	US
S2-201237	Distractor Mahindra & Mahindra Store	Opp. City Railway Streetation, M.G. Road, Pune, Maharashtra	India
S2-201238	Distractor Larsen & Toubro Store	Shop 8, New Market Area - Bhopal	India
S2-201239	Distractor Godrej Consumer Products Store	G-10, Ground Fl, Banjara Hills Rd No 12, Hyderabad, 560034	India
S2-201240	Distractor Venkateshwara Hardware Store	Karnataka, Bengaluru, Bhnd Nexus Mall, Koramangala 5th Block	India
S2-201241	Distractor Swastik Auto Spares Store	Kolkata, West Bengal, 22, Park Streetreet, 3rd Floor	India
S2-201242	Distractor Summit View Veterinary Store	CA, 90067, 2000 Ave of the Stars	US
S2-201243	Distractor Apex Diagnostic Centre Store	Nr Old High Court, Mall Rd, Shimla, Himachal Pradesh, 171001	India
S2-201244	Distractor Horizon Media Group Store	111 Congress Ave, Suite 400, Austin, 78701	US
S2-201245	Distractor Shree Ganesh Kirana Store	Shop 8, New Market Area, Bhopal	India
S2-201246	Distractor Magnolia Bakery and Cafe Store	100 Montgomery St, Ste 1500, San Francisco, CA, 94104	US
S2-201247	Distractor Olympic Mountain Sports Store	111 Congress Avenue, Suite 400, Austin, TX	US
S2-201248	Distractor Hindustan Unilever Store	Nr SBI ATM, Gali No 4, Karol Bagh, 110005	India
S2-201249	Distractor Pacific Coast BioLabs Store	100 Federal Street, 28th Floor, Boston	US
S2-201250	Distractor Ironclad Security Services Store	1301 Second Avenue, Ste 3000 - Seattle - WA - 98101	US
S2-201251	Distractor Radha Raman Handlooms Store	Plot 42, Electronic City Phase 1, Bengaluru, 560100	India
S2-201252	Distractor Beacon Financial Group Store	500 West Madison Streetreet, IL, Chicago	US
S2-201253	Distractor Royal Enfield Service Store	Plot 42, Electronic City Phase 1, Bengaluru, Karnataka	India
S2-201254	Distractor Evergreen Valley Dental Store	100 Federal Street, 28th Floor, Boston	US
S2-201255	Distractor Reliance Retail Store	G-10, Ground Flooroor, Banjara Hills Road No 12, Hyderabad, 560034	India
S2-201256	Distractor Swastik Auto Spares Store	Near SBI ATM, Gali No 4, Karol Bagh, New Delhi, Delhi	India
S2-201257	Distractor Juniper Ridge Construction Store	500 West Madison St, 60661	US
S2-201258	Distractor Gupta Book Depot Store	Behind Nexus Mall, Koramangala 5th Block, Karnataka, Bengaluru	India
S2-201259	Distractor Asian Paints Store	Bhnd Nexus Mall, Koramangala 5th Block, Bengaluru, Karnataka, 560095	India
S2-201260	Distractor Radha Raman Handlooms Store	Near SBI ATM, Gali No 4, Karol Bagh, New Delhi, 110005	India
S2-201261	Distractor Cascade Software Labs Store	500 West Madison St, Chicago, IL, 60661	US
S2-201262	Distractor Sharma Sweet House Store	104, Civil Lines, Nr Bus Stand, Jaipur, Rajasthan, 302006	India
S2-201263	Distractor Redwood Wealth Management Store	350 Fifth Avenue, 54th Floor - New York - 10118	US
S2-201264	Distractor Royal Enfield Service Store	Haryana, Gurugram, NH-8, Near Toll Plaza, Udyog Vihar Phasease 4	India
S2-201265	Distractor Royal Enfield Service Store	Plot 42, Electronic City Ph 1 - Bengaluru - Karnataka - 560100	India
S2-201266	Distractor State Bank of India Store	Shop 8, New Market Area, Bhopal, Madhya Pradesh, 462001	India
S2-201267	Distractor Patel Brothers Provision Store	Nr Old High Court, Mall Road, Shimla, Himachal Pradesh	India
S2-201268	Distractor Keystone Property Management Store	1301 Second Avenue, Ste 3000, Seattle, 98101	US
S2-201269	Distractor Bharti Airtel Store	22, Park St, 3rd Fl	India
S2-201270	Distractor Hindustan Unilever Store	Plot 42, Electronic City Phase 1 - Bengaluru - Karnataka - 560100	India
S2-201271	Distractor Mahindra & Mahindra Store	NH-8, Near Toll Plaza, Udyog Vihar Phase 4	India
S2-201272	Distractor Royal Enfield Service Store	Opposite City Railway Station, M.G. Road - Pune - Maharashtra	India
S2-201273	Distractor Horizon Media Group Store	100 Federal St, 28th Floor - Boston - MA - 02110	US
S2-201274	Distractor Apex Global Logistics Store	100 Federal St, 28th Floor - MA - 02110	US
S2-201275	Distractor Juniper Ridge Construction Store	1301 Second Avenuenue, Ste 3000, Seattle, WA, 98101	US
S2-201276	Distractor Sun Pharmaceutical Store	Plot 42, Electronic City Phase 1 - Karnataka	India
S2-201277	Distractor Shree Ganesh Kirana Store	Nr Old High Court, Mall Rd, Shimla, Himachal Pradesh	India
S2-201278	Distractor Krishna Medical Store	Near SBI ATM, Gali No 4, Karol Bagh, New Delhi, Delhi, 110005	India
S2-201279	Distractor Adani Enterprises Store	Chowk Bazaar, Nr Ghanta Ghar	India
S2-201280	Distractor ICICI Securities Store	Kolkata - 22, Park St, 3rd Floor - 700016	India
S2-201281	Distractor Beacon Financial Group Store	1301 Second Ave, Suite 3000, Seattle	US
S2-201282	Distractor Apex Global Logistics Store	500 West Madison Street, Chicago, IL	US
S2-201283	Distractor Shree Balaji Udyog Store	Shop 8, New Market Area - Bhopal - Madhya Pradesh - 462001	India
S2-201284	Distractor Godrej Consumer Products Store	Chowk Bazaar, Nr Ghanta Ghar, Surat, 395003	India
S2-201285	Distractor State Bank of India Store	45-B, Anna Salai, Mount Road, Chennai, 600002	India
S2-201286	Distractor Cascade Software Labs Store	1200 Smith St, Suite 2200, Houston	US
S2-201287	Distractor Magnolia Bakery and Cafe Store	100 Federal Street, 28th Fl - Boston - MA	US
S2-201288	Distractor Summit View Veterinary Store	500 West Madison St, Chicago, IL, 60661	US
S2-201289	Distractor Ironclad Security Services Store	100 Federal Street, 28th Flooroor, Boston, MA, 02110	US
S2-201290	Distractor Apex Global Logistics Store	2000 Ave of the Streetars, Los Angeles, 90067	US
S2-201291	Distractor Cascade Software Labs Store	2500 Peachtree Rd NW, Atlanta, 30305	US
S2-201292	Distractor Reliance Retail Store	Plot 42, Electronic City Phasease 1, Bengaluru, Karnataka, 560100	India
S2-201293	Distractor Radha Raman Handlooms Store	Door No 8-2-293, Jubilee Hills, Hyderabad	India
S2-201294	Distractor Magnolia Bakery and Cafe Store	Houston, 1200 Smith St, Ste 2200, TX	US
S2-201295	Distractor Apex Global Logistics Store	2500 Peachtree Rd NW, GA, Atlanta	US
S2-201296	Distractor Keystone Property Management Store	350 Fifth Ave, 54th Flooroor, New York, NY	US
S2-201297	Distractor Sun Pharmaceutical Store	45-B, Anna Salai, Mount Rd - Chennai - Tamil Nadu - 600002	India
S2-201298	Distractor Krishna Medical Store	Plot 42, Electronic City Ph 1 - Bengaluru - Karnataka - 560100	India
S2-201299	Distractor Wipro Consumer Care Store	G-10, Ground Fl, Banjara Hills Road No 12, Hyderabad, 560034	India
S2-201300	Distractor Magnolia Bakery and Cafe Store	1301 Second Avenue, Ste 3000, Seattle, WA	US
S2-201301	Distractor Larsen & Toubro Store	Plot 42, Electronic City Phase 1, Bengaluru, Karnataka	India
S2-201302	Distractor Horizon Media Group Store	1301 Sectorond Avenue, Suite 3000 - WA - Seattle - 98101	US
S2-201303	Distractor Adani Enterprises Store	45-B, Anna Salai, Mount Rd, Chennai	India
S2-201304	Distractor Shree Balaji Udyog Store	Opposite City Railway Station, M.G. Rd, Pune, Maharashtra, 411001	India
S2-201305	Distractor Acme Industrial Solutions Store	1200 Smith St, Ste 2200, Houston, TX, 77002	US
S2-201306	Distractor Ambika Jewellers Store	Chowk Bazaar, Nr Ghanta Ghar, Surat, Gujarat	India
S2-201307	Distractor Cascade Software Labs Store	1200 Smith Street, Suite 2200, Houston	US
S2-201308	Distractor Adani Enterprises Store	Opposite City Railway Station, M.G. Rd, Pune	India
S2-201309	Distractor Infosys Technologies Store	Behind Nexus Mall, Koramangala 5th Block, Bengaluru, Karnataka, 560095	India
S2-201310	Distractor Nexus Cloud Technologies Store	1301 Second Ave, Ste 3000 - Seattle	US
S2-201311	Distractor Radha Raman Handlooms Store	Chowk Bazaar, Near Ghanta Ghar, Surat, 395003	India
S2-201312	Distractor Maruti Suzuki Store	Behind Nexus Mall, Koramangala 5th Block, Bengaluru, Karnataka, 560095	India
S2-201313	Distractor Adani Enterprises Store	Shop 8, New Market Area, Madhya Pradesh, 462001	India
S2-201314	Distractor Horizon Media Group Store	350 Fifth Avenue, 54th Fl, New York, NY, 10118	US
S2-201315	Distractor Summit View Veterinary Store	2000 Avenue of the Stars, Los Angeles, 90067	US
S2-201316	Distractor Magnolia Bakery and Cafe Store	2000 Avenue of the Stars, Los Angeles	US
S2-201317	Distractor Ironclad Security Services Store	1200 Smith St, Suite 2200, Houston, TX, 77002	US
S2-201318	Distractor Acme Industrial Solutions Store	100 Federal St, 28th Flooroor, Boston, MA, 02110	US
S2-201319	Distractor Beacon Financial Group Store	500 West Madison Streetreet, 60661	US
S2-201320	Distractor Juniper Ridge Construction Store	500 West Madison St - IL	US
S2-201321	Distractor Radha Raman Handlooms Store	Shop 8, New Market Area, Bhopal, Madhya Pradesh	India
S2-201322	Distractor Evergreen Valley Dental Store	Los Angeles, CA, 2000 Avenue of the Stars, 90067	US
S2-201323	Distractor Keystone Property Management Store	MA, 02110, Boston, 100 Federal Streetreet, 28th Flooroor	US
S2-201324	Distractor Acme Industrial Solutions Store	2000 Avenue of the Stars, Los Angeles, CA	US
S2-201325	Distractor Titan Company Store	22, Park Street, 3rd Floor, 700016, Kolkata	India
S2-201326	Distractor ICICI Securities Store	45-B, Anna Salai, Mount Rd, Tamil Nadu, Chennai, 600002	India
S2-201327	Distractor Olympic Mountain Sports Store	33131, FL, 701 Brickell Avenue, Ste 1700, Miami	US
S2-201328	Distractor Hindustan Unilever Store	Shop 8, New Market Area, Bhopal, Madhya Pradesh	India
S2-201329	Distractor Nexus Cloud Technologies Store	500 West Madison St, Chicago, 60661	US
S2-201330	Distractor Gupta Book Depot Store	Chowk Bazaar, Nr Ghanta Ghar, Surat, Gujarat, 395003	India
S2-201331	Distractor Swastik Auto Spares Store	G-10, Ground Floor, Banjara Hills Rd No 12, Hyderabad, Telangana, 560034	India
S2-201332	Distractor Frontier Energy Systems Store	500 West Madison St - Chicago - IL - 60661	US
S2-201333	Distractor Venkateshwara Hardware Store	Chowk Bazaar, Nr Ghanta Ghar, Surat, Gujarat, 395003	India
S2-201334	Distractor Delta Healthcare Partners Store	350 Fifth Avenue, 54th Fl, New York, 10118	US
S2-201335	Distractor Evergreen Valley Dental Store	500 West Madison Streetreet, Chicago	US
S2-201336	Distractor Pacific Coast BioLabs Store	500 West Madison St, Chicago, 60661	US
S2-201337	Distractor Golden Gate Capital Store	500 West Madison St, Chicago	US
S2-201338	Distractor Apollo Hospitals Store	12/A, Nariman Point, Express Towers, Mumbai, 400021	India
S2-201339	Distractor Quantum Leap Robotics Store	500 West Madison Street, Chicago, 60661	US
S2-201340	Distractor Mahindra & Mahindra Store	22, Park St, 3rd Fl, 700016, Kolkata	India
S2-201341	Distractor Pacific Coast BioLabs Store	30305, GA, 2500 Peachtree Road NW	US
S2-201342	Distractor Tata Consultancy Services Store	500033 - Door No 8-2-293, Jubilee Hills - Hyderabad	India
S2-201343	Distractor Frontier Energy Systems Store	2000 Ave of the Stars, Los Angeles, CA	US
S2-201344	Distractor Dabur India Store	G-10, Ground Floor, Banjara Hills Road No 12, Hyderabad, Telangana	India
S2-201345	Distractor Frontier Energy Systems Store	100 Federal Streetreet, 28th Floor, Boston, MA	US
S2-201346	Distractor Sharma Sweet House Store	G-10, Ground Flooroor, Banjara Hills Road No 12, Telangana, Hyderabad	India
S2-201347	Distractor Redwood Wealth Management Store	701 Brickell Ave, Suite 1700 - Miami - FL - 33131	US
S2-201348	Distractor Sri Laxmi Textiles Store	Shop 8, New Market Area, Madhya Pradesh	India
S2-201349	Distractor Beacon Financial Group Store	1200 Smith Street, Ste 2200 - Houston - 77002	US
S2-201350	Distractor State Bank of India Store	Nr SBI ATM, Gali No 4, Karol Bagh	India
S2-201351	Distractor Redwood Wealth Management Store	FL - 33131 - 701 Brickell Avenue, Suite 1700	US
S2-201352	Distractor State Bank of India Store	NH-8, Nr Toll Plaza, Udyog Vihar Phase 4 - Gurugram - 122015	India
S2-201353	Distractor Frontier Energy Systems Store	2000 Ave of the Stars - Los Angeles - CA - 90067	US
S2-201354	Distractor Krishna Medical Store	700016, Kolkata, 22, Park St, 3rd Fl, West Bengal	India
S2-201355	Distractor Radha Raman Handlooms Store	Near SBI ATM, Gali No 4, Karol Bagh, New Delhi	India
S2-201356	Distractor Horizon Media Group Store	2500 Peachtree Road NW, Atlanta, 30305	US
S2-201357	Distractor Redwood Wealth Management Store	100 Federal St, 28th Fl, Boston	US
S2-201358	Distractor Radha Raman Handlooms Store	G-10, Ground Fl, Banjara Hills Road No 12, Hyderabad, Telangana, 560034	India
S2-201359	Distractor Venkateshwara Hardware Store	Plot 42, Electronic City Ph 1, Bengaluru, Karnataka	India
S2-201360	Distractor Sun Pharmaceutical Store	Mumbai, 12/A, Nariman Point, Express Towers, 400021, Maharashtra	India
S2-201361	Distractor Keystone Property Management Store	100 Federal St, 28th Floor - Boston - MA - 02110	US
S2-201362	Distractor Apex Global Logistics Store	500 West Madison St, IL, 60661	US
S2-201363	Distractor Titan Company Store	G-10, Ground Floor, Banjara Hills Rd No 12, Hyderabad, 560034	India
S2-201364	Distractor Olympic Mountain Sports Store	111 Congress Avenuenue, Ste 400, Austin, TX	US
S2-201365	Distractor Dabur India Store	Plot 42, Electronic City Phasease 1, Bengaluru, Karnataka, 560100	India
S2-201366	Distractor Shree Balaji Udyog Store	NH-8, Nr Toll Plaza, Udyog Vihar Ph 4, Gurugram, 122015	India
S2-201367	Distractor Juniper Ridge Construction Store	Houston, TX, 1200 Smith Street, Ste 2200, 77002	US
S2-201368	Distractor Liberty Auto Body Store	New York, 350 Fifth Ave, 54th Fl, NY	US
S2-201369	Distractor Nexus Cloud Technologies Store	100 Montgomery St, Ste 1500, San Francisco, CA	US
S2-201370	Distractor Apex Diagnostic Centre Store	Door No 8-2-293, Jubilee Hills, Hyderabad, Telangana	India
S2-201371	Distractor Liberty Auto Body Store	100 Montgomery St, Ste 1500 - San Francisco - 94104	US
S2-201372	Distractor Kailash Parbat Pure Veg Store	Door No 8-2-293, Jubilee Hills, Hyderabad, Telangana, 500033	India
S2-201373	Distractor Kailash Parbat Pure Veg Store	Nr SBI ATM, Gali No 4, Karol Bagh, New Delhi	India
S2-201374	Distractor Evergreen Valley Dental Store	111 Congress Avenue, Ste 400, Austin, 78701	US
S2-201375	Distractor Radha Raman Handlooms Store	NH-8, Near Toll Plaza, Udyog Vihar Ph 4 - Gurugram - Haryana	India
S2-201376	Distractor Bharti Airtel Store	Shop 8, New Market Area, Bhopal, 462001	India
S2-201377	Distractor Horizon Media Group Store	100 Montgomery St, Suite 1500, San Francisco	US
S2-201378	Distractor Cascade Software Labs Store	Houston, TX, 1200 Smith St, Ste 2200	US
S2-201379	Distractor Golden Gate Capital Store	TX, 111 Congress Avenuenue, Ste 400, 78701	US
S2-201380	Distractor Tata Consultancy Services Store	Plot 42, Electronic City Ph 1, Bengaluru, 560100	India
S2-201381	Distractor Patel Brothers Provision Store	Door No 8-2-293, Jubilee Hills, 500033	India
S2-201382	Distractor Olympic Mountain Sports Store	1301 Second Avenuenue, Suite 3000, Seattle, WA	US
S2-201383	Distractor Kailash Parbat Pure Veg Store	NH-8, Nr Toll Plaza, Udyog Vihar Phase 4, Haryana, 122015	India
S2-201384	Distractor Magnolia Bakery and Cafe Store	100 Federal Street, 28th Fl - Boston - MA - 02110	US
S2-201385	Distractor Swastik Auto Spares Store	560100, Karnataka, Bengaluru, Plot 42, Electronic City Phasease 1	India
S2-201386	Distractor Juniper Ridge Construction Store	111 Congress Ave, Suite 400	US
S2-201387	Distractor Beacon Financial Group Store	111 Congress Ave, Suite 400, Austin, TX, 78701	US
S2-201388	Distractor Maruti Suzuki Store	Door No 8-2-293, Jubilee Hills - Hyderabad - Telangana - 500033	India
S2-201389	Distractor Evergreen Valley Dental Store	701 Brickell Ave, Suite 1700, Miami	US
S2-201390	Distractor Delta Healthcare Partners Store	2000 Avenue of the Stars, Los Angeles, CA, 90067	US
S2-201391	Distractor Dabur India Store	104, Civil Lines, Nr Bus Stand, Jaipur, 302006	India
S2-201392	Distractor Reliance Retail Store	12/A, Nariman Point, Express Towers, Mumbai, Maharashtra	India
S2-201393	Distractor Sharma Sweet House Store	NH-8, Near Toll Plaza, Udyog Vihar Phasease 4 - Gurugram - Haryana - 122015	India
S2-201394	Distractor Sharma Sweet House Store	560100, Plot 42, Electronic City Phasease 1, Bengaluru	India
S2-201395	Distractor Delta Healthcare Partners Store	500 West Madison St, Chicago, 60661	US
S2-201396	Distractor Magnolia Bakery and Cafe Store	701 Brickell Avenuenue, Ste 1700	US
S2-201397	Distractor Juniper Ridge Construction Store	1301 Second Ave, Suite 3000, WA	US
S2-201398	Distractor Bajaj Auto Store	Behind Nexus Mall, Koramangala 5th Block, Bengaluru, Karnataka, 560095	India
