source1_entity_id	candidate_entity_ids
S1-101500	S2-201399,S3-301289,S3-302078,S2-202247,S2-201809,S2-201908,S2-201790,S2-202226,S2-201618,S2-201483,S2-201567,S2-202000,S2-201604,S2-202021,S3-301754,S3-301436,S3-301465,S3-301649,S3-301359,S3-301838,S3-301344,S3-301860,S3-301478,S3-301891,S3-302161,S2-202523,S2-202391,S3-302220,S3-302352
S1-101501	S2-201400,S3-301794,S2-201742,S2-202024,S2-201728,S2-202171,S2-201777,S2-201807,S2-201824,S2-202279,S2-201584,S2-202008,S3-301679,S3-301664,S3-302108,S3-301994,S3-301589,S3-301847,S3-301712,S3-301604,S3-301636,S3-301863,S2-202342,S2-202557,S2-202504,S3-302386,S3-302333,S3-302171,S3-301452,S2-201859
S1-101502	S3-301290,S2-201401,S2-201740,S3-301467,S3-301709,S2-201856,S2-202303,S2-201568,S2-201965,S2-201852,S2-201573,S2-201811,S2-201833,S2-201601,S2-201944,S2-201442,S2-202288,S2-202194,S2-201854,S2-201890,S2-201674,S2-202202,S2-201781,S2-201574,S3-301706,S3-301704,S3-302028,S3-301788,S3-302017,S3-301536,S3-302130,S3-301806,S3-302115,S3-301441,S3-301666
S1-101503	S2-201402,S3-301291,S2-201932,S3-301777,S2-201514,S2-201889,S2-202175,S2-202302,S2-202278,S2-201595,S2-201715,S2-202281,S2-201733,S2-202152,S2-201976,S2-201744,S3-301296,S3-301996,S3-301390,S3-302107,S3-301593,S3-301684,S3-302129,S3-301898,S3-301703,S3-301402,S3-301644,S3-302109,S3-301870,S3-301601,S2-201851,S2-201528,S2-202358,S2-202517,S2-202533
S1-101504	S2-201403,S3-301724,S2-201918,S2-201676,S2-201440,S2-201826,S2-202254,S2-201429,S2-202085,S3-301764,S3-301498,S3-301539,S3-301680,S3-301496,S3-301510,S3-301421,S3-301347,S3-302083,S3-301708,S2-201465,S2-201644,S2-201709,S3-301319,S3-302025,S2-201553,S2-202414,S2-202345,S2-202207,S2-202564,S3-302393,S3-302174,S3-302243,S2-202447,S2-202350,S2-201532
S1-101505	S2-201404,S3-301292,S2-201747,S2-201546,S2-201862,S2-201647,S2-201427,S2-202046,S2-201900,S2-202106,S2-201924,S2-202320,S3-301769,S3-301608,S3-301512,S3-301455,S3-301841,S3-301415,S3-301715,S3-301313,S3-302146,S3-301747,S3-301881,S3-301935
S1-101506	S3-301293,S3-301602,S3-301377,S2-202165,S2-202076,S2-201837,S2-202011,S2-201717,S2-201723,S2-201550,S2-202267,S2-201750,S2-202266,S2-202235,S2-201983,S2-201999,S2-202242,S2-201654,S2-202136,S2-201729,S3-301542,S3-301582,S3-301844,S3-302073,S3-301837,S3-301689,S3-301519,S3-301346,S3-301547,S3-302095,S3-301726,S3-301987,S3-302149,S3-302096,S3-301959
S1-101507	S3-301294,S2-201590,S2-201571,S2-201570,S2-201765,S2-201493,S2-201761,S3-301369,S3-301626,S3-301625,S3-301623,S3-302056,S2-202227,S2-202480,S2-202567,S3-302309,S3-302396,S3-301509,S2-201643,S2-201904,S2-201950,S2-201850,S2-202135,S2-202312,S2-202042,S2-201768,S2-201576,S2-202269,S2-201678,S3-301540,S3-301993,S3-301793,S3-301702,S3-301628,S3-301442
S1-101508	S2-201405,S3-301295,S3-301546,S2-201655,S2-202128,S2-201725,S3-301521,S3-302045,S3-302049,S3-301401,S2-202399,S2-202217,S2-201527,S2-201684,S3-302228,S3-301586,S3-301832
S1-101509	S3-301296,S2-201733,S3-301593,S2-202152,S3-301684,S2-201514,S2-201889,S2-202175,S2-202302,S2-202278,S2-201595,S2-201715,S2-202281,S2-201932,S2-201976,S2-201402,S2-201744,S3-301996,S3-301390,S3-302107,S3-301594,S3-301777,S3-302129,S3-301898,S3-301703,S3-301402,S3-301644,S3-302109,S3-301291,S3-301870,S3-301601,S2-201851,S2-201528,S2-202358,S2-202517
S1-101510	S2-201406,S2-202310,S2-202177,S3-302134,S3-301301,S3-301998,S2-201786,S2-201411,S2-201985,S3-301744,S3-301500,S2-202014,S2-201638,S2-201635,S3-301852,S3-301504,S2-202457,S2-202406,S3-302235,S3-302286,S3-301824
S1-101511	S2-201407,S3-301297,S2-202163,S2-202218,S2-201933,S2-201540,S2-201441,S3-301779,S3-301957,S3-301985,S2-202306,S2-202143,S2-201580,S2-202314,S2-202111,S2-201789,S2-201416,S2-202070,S2-202104,S2-201898,S2-201445,S2-202332,S2-201975,S2-201922,S2-202054,S3-301326,S3-301815,S3-301907,S3-302141,S3-301940,S3-301306,S3-301458,S3-301447,S3-301767,S2-202385
S1-101512	S2-201408,S2-201943,S3-301787,S3-301756,S2-201910,S2-201858,S2-201677,S2-202059,S2-202108,S3-301921,S3-301643,S3-301711,S3-301937,S2-202084,S2-201467,S2-201516,S2-201649,S2-201760,S2-202161,S3-301894,S3-301315,S3-301619,S2-201782,S3-302135,S2-201432,S2-202343,S2-202364,S2-202428,S2-202396,S2-202433,S3-302193,S3-302262,S3-302257,S3-302225,S3-302172
S1-101513	S3-301298,S2-202327,S2-202124,S2-202274,S2-202146,S2-202116,S2-202120,S2-202114,S3-301968,S3-302102,S3-301944,S3-301949,S3-301360,S3-302154,S3-301581,S3-301882,S3-301943,S2-202543,S2-202351,S3-302180,S3-302372,S2-201716,S3-301877,S2-202190,S2-201808,S2-201822,S2-202348,S2-202347,S2-201734,S2-201665,S2-202483,S2-201951,S2-202293,S2-202248,S2-202407
S1-101514	S3-301299,S2-201409,S2-202057,S2-202036,S3-301818,S2-202230,S2-201980,S2-202270,S2-202112,S2-201670,S2-201478,S3-302113,S3-302065,S3-302059,S3-301494,S3-301892,S3-301355,S2-202285,S2-202236,S2-202144,S2-202401,S3-302230
S1-101515	S2-201410,S3-301300,S2-201672,S3-301534,S2-201869,S2-201849,S2-202290,S2-201481,S2-201536,S2-201977,S2-201913,S2-202052,S3-301701,S3-301887,S3-301707,S3-301548,S3-301721,S3-301758,S3-302117,S2-202473,S2-201686,S2-202340,S2-202427,S3-302256,S3-302302,S3-302169
S1-101516	S3-301301,S2-202310,S2-202177,S2-201406,S3-302134,S2-201411,S3-301998,S2-201786,S2-201985,S3-301744,S3-301500,S2-202014,S2-201638,S2-201635,S3-301852,S3-301504,S2-202457,S2-202406,S3-302235,S3-302286,S3-301824
S1-101517	S2-201754,S3-301459,S3-301302,S2-201774,S2-202291,S2-201938,S2-201847,S2-201597,S2-201560,S2-202377,S2-201784,S2-202478,S2-202034,S2-202187,S2-202214,S2-201726,S2-201600,S2-201972,S2-201489,S2-202167,S2-202548,S2-201708,S2-201801,S3-301989,S3-301634,S3-301413,S3-302377,S3-301575,S3-301871,S3-301587,S3-301463,S3-301645,S3-301434,S3-301570,S3-301698
S1-101518	S3-301303,S2-201412,S2-201956,S2-201471,S2-201433,S2-201662,S2-202145,S2-201616,S2-201490,S2-201842,S2-202061,S2-201626,S3-301700,S3-301799,S3-302032,S3-301967,S3-301896,S3-301367,S3-301742,S3-301486,S3-301476
S1-101519	S2-201413,S2-201453,S2-202139,S3-301964,S3-301335,S2-202304,S2-201903,S2-201905,S2-202133,S2-201698,S2-201815,S2-201473,S2-202294,S2-201894,S2-201681,S2-202308,S2-202117,S2-201541,S2-201945,S2-201455,S2-201650,S3-301956,S3-301751,S3-301336,S3-301749,S3-302132,S3-302052,S3-301543,S3-301592,S3-301561,S3-301409,S3-301444,S3-301789,S3-301514,S3-301451
S1-101520	S3-301304,S3-301986,S2-202164,S2-201689,S2-201764,S2-201998,S2-202216,S2-201501,S2-202086,S2-201762,S2-201987,S2-202007,S2-201973,S3-301624,S3-301826,S3-301846,S3-301379,S3-301922,S3-301738,S3-301836,S3-302044,S3-301551,S3-301920,S3-301813,S2-201888,S2-202370,S2-202484,S2-202546,S2-202432,S3-302199,S3-302313,S3-302375,S3-302261,S2-201575,S2-201523
S1-101521	S2-201414,S2-201583,S2-202200,S2-201769,S2-201693,S2-201627,S2-202004,S3-301487,S3-301843,S3-301554,S3-302070,S3-301629,S2-202575,S3-302404,S2-202329,S2-201949,S2-202315,S2-202071,S2-202246,S2-202206,S2-201989,S2-201683,S2-201872,S2-202083,S3-301909,S3-301792,S3-301828,S3-301854,S3-301545,S3-301723,S3-302034,S3-302142
S1-101522	S3-301305,S2-201730,S2-201619,S3-301479,S3-301523,S2-201415,S2-201656,S2-201502,S2-201778,S3-301590,S3-301638,S2-201591,S2-201720,S2-201513,S2-201727,S2-201486,S2-202215,S2-201462,S2-202232,S2-201572,S2-201691,S2-201906,S3-301975,S3-302043,S3-301752,S3-302062,S3-301588,S3-301620,S3-301457,S3-301389,S3-302159,S2-202151,S3-301834,S3-301363,S2-202465
S1-101523	S2-201416,S3-301306,S2-202306,S2-202143,S2-201580,S2-202314,S2-202111,S2-201789,S2-202070,S2-201540,S2-202104,S2-202163,S2-201898,S2-201445,S2-202332,S2-201975,S2-202218,S2-201407,S2-201922,S2-201441,S2-202054,S2-201933,S3-301326,S3-301297,S3-301815,S3-301779,S3-301907,S3-301957,S3-302141,S3-301940,S3-301458,S3-301447,S3-301985,S3-301767,S2-202385
S1-101524	S3-301700,S2-201956,S2-201471,S2-201412,S2-201433,S2-201662,S2-202145,S2-201616,S2-201490,S2-201842,S2-202061,S2-201626,S3-301799,S3-302032,S3-301967,S3-301896,S3-301367,S3-301742,S3-301486,S3-301303,S3-301476,S2-202531,S2-202532,S3-302360,S3-302361
S1-101525	S2-201417,S2-201874,S2-202102,S2-201735,S3-301725,S3-301933,S3-301597,S2-202156,S2-201953,S2-201873,S2-201997,S2-202064,S2-202262,S2-202109,S2-201535,S3-301797,S3-301835,S3-302024,S3-302090,S3-301938,S2-202378,S2-202394,S2-202352,S2-202443,S2-202371,S3-302200,S3-302181,S3-302207,S3-302272,S3-302223,S2-202199
S1-101526	S2-201418,S2-201459,S2-201719,S3-301341,S2-201700,S3-301563,S2-202213,S2-202095,S2-202201,S2-201628,S2-201688,S2-202173,S2-201875,S2-202233,S2-201841,S2-201646,S2-201438,S2-202001,S2-202179,S2-201464,S2-201692,S2-202309,S2-201582,S2-201439,S2-201634,S2-201657,S3-301318,S3-301693,S3-302016,S3-301553,S3-301802,S3-302133,S3-302063,S3-301928,S3-302000
S1-101527	S3-301307,S2-201419,S2-201923,S2-201961,S2-201929,S2-202048,S2-202066,S2-201921,S2-201935,S2-202115,S2-201974,S2-202209,S2-201549,S2-202211,S3-302037,S3-301901,S3-301774,S3-301417,S3-301814,S3-302072,S3-301371,S3-301803,S3-301420,S3-301781,S3-302039,S2-201494,S2-202241,S2-201810,S2-201551,S2-201920,S2-201636,S2-201743,S2-202238,S2-202033,S2-201503
S1-101528	S2-201420,S3-301662,S2-201776,S2-201805,S3-301635,S2-201569,S2-202169,S2-201539,S2-201931,S2-201605,S2-202073,S2-202122,S2-202228,S2-202147,S2-201870,S2-201696,S2-201525,S2-201911,S2-202325,S2-201912,S2-201705,S2-202319,S3-301911,S3-302057,S3-301558,S3-301991,S3-302145,S3-301466,S3-302152,S3-301776,S3-301439,S3-301969,S3-301571,S3-301947,S3-301308
S1-101529	S2-201421,S3-301309,S3-302144,S2-202017,S2-201899,S2-201879,S2-202050,S2-202221,S2-201521,S2-201897,S2-201868,S2-202323,S3-301746,S3-302050,S3-302150,S3-301396,S2-202337,S2-202460,S2-202569,S2-202536,S3-302365,S3-302166,S3-302289,S3-302398,S2-201423,S2-202542,S2-201845,S2-201724,S2-202047,S2-202321,S2-202220,S2-202573,S2-201669,S2-201704,S2-202553
S1-101530	S2-201422,S2-202096,S3-301890,S2-202056,S2-201792,S2-202277,S2-201511,S2-201892,S2-202113,S2-202208,S2-202272,S2-202258,S2-202275,S2-201703,S2-201763,S2-201611,S2-202075,S3-302104,S3-302100,S3-301651,S3-301311,S3-301567,S3-301913,S3-302086,S3-302106,S3-301981,S3-301941,S3-301387,S3-302036,S2-202253,S2-202549,S2-202562,S2-202417,S2-202561,S2-202403
S1-101531	S3-301310,S2-201423,S2-202047,S2-202321,S2-201947,S2-201756,S3-301616,S3-301778,S3-302103,S3-302147,S3-301569,S2-202542,S2-201704,S2-202437,S2-202119,S3-302371,S3-302266,S2-201724,S3-301900,S2-202017,S2-201899,S2-201845,S2-201879,S2-202220,S2-202573,S2-201669,S2-202050,S2-202553,S2-201598,S2-202221,S2-202100,S2-202178,S2-202155,S2-201521,S2-201897
S1-101532	S2-201424,S2-201575,S2-201523,S2-201978,S2-202301,S2-201880,S3-301398,S3-301973,S3-302079,S3-301899,S3-301905,S3-301730,S3-302128,S3-301816,S2-202436,S2-202400,S2-202558,S2-202552,S3-302387,S3-302229,S3-302381,S3-302265,S2-201689,S2-201764,S2-201998,S2-202164,S2-202216,S2-201501,S2-202086,S2-201762,S2-201987,S2-202007,S2-201973,S3-301624,S3-301826
S1-101533	S3-301311,S2-201792,S2-202277,S2-201511,S2-202096,S2-201892,S2-202113,S2-202208,S2-202272,S2-202258,S2-202275,S2-201703,S2-201763,S2-201611,S2-201425,S2-202056,S2-201422,S2-202075,S3-302104,S3-302100,S3-301651,S3-301438,S3-301890,S3-301567,S3-301913,S3-302086,S3-302106,S3-301981,S3-301941,S3-301387,S3-302036,S2-202253,S2-202549,S2-202562,S2-202417
S1-101534	S2-201426,S3-301312,S3-301918,S2-202080,S2-201532,S2-202153,S2-202127,S2-202025,S2-201819,S2-201496,S2-202283,S2-201775,S2-202231,S2-202142,S2-201682,S2-201456,S2-202065,S2-202210,S3-301404,S3-302038,S3-301674,S3-302125,S3-301646,S3-301337,S3-302060,S3-301748,S3-301897,S3-301864,S3-301544,S3-302008,S3-301952,S3-302111,S3-301373,S2-201902,S3-301976
S1-101535	S3-301313,S2-201427,S3-301512,S2-201647,S2-201747,S2-201404,S2-201546,S2-201862,S2-202046,S2-201900,S2-202106,S2-201924,S2-202320,S3-301769,S3-301608,S3-301455,S3-301292,S3-301841,S3-301415,S3-301715,S3-302146,S3-301747,S3-301881,S3-301935
S1-101536	S2-201428,S3-301314,S2-201651,S3-301516,S2-201463,S2-201783,S2-201497,S2-202018,S2-202219,S2-201602,S2-201614,S2-201558,S3-301856,S3-301374,S3-301883,S3-301560,S3-301474,S3-302046,S3-301917,S3-301345,S2-202405,S2-202338,S2-202339,S3-302167,S3-302168,S3-302234
S1-101537	S2-201429,S2-201918,S2-201676,S2-201440,S2-201403,S2-201826,S2-202254,S2-202085,S3-301724,S3-301764,S3-301498,S3-301539,S3-301680,S3-301496,S3-301510,S3-301421,S3-301347,S3-302083,S3-301708,S2-201465,S2-201644,S2-201709,S3-301319,S3-302025,S2-201553,S2-202414,S2-202345,S2-202207,S2-202564,S3-302393,S3-302174,S3-302243,S2-202447,S2-202350,S2-201532
S1-101538	S2-201430,S2-201477,S2-202132,S2-201772,S2-202140,S2-201520,S2-202159,S2-201469,S2-202240,S2-201617,S2-201818,S2-201827,S2-201431,S2-202259,S2-201836,S2-202330,S2-201814,S2-201952,S2-201610,S2-202181,S3-301354,S3-301980,S3-301731,S3-301670,S3-301902,S3-301522,S3-301855,S3-301681,S3-302003,S3-301673,S3-301955,S3-302157,S3-301796,S3-301965,S3-301350
S1-101539	S2-201431,S3-301632,S2-201772,S2-201477,S2-202132,S2-202140,S2-201520,S2-202159,S2-201469,S2-202240,S2-201617,S2-201818,S2-201827,S2-202259,S2-201836,S2-202330,S2-201430,S2-201814,S2-201952,S2-201610,S2-202181,S3-301354,S3-301980,S3-301731,S3-301670,S3-301902,S3-301522,S3-301855,S3-301681,S3-302003,S3-301673,S3-301955,S3-302157,S3-301796,S3-301965
S1-101540	S3-301315,S2-201516,S2-201432,S3-301643,S2-201858,S2-201408,S2-202084,S2-201677,S2-201467,S2-201649,S2-202059,S2-202108,S2-201760,S2-201943,S2-202161,S2-201910,S3-301921,S3-301894,S3-301787,S3-301756,S3-301619,S3-301711,S3-301937,S2-201782,S3-302135,S2-202343,S2-202364,S2-202428,S2-202396,S2-202433,S3-302193,S3-302262,S3-302257,S3-302225,S3-302172
S1-101541	S2-201433,S3-301476,S2-201616,S2-201956,S2-201471,S2-201412,S2-201662,S2-202145,S2-201490,S2-201842,S2-202061,S2-201626,S3-301700,S3-301799,S3-302032,S3-301967,S3-301896,S3-301367,S3-301742,S3-301486,S3-301303,S2-202531,S2-202532,S3-302360,S3-302361
S1-101542	S3-301316,S2-201434,S2-201492,S2-201718,S2-202141,S2-202245,S2-201812,S2-202250,S2-201679,S2-202063,S2-202282,S2-201823,S2-202166,S2-202055,S2-202318,S2-201450,S2-201630,S2-202110,S2-201517,S2-201468,S2-201893,S2-201806,S2-201780,S3-301988,S3-301663,S3-302110,S3-301889,S3-301491,S3-301741,S3-301349,S3-301583,S3-301939,S3-301541,S3-301667,S3-301483
S1-101543	S3-301317,S2-201435,S2-201835,S3-301565,S2-201664,S2-201552,S2-201838,S2-202123,S2-201659,S2-201970,S2-201530,S2-201508,S2-201930,S2-202107,S2-202197,S2-201846,S2-201466,S2-201607,S3-301469,S3-301348,S3-301948,S3-301875,S3-301811,S3-301697,S3-301910,S3-301526,S3-301775,S3-302022,S3-301690,S3-301936,S2-202072,S2-202376,S2-202513,S2-202512,S2-202039
S1-101544	S2-201436,S2-201660,S2-201452,S2-201915,S2-202286,S2-201882,S2-202028,S2-202149,S2-201787,S2-201960,S2-202174,S2-202264,S2-202313,S2-202268,S2-202126,S2-201803,S3-301661,S3-301760,S3-302088,S3-301435,S3-302092,S3-301971,S3-301648,S3-301333,S3-301732,S3-301527,S3-301995,S3-302140,S3-301951,S3-302098,S3-301867,S2-202556,S2-202374,S3-302385,S3-302203
S1-101545	S2-201437,S2-201940,S2-201843,S2-201946,S2-201444,S2-202182,S2-201615,S3-301695,S3-301972,S3-301357,S3-301475,S3-301790,S3-301503,S3-301770,S3-301414,S3-301840,S3-301528,S3-302004,S3-301324,S3-302047,S2-201661,S2-202382,S2-202383,S2-201480,S2-202421,S2-202451,S2-202448,S2-202519,S2-202499,S2-202540,S2-202450,S2-202002,S2-202566,S2-202357,S3-302369
S1-101546	S2-201438,S3-302016,S2-202213,S2-202095,S2-202201,S2-201628,S2-201688,S2-202173,S2-201875,S2-202233,S2-201841,S2-201646,S2-201459,S2-202001,S2-202179,S2-201719,S2-201464,S2-201692,S2-201418,S2-202309,S2-201582,S2-201700,S2-201439,S2-201634,S2-201657,S3-301318,S3-301693,S3-301553,S3-301802,S3-302133,S3-302063,S3-301928,S3-302000,S3-301821,S3-301341
S1-101547	S3-301318,S2-201439,S2-202213,S2-202095,S2-202201,S2-201628,S2-201688,S2-202173,S2-201875,S2-202233,S2-201841,S2-201646,S2-201459,S2-201438,S2-202001,S2-202179,S2-201719,S2-201464,S2-201692,S2-201418,S2-202309,S2-201582,S2-201700,S2-201634,S2-201657,S3-301693,S3-302016,S3-301553,S3-301802,S3-302133,S3-302063,S3-301928,S3-302000,S3-301821,S3-301341
S1-101548	S2-201440,S3-301319,S3-302083,S3-301708,S2-202254,S2-201918,S2-201676,S2-201403,S2-201826,S2-201429,S2-202085,S3-301724,S3-301764,S3-301498,S3-301539,S3-301680,S3-301496,S3-301510,S3-301421,S3-301347,S2-201465,S2-201644,S2-201709,S3-302025,S2-201553,S2-202414,S2-202345,S2-202207,S2-202564,S3-302393,S3-302174,S3-302243,S2-202447,S2-202350,S2-201532
S1-101549	S2-202163,S2-202218,S2-201407,S2-201933,S3-301297,S2-201441,S2-201540,S3-301779,S3-301957,S3-301985,S2-202306,S2-202143,S2-201580,S2-202314,S2-202111,S2-201789,S2-201416,S2-202070,S2-202104,S2-201898,S2-201445,S2-202332,S2-201975,S2-201922,S2-202054,S3-301326,S3-301815,S3-301907,S3-302141,S3-301940,S3-301306,S3-301458,S3-301447,S3-301767,S3-301320
S1-101550	S2-201442,S3-301321,S3-302028,S2-202202,S2-202303,S2-201740,S2-201568,S2-201965,S2-201852,S2-201573,S2-201811,S2-201856,S2-201401,S2-201833,S2-201601,S2-201944,S2-202288,S2-202194,S2-201854,S2-201890,S2-201674,S2-201781,S2-201574,S3-301706,S3-301704,S3-301788,S3-302017,S3-301536,S3-302130,S3-301806,S3-302115,S3-301441,S3-301666,S3-301467,S3-301437
S1-101551	S2-201443,S3-301322,S2-202137,S2-201555,S2-201758,S2-201565,S2-202176,S2-201449,S2-202160,S2-202045,S2-201804,S2-202203,S2-202324,S2-201667,S2-201579,S2-201839,S2-202249,S3-301691,S3-301370,S3-301997,S3-301617,S3-301423,S3-301446,S3-301960,S3-301880,S3-301411,S3-301331,S3-301982,S3-301433,S2-201543,S2-202431,S2-202501,S3-302260,S3-302330
S1-101552	S2-202317,S2-201537,S2-201941,S2-201829,S2-201925,S2-201488,S2-201942,S2-202326,S2-201816,S2-202044,S2-201996,S2-201968,S2-201909,S2-202077,S2-201690,S2-201711,S3-301577,S3-301407,S3-301672,S3-301809,S3-302153,S3-301682,S3-301408,S3-301771,S3-301755,S3-301786,S3-301963,S3-301552,S3-301431,S3-301914,S3-302006,S3-301364,S3-301833,S3-301323,S2-202429
S1-101553	S2-201444,S3-301324,S2-201843,S2-201946,S2-202182,S2-201940,S2-201437,S2-201615,S3-301695,S3-301972,S3-301357,S3-301475,S3-301790,S3-301503,S3-301770,S3-301414,S3-301840,S3-301528,S3-302004,S3-302047,S2-201661,S2-202382,S2-202383,S2-201480,S2-202421,S2-202451,S2-202448,S2-202519,S2-202499,S2-202540,S2-202450,S2-202002,S2-202566,S2-202357,S3-302369
S1-101554	S3-301325,S2-202125,S2-201613,S3-301950,S2-201864,S3-301717,S3-301473,S3-301942,S2-201871,S2-201926,S2-201594,S2-202088,S2-202284,S2-201896,S2-201625,S2-201857,S2-202305,S2-201919,S2-201936,S2-202224,S2-201458,S2-201878,S3-301499,S3-301460,S3-301485,S3-302077,S3-301782,S3-301340,S3-302054,S3-301772,S3-301406,S3-301722,S3-301418,S2-202461,S2-202514
S1-101555	S3-301711,S2-201858,S2-201432,S2-201408,S2-201782,S2-202084,S2-201677,S2-201467,S2-201516,S2-201649,S2-202059,S2-202108,S2-201760,S2-201943,S2-202161,S2-201910,S3-301921,S3-301894,S3-301787,S3-301315,S3-301756,S3-302135,S3-301643,S3-301619,S3-301937,S2-202343,S2-202364,S2-202428,S2-202396,S2-202433,S3-302193,S3-302262,S3-302257,S3-302225,S3-302172
S1-101556	S2-201445,S3-301326,S2-201922,S3-301458,S2-202104,S3-301767,S2-202306,S2-202143,S2-201580,S2-202314,S2-202111,S2-201789,S2-201416,S2-202070,S2-201540,S2-202163,S2-201898,S2-202332,S2-201975,S2-202218,S2-201407,S2-201441,S2-202054,S2-201933,S3-301297,S3-301815,S3-301779,S3-301907,S3-301957,S3-302141,S3-301940,S3-301306,S3-301447,S3-301985,S2-202385
S1-101557	S3-301327,S3-302133,S2-202213,S2-202095,S2-202201,S2-201628,S2-201688,S2-202173,S2-201875,S2-202233,S2-201841,S2-201646,S2-201459,S2-201438,S2-202001,S2-202179,S2-201719,S2-201464,S2-201692,S2-201418,S2-202309,S2-201582,S2-201700,S2-201439,S2-201634,S2-201657,S3-301318,S3-301693,S3-302016,S3-301553,S3-301802,S3-302063,S3-301928,S3-302000,S3-301821
S1-101558	S3-301328,S2-201446,S2-201668,S2-201562,S2-202205,S2-201712,S2-201504,S2-201901,S2-201995,S2-201652,S2-201860,S2-202026,S2-201832,S3-301430,S3-301865,S3-301517,S3-301381,S3-301600,S3-301686,S3-301713,S3-302031,S2-202522,S2-202425,S2-202505,S3-302334,S3-302351,S3-302254
S1-101559	S3-301329,S2-201447,S2-201865,S2-202204,S3-301640,S3-302030,S2-201986,S2-201554,S2-201916,S2-201867,S2-202138,S2-201990,S2-202090,S2-201474,S2-201475,S2-202191,S2-201771,S3-301825,S3-302156,S3-301720,S3-302014,S3-301422,S3-301353,S3-301925,S3-301631,S3-301352,S3-301380,S3-301962,S2-202217,S2-201527,S2-201684,S3-301586,S3-301546
S1-101560	S2-201448,S2-201731,S2-201586,S2-202068,S2-202193,S2-202058,S2-201538,S2-201895,S2-201673,S2-201561,S3-301977,S3-301454,S3-301842,S3-301568,S3-301893,S3-301428,S3-301535,S3-301743,S3-301903,S2-202154,S2-202280,S3-301330,S2-202411,S2-202412,S2-202435,S3-302241,S3-302240,S3-302264
S1-101561	S2-201449,S3-301331,S2-202249,S2-202137,S2-201555,S2-201758,S2-201565,S2-202176,S2-202160,S2-202045,S2-201804,S2-202203,S2-202324,S2-201667,S2-201579,S2-201839,S2-201443,S3-301691,S3-301370,S3-301997,S3-301617,S3-301423,S3-301446,S3-301960,S3-301880,S3-301411,S3-301982,S3-301433,S2-201543,S3-301322,S2-202431,S2-202501,S3-302260,S3-302330
S1-101562	S2-201450,S2-202166,S2-202318,S3-301988,S2-201718,S2-201434,S2-202141,S2-202245,S2-201812,S2-202250,S2-201679,S2-202063,S2-202282,S2-201492,S2-201823,S2-202055,S2-201630,S2-202110,S2-201517,S2-201468,S2-201893,S2-201806,S2-201780,S3-301663,S3-302110,S3-301889,S3-301491,S3-301741,S3-301349,S3-301583,S3-301939,S3-301541,S3-301667,S3-301316,S3-301483
S1-101563	S3-301996,S2-201514,S2-201889,S2-202175,S2-202302,S2-202278,S2-201595,S2-201715,S2-202281,S2-201932,S2-201733,S2-202152,S2-201976,S2-201402,S2-201744,S3-301296,S3-301390,S3-302107,S3-301777,S3-301593,S3-301684,S3-302129,S3-301898,S3-301703,S3-301402,S3-301644,S3-302109,S3-301291,S3-301870,S3-301601,S2-201851,S2-201528,S2-202358,S2-202517,S2-202533
S1-101564	S2-201451,S3-301332,S3-301857,S2-202020,S2-201939,S2-201963,S2-202229,S2-202260,S2-201620,S2-201707,S2-202015,S2-201699,S2-202130,S2-201891,S2-201982,S2-201751,S3-301740,S3-301574,S3-301820,S3-301656,S3-301859,S3-302089,S3-301562,S3-301954,S3-301853,S3-301804,S3-301785,S3-302058,S3-301461,S3-301580,S2-202537,S2-202563,S2-202498,S2-202507,S2-202418
S1-101565	S2-201837,S2-201654,S3-301844,S3-301689,S3-302149,S3-301519,S3-301726,S2-202165,S2-202076,S2-202011,S2-201717,S2-201723,S2-201550,S2-202267,S2-201750,S2-202266,S2-202235,S2-201983,S2-201999,S2-202242,S2-202136,S2-201729,S3-301542,S3-301582,S3-302073,S3-301837,S3-301346,S3-301293,S3-301547,S3-302095,S3-301602,S3-301987,S3-302096,S3-301377,S3-301959
S1-101566	S2-201452,S3-301333,S3-301435,S2-201915,S2-202286,S2-201882,S2-202028,S2-202149,S2-201436,S2-201787,S2-201960,S2-201660,S2-202174,S2-202264,S2-202313,S2-202268,S2-202126,S2-201803,S3-301661,S3-301760,S3-302088,S3-302092,S3-301971,S3-301648,S3-301732,S3-301527,S3-301995,S3-302140,S3-301951,S3-302098,S3-301867,S2-202556,S2-202374,S3-302385,S3-302203
S1-101567	S2-202188,S2-201498,S2-201666,S3-301375,S3-302011,S3-301334,S2-202263,S2-202497,S2-201695,S2-201658,S2-201795,S2-202040,S2-201738,S2-201937,S2-201621,S2-201884,S2-201971,S2-202032,S3-302326,S3-302091,S3-302081,S3-301531,S3-301876,S3-301480,S3-301885,S3-301557,S3-301734,S3-301525,S3-301361,S3-301783,S3-301654,S3-301812,S3-301538,S3-302119,S3-301573
S1-101568	S3-301335,S2-201453,S2-202139,S3-301964,S2-201413,S2-202304,S2-201578,S2-201903,S2-201905,S2-202133,S2-201698,S2-201815,S2-201473,S2-202294,S2-201894,S2-201681,S2-202308,S2-202117,S2-201541,S2-201945,S2-201455,S2-201650,S3-302121,S3-301956,S3-301751,S3-301336,S3-301749,S3-302132,S3-302052,S3-301543,S3-301592,S3-301561,S3-301409,S3-301444,S3-301990
S1-101569	S2-202172,S2-201993,S2-201454,S3-301831,S2-201853,S2-202089,S2-201507,S2-201642,S2-201606,S2-201855,S2-201588,S2-201675,S2-201866,S2-202297,S2-202186,S2-201766,S3-301508,S3-301705,S3-302114,S3-301566,S3-301384,S3-301537,S3-301735,S3-302010,S3-301718,S3-301612,S2-202287,S2-201885,S2-201753,S3-302123,S3-301694,S2-202520,S2-202489,S2-202449,S2-202459
S1-101570	S3-301336,S2-201455,S3-301789,S3-301451,S2-202304,S2-201945,S2-201903,S2-201905,S2-202133,S2-201698,S2-201815,S2-201473,S2-202294,S2-201894,S2-201681,S2-202308,S2-202117,S2-201541,S2-201453,S2-202139,S2-201650,S2-201413,S3-301956,S3-301751,S3-301749,S3-302132,S3-302052,S3-301543,S3-301964,S3-301592,S3-301561,S3-301409,S3-301335,S3-301444,S3-301514
S1-101571	S3-301337,S2-201456,S2-202153,S3-301976,S2-201532,S2-202127,S2-202025,S2-201819,S2-201496,S2-202283,S2-201775,S2-202231,S2-202142,S2-201682,S2-202065,S2-202210,S2-201426,S3-301404,S3-302038,S3-301674,S3-302125,S3-301646,S3-301918,S3-302060,S3-301748,S3-301897,S3-301864,S3-301544,S3-301312,S3-302008,S3-301952,S3-302111,S3-301373,S2-202080,S2-201902
S1-101572	S2-201457,S3-301338,S2-201969,S2-201533,S2-202012,S2-202010,S2-201746,S2-202121,S2-202222,S2-201799,S2-202298,S2-201603,S2-202023,S2-201559,S2-202184,S2-202131,S3-301849,S3-301426,S3-301607,S3-302151,S3-301906,S3-301470,S3-301810,S3-302027,S3-302051,S3-301405,S3-301495,S3-301657,S3-302021,S3-302007,S3-302124,S3-301599,S2-201737,S3-301850,S3-301862
S1-101573	S3-301339,S2-201927,S2-202239,S2-201637,S2-201722,S2-201748,S2-202074,S2-201954,S2-201476,S2-202078,S2-201877,S2-202038,S2-202189,S3-301798,S3-302012,S3-301449,S3-301912,S3-301443,S3-301391,S3-301502,S3-301874,S3-301915,S2-201581,S3-301448,S2-202493,S2-202525,S2-202393,S2-202481,S2-202476,S2-202582,S3-302322,S3-302222,S3-301609,S3-302310,S3-302354
S1-101574	S2-201534,S2-201458,S3-301340,S2-201957,S2-202461,S2-202125,S2-201871,S2-201926,S2-201594,S2-202088,S2-202284,S2-201896,S2-201625,S2-201613,S2-201857,S2-202305,S2-201919,S2-201936,S2-202224,S2-201864,S2-202514,S2-202496,S2-202534,S2-201878,S3-301717,S3-301325,S3-301499,S3-301460,S3-302363,S3-301485,S3-302077,S3-302290,S3-301782,S3-301950,S3-301473
S1-101575	S3-301341,S2-201459,S2-201719,S2-201418,S2-201700,S3-301563,S2-202213,S2-202095,S2-202201,S2-201628,S2-201688,S2-202173,S2-201875,S2-202233,S2-201841,S2-201646,S2-201438,S2-202001,S2-202179,S2-201464,S2-201692,S2-202309,S2-201582,S2-201439,S2-201634,S2-201657,S3-301318,S3-301693,S3-302016,S3-301553,S3-301802,S3-302133,S3-302063,S3-301928,S3-302000
S1-101576	S2-201460,S3-301342,S2-202157,S2-201509,S2-201556,S2-201713,S2-202257,S2-201499,S2-202062,S2-202225,S2-201519,S2-202067,S2-201564,S3-301424,S3-302055,S3-301578,S3-301395,S3-301376,S3-301978,S3-302137,S3-301385,S3-302085,S2-202438,S3-302267
S1-101577	S2-201461,S3-301343,S2-201470,S2-201653,S2-201979,S2-201848,S2-201697,S2-201752,S2-201596,S2-202192,S2-202150,S2-201992,S2-202079,S3-301518,S3-301728,S3-301559,S3-301974,S3-301916,S3-301817,S3-301830,S3-302015,S3-301366,S3-301699,S3-301550,S2-201876,S2-202390,S2-202363,S2-202527,S2-202547,S2-202416,S2-202581,S2-202495,S2-202349,S3-302192,S3-301462
S1-101578	S2-201462,S2-202215,S3-302043,S3-302159,S2-201730,S2-201591,S2-201720,S2-201513,S2-201656,S2-201727,S2-201486,S2-202232,S2-201778,S2-201572,S2-201619,S2-201691,S2-201906,S3-301975,S3-301752,S3-302062,S3-301588,S3-301479,S3-301620,S3-301457,S3-301389,S3-301523,S3-301305,S3-301590,S2-201502,S2-201415,S2-202151,S3-301834,S3-301638,S3-301363,S2-202465
S1-101579	S3-301344,S2-201618,S2-202000,S3-301838,S3-301478,S2-201809,S2-201908,S2-201790,S2-202226,S2-201483,S2-202247,S2-201567,S2-201604,S2-202021,S2-201399,S3-301754,S3-301289,S3-301436,S3-301465,S3-301649,S3-301359,S3-301860,S3-301891,S3-302078,S3-302161,S2-202523,S2-202391,S3-302220,S3-302352
S1-101580	S3-301345,S2-201463,S3-301917,S2-201783,S2-201497,S2-201651,S2-202018,S2-202219,S2-201602,S2-201614,S2-201558,S2-201428,S3-301856,S3-301374,S3-301883,S3-301560,S3-301474,S3-301516,S3-302046,S3-301314,S2-202405,S2-202338,S2-202339,S3-302167,S3-302168,S3-302234
S1-101581	S2-201464,S2-202001,S3-302026,S3-301839,S2-202201,S2-202213,S2-202095,S2-201628,S2-201688,S2-202173,S2-201875,S2-202233,S2-201841,S2-201646,S2-201459,S2-201438,S2-202179,S2-201719,S2-201692,S2-201418,S2-202309,S2-201582,S2-201700,S2-201439,S2-201634,S2-201657,S3-301318,S3-301693,S3-302016,S3-301553,S3-301802,S3-302133,S3-302063,S3-301928,S3-302000
S1-101582	S3-301346,S2-201550,S3-301837,S2-201999,S2-202165,S2-202076,S2-201837,S2-202011,S2-201717,S2-201723,S2-202267,S2-201750,S2-202266,S2-202235,S2-201983,S2-202242,S2-201654,S2-202136,S2-201729,S3-301542,S3-301582,S3-301844,S3-302073,S3-301689,S3-301519,S3-301293,S3-301547,S3-302095,S3-301602,S3-301726,S3-301987,S3-302149,S3-302096,S3-301377,S3-301959
S1-101583	S3-301347,S2-201465,S2-201644,S3-302025,S3-301510,S2-201918,S2-201676,S2-201440,S2-201403,S2-201826,S2-202254,S2-201429,S2-202085,S3-301724,S3-301764,S3-301498,S3-301539,S3-301680,S3-301496,S3-301421,S3-302083,S3-301708,S2-201709,S3-301319,S2-202207,S2-201553,S2-202414,S2-202345,S2-202564,S3-302393,S3-302174,S3-302243,S2-202447,S2-202350,S2-201532
S1-101584	S2-201466,S3-301348,S2-201970,S2-202197,S3-301811,S3-302022,S2-201664,S2-201435,S2-201552,S2-201838,S2-202123,S2-201659,S2-201530,S2-201508,S2-201930,S2-202107,S2-201835,S2-201846,S2-201607,S3-301469,S3-301948,S3-301875,S3-301697,S3-301565,S3-301910,S3-301526,S3-301775,S3-301317,S3-301690,S3-301936,S2-202072,S2-202376,S2-202513,S2-202512,S2-202039
S1-101585	S2-201467,S2-202084,S2-202059,S3-301921,S2-201677,S3-301894,S2-201858,S2-201408,S2-201516,S2-201649,S2-202108,S2-201760,S2-201943,S2-202161,S2-201910,S3-301787,S3-301315,S3-301756,S3-301643,S3-301619,S3-301711,S3-301937,S2-201432,S2-201782,S3-302135,S2-202343,S2-202364,S2-202428,S2-202396,S2-202433,S3-302193,S3-302262,S3-302257,S3-302225,S3-302172
S1-101586	S3-301349,S2-201468,S2-201679,S2-201823,S2-201806,S3-301491,S3-301541,S2-201630,S3-301663,S3-301678,S2-201718,S2-201434,S2-202141,S2-202245,S2-201812,S2-202250,S2-202063,S2-202282,S2-201492,S2-202166,S2-202055,S2-202318,S2-201450,S2-202110,S2-201517,S2-201893,S2-201780,S3-301988,S3-302110,S3-301889,S3-301741,S3-301583,S3-301939,S3-301667,S3-301316
S1-101587	S2-201469,S3-301350,S2-202132,S2-202159,S3-301980,S3-301955,S3-301688,S2-201836,S2-201477,S2-201772,S2-202140,S2-201520,S2-202240,S2-201617,S2-201818,S2-201827,S2-201431,S2-202259,S2-202330,S2-201430,S2-201814,S2-201952,S2-201610,S2-202181,S3-301354,S3-301731,S3-301670,S3-301902,S3-301522,S3-301855,S3-301681,S3-302003,S3-301673,S3-302157,S3-301796
S1-101588	S2-201470,S2-201653,S2-201461,S2-201979,S2-201848,S2-201697,S2-201752,S2-201596,S2-202192,S2-202150,S2-201992,S2-202079,S3-301518,S3-301343,S3-301728,S3-301611,S3-301559,S3-301974,S3-301916,S3-301817,S3-301830,S3-302015,S3-301366,S3-301699,S3-301550,S2-202390,S2-202363,S2-202527,S2-201876,S2-202547,S2-202416,S2-202581,S2-202495,S2-202349,S3-302192
S1-101589	S2-201587,S2-201820,S2-201566,S2-201967,S2-201495,S2-202005,S3-301386,S3-301845,S3-301372,S2-202243,S2-202261,S2-201510,S2-202572,S2-202333,S2-202462,S2-202424,S3-302401,S3-302162,S3-302253,S3-302291,S3-302074
S1-101590	S2-201471,S2-201956,S2-201412,S2-201433,S2-201662,S2-202145,S2-201616,S2-201490,S2-201842,S2-202061,S2-201626,S3-301700,S3-301799,S3-302032,S3-301967,S3-301896,S3-301367,S3-301742,S3-301486,S3-301303,S3-301476,S2-202531,S2-202532,S3-302360,S3-302361
S1-101591	S2-201472,S3-301351,S2-201958,S3-301763,S3-301878,S2-202041,S2-201773,S2-201917,S2-201840,S3-301800,S3-301633,S2-202502,S3-302331
S1-101592	S2-201473,S2-202304,S2-201903,S2-201905,S2-202133,S2-201698,S2-201815,S2-202294,S2-201894,S2-201681,S2-202308,S2-202117,S2-201541,S2-201453,S2-201945,S2-202139,S2-201455,S2-201650,S2-201413,S3-301956,S3-301751,S3-301336,S3-301749,S3-302132,S3-302052,S3-301543,S3-301964,S3-301592,S3-301561,S3-301409,S3-301335,S3-301444,S3-301789,S3-301514,S3-301451
S1-101593	S2-201474,S3-301352,S2-202090,S2-201771,S3-301631,S3-301925,S2-201986,S2-201554,S2-201916,S2-201867,S2-202138,S2-201865,S2-201990,S2-202204,S2-201475,S2-202191,S2-201447,S3-301825,S3-302156,S3-301720,S3-301640,S3-301329,S3-302014,S3-301422,S3-301353,S3-301380,S3-302030,S3-301962,S2-202217,S2-201527,S2-201684,S3-301586,S3-301546
S1-101594	S2-201475,S3-301353,S2-201554,S2-202138,S2-202191,S3-302014,S3-301962,S3-301352,S2-201986,S2-201916,S2-201867,S2-201865,S2-201990,S2-202204,S2-202090,S2-201474,S2-201447,S2-201771,S3-301825,S3-302156,S3-301720,S3-301640,S3-301329,S3-301422,S3-301925,S3-301631,S3-301380,S3-302030,S2-202217,S2-201527,S2-201684,S3-301586,S3-301546
S1-101595	S2-201476,S2-202239,S2-201748,S2-202074,S2-201637,S2-201722,S2-201954,S2-202078,S2-201877,S2-202038,S2-202189,S3-301798,S3-302012,S3-301449,S3-301912,S3-301443,S3-301391,S3-301502,S3-301874,S3-301915,S3-301339,S2-201927,S2-201581,S3-301448,S2-202493,S2-202525,S2-202393,S2-202481,S2-202476,S2-202582,S3-302322,S3-302222,S3-301609,S3-302310,S3-302354
S1-101596	S2-201477,S3-301354,S2-201814,S3-301670,S3-301902,S2-202132,S2-201772,S2-202140,S2-201520,S2-202159,S2-201469,S2-202240,S2-201617,S2-201818,S2-201827,S2-201431,S2-202259,S2-201836,S2-202330,S2-201430,S2-201952,S2-201610,S2-202181,S3-301980,S3-301731,S3-301522,S3-301855,S3-301681,S3-302003,S3-301673,S3-301955,S3-302157,S3-301796,S3-301965,S3-301350
S1-101597	S3-301355,S2-201478,S2-202057,S2-202036,S3-301299,S3-301818,S2-202230,S2-201980,S2-201409,S2-202270,S2-202112,S2-201670,S3-302113,S3-302065,S3-302059,S3-301494,S3-301892,S2-202285,S2-202236,S2-202144,S2-202401,S3-302230
S1-101598	S2-201479,S3-301356,S2-201648,S3-301513,S2-202183,S2-201788,S2-201633,S2-201732,S2-201645,S2-201759,S2-201622,S2-202170,S3-301591,S3-302116,S3-301493,S3-301992,S3-301614,S3-302005,S2-202289,S3-301618,S2-202344,S2-202395,S2-202404,S3-302233,S3-302173,S3-302224
S1-101599	S3-301357,S2-201480,S3-301770,S2-201843,S2-201946,S2-201444,S2-202182,S2-201940,S2-201437,S2-201615,S3-301695,S3-301972,S3-301475,S3-301790,S3-301503,S3-301414,S3-301840,S3-301528,S3-302004,S3-301324,S3-302047,S2-201661,S2-202382,S2-202383,S2-202421,S2-202451,S2-202448,S2-202519,S2-202499,S2-202540,S2-202450,S2-202002,S2-202566,S2-202357,S3-302369
S1-101600	S2-201481,S2-201410,S2-201869,S2-201849,S2-202290,S2-201536,S2-201672,S2-201977,S2-201913,S2-202052,S3-301701,S3-301887,S3-301707,S3-301548,S3-301300,S3-301721,S3-301758,S3-301534,S3-302117,S2-201686,S2-202473,S2-202340,S2-202427,S3-302256,S3-302302,S3-302169
S1-101601	S2-201482,S3-301358,S2-202148,S2-201785,S2-202196,S2-202101,S2-202006,S2-201802,S3-302053,S3-301647,S3-301659,S3-301970,S3-302019,S2-202158,S3-301979,S2-202430,S3-302259
S1-101602	S2-201483,S3-301359,S2-201809,S2-201908,S2-201790,S2-202226,S2-201618,S2-202247,S2-201567,S2-202000,S2-201604,S2-202021,S2-201399,S3-301754,S3-301289,S3-301436,S3-301465,S3-301649,S3-301838,S3-301344,S3-301860,S3-301478,S3-301891,S3-302078,S3-302161,S2-202523,S2-202391,S3-302220,S3-302352
S1-101603	S2-201961,S2-201929,S2-202048,S2-202066,S2-201921,S2-201935,S2-202115,S2-201974,S2-201419,S2-202209,S2-201549,S2-202211,S3-302037,S3-301901,S3-301774,S3-301307,S3-301417,S3-301814,S3-302072,S3-301371,S3-301803,S3-301420,S3-301781,S3-302039,S2-201494,S2-202241,S2-201810,S2-201551,S2-201920,S2-201636,S2-201743,S2-201923,S2-202238,S2-202033,S2-201503
S1-101604	S3-301293,S3-301602,S3-301377,S2-202165,S2-202076,S2-201837,S2-202011,S2-201717,S2-201723,S2-201550,S2-202267,S2-201750,S2-202266,S2-202235,S2-201983,S2-201999,S2-202242,S2-201654,S2-202136,S2-201729,S3-301542,S3-301582,S3-301844,S3-302073,S3-301837,S3-301689,S3-301519,S3-301346,S3-301547,S3-302095,S3-301726,S3-301987,S3-302149,S3-302096,S3-301959
S1-101605	S3-301360,S2-202146,S3-301968,S2-202327,S2-202274,S2-202116,S2-202120,S2-202114,S3-302102,S3-301298,S3-301944,S3-301949,S3-302154,S3-301581,S3-301882,S2-202124,S3-301943,S2-202543,S2-202351,S3-302180,S3-302372,S2-201716,S3-301877,S2-202190,S2-201808,S2-201822,S2-202348,S2-202347,S2-201734,S2-201665,S2-202483,S2-201951,S2-202293,S2-202248,S2-202407
S1-101606	S3-301361,S2-202032,S2-202188,S2-202263,S2-201498,S2-201695,S2-201658,S2-201795,S2-202040,S2-201738,S2-201937,S2-201621,S2-201884,S2-201666,S2-201971,S3-302091,S3-302081,S3-301375,S3-301531,S3-301876,S3-301480,S3-301885,S3-301557,S3-301734,S3-301525,S3-301783,S3-301654,S3-301812,S3-301334,S3-302119,S3-302011,S2-202292,S2-202497,S3-302326,S3-301573
S1-101607	S2-201484,S2-201694,S3-301556,S2-202022,S2-202013,S2-201585,S2-202093,S2-202049,S2-201834,S2-201817,S2-202273,S2-201991,S2-202027,S2-201793,S2-201512,S2-202244,S2-201706,S3-301884,S3-301388,S3-302075,S3-301765,S3-301829,S3-301520,S3-301652,S3-301866,S3-301927,S3-301453,S3-302093,S3-301861,S3-301572,S3-302101,S3-301851,S2-202485,S3-301685,S3-302314
S1-101608	S2-201485,S2-201629,S3-301490,S2-202094,S3-301362,S2-201515,S2-202069,S2-201612,S2-201966,S2-201844,S2-202081,S2-201779,S2-201721,S2-201749,S2-201739,S2-201886,S2-201701,S3-301692,S3-301736,S3-301639,S3-301472,S3-301610,S3-301808,S3-301392,S3-301584,S3-301696,S3-301529,S3-301564,S3-301622,S3-301919,S3-301555,S3-301468,S2-202579,S2-202474,S2-202356
S1-101609	S2-201486,S3-301363,S2-201720,S2-201730,S2-201591,S2-201513,S2-201656,S2-201727,S2-202215,S2-201462,S2-202232,S2-201778,S2-201572,S2-201619,S2-201691,S2-201906,S3-301975,S3-302043,S3-301752,S3-302062,S3-301588,S3-301479,S3-301620,S3-301457,S3-301389,S3-302159,S3-301523,S3-301305,S3-301590,S2-201502,S2-201415,S2-202151,S3-301834,S3-301638,S2-202465
S1-101610	S2-201487,S2-201883,S2-201796,S2-202212,S2-201631,S3-301481,S3-301733,S3-302040,S3-301655,S3-301416,S2-201547,S2-202295
S1-101611	S2-201488,S3-301364,S2-201537,S3-301407,S3-302006,S2-201941,S2-201829,S2-201925,S2-201942,S2-202326,S2-201816,S2-202044,S2-201996,S2-201968,S2-201909,S2-202317,S2-202077,S2-201690,S2-201711,S3-301577,S3-301672,S3-301809,S3-302153,S3-301682,S3-301408,S3-301771,S3-301755,S3-301786,S3-301963,S3-301552,S3-301431,S3-301914,S3-301833,S2-202429,S3-302258
S1-101612	S3-301365,S2-201797,S3-301762,S2-201736,S2-202118,S2-202234,S2-201526,S2-201813,S2-201887,S2-201599,S3-301515,S3-301400,S3-302068,S3-301669,S3-301621,S3-301945,S3-301464,S3-301598,S3-301737,S2-202456,S2-202526,S2-202494,S3-302323,S3-302355,S3-302285,S2-201798
S1-101613	S2-201489,S2-202034,S3-301871,S2-201972,S2-202291,S2-201938,S2-201847,S2-201597,S2-201560,S2-201784,S2-202187,S2-202214,S2-201726,S2-201600,S2-202167,S2-201801,S3-301989,S3-301634,S3-301413,S3-301575,S3-301587,S3-301463,S3-301645,S3-301302,S3-301434,S3-301570,S3-301698,S3-302118,S3-301784,S3-301613,S2-202377,S2-202478,S2-202548,S3-302377,S3-302307
S1-101614	S3-301366,S2-201752,S2-202150,S3-301974,S3-301611,S2-201470,S2-201653,S2-201461,S2-201979,S2-201848,S2-201697,S2-201596,S2-202192,S2-201992,S2-202079,S3-301518,S3-301343,S3-301728,S3-301559,S3-301916,S3-301817,S3-301830,S3-302015,S3-301699,S3-301550,S2-201876,S2-202390,S2-202363,S2-202527,S2-202547,S2-202416,S2-202581,S2-202495,S2-202349,S3-302192
S1-101615	S2-201490,S3-301367,S2-201956,S2-201471,S2-201412,S2-201433,S2-201662,S2-202145,S2-201616,S2-201842,S2-202061,S2-201626,S3-301700,S3-301799,S3-302032,S3-301967,S3-301896,S3-301742,S3-301486,S3-301303,S3-301476,S2-202531,S2-202532,S3-302360,S3-302361
S1-101616	S2-201491,S3-301368,S2-202043,S2-201984,S2-201589,S2-202316,S2-201714,S2-201671,S3-301456,S3-302126,S3-301923,S3-302143,S3-301533,S3-301579,S3-301394,S2-201518,S2-202300,S2-201828,S3-301823,S3-301596,S3-301879,S2-202550,S2-202426,S2-202452,S3-302379,S3-302255,S3-302281
S1-101617	S2-201492,S3-301316,S2-201434,S2-201718,S2-202141,S2-202245,S2-201812,S2-202250,S2-201679,S2-202063,S2-202282,S2-201823,S2-202166,S2-202055,S2-202318,S2-201450,S2-201630,S2-202110,S2-201517,S2-201468,S2-201893,S2-201806,S2-201780,S3-301988,S3-301663,S3-302110,S3-301889,S3-301491,S3-301741,S3-301349,S3-301583,S3-301939,S3-301541,S3-301667,S3-301483
S1-101618	S2-201493,S3-301369,S2-201571,S2-201570,S2-201765,S2-201590,S2-201761,S3-301294,S3-301626,S3-301625,S3-301623,S3-302056,S2-202227,S2-202480,S2-202567,S3-302309,S3-302396,S2-201643,S2-201904,S2-201950,S2-201850,S2-202135,S2-202312,S2-202042,S2-201768,S2-201576,S2-202269,S2-201678,S3-301540,S3-301993,S3-301793,S3-301702,S3-301628,S3-301442,S3-301750
S1-101619	S3-301370,S2-201555,S3-301423,S2-202137,S2-201758,S2-201565,S2-202176,S2-201449,S2-202160,S2-202045,S2-201804,S2-202203,S2-202324,S2-201667,S2-201579,S2-201839,S2-202249,S2-201443,S3-301691,S3-301997,S3-301617,S3-301446,S3-301960,S3-301880,S3-301411,S3-301331,S3-301982,S3-301433,S2-201543,S3-301322,S2-202431,S2-202501,S3-302260,S3-302330
S1-101620	S2-201494,S3-301371,S2-202238,S3-302067,S2-201810,S2-201551,S2-201961,S2-201920,S2-201929,S2-202048,S2-202066,S2-201636,S2-201921,S2-201935,S2-202115,S2-201974,S2-201743,S2-201419,S2-202209,S2-201549,S2-201923,S2-202033,S2-202211,S2-201503,S3-301766,S3-302037,S3-301901,S3-301774,S3-301307,S3-301417,S3-301814,S3-301419,S3-302072,S3-301501,S3-301803
S1-101621	S2-201495,S3-301372,S2-201587,S2-201820,S2-201566,S2-201967,S2-202005,S3-301386,S3-301845,S2-202261,S2-201510,S2-202243,S2-202572,S2-202333,S2-202462,S2-202424,S3-302401,S3-302162,S3-302253,S3-302291,S3-302074
S1-101622	S2-201496,S3-301373,S2-202025,S3-301864,S2-201532,S2-202153,S2-202127,S2-201819,S2-202283,S2-201775,S2-202231,S2-202142,S2-201682,S2-201456,S2-202065,S2-202210,S2-201426,S3-301404,S3-302038,S3-301674,S3-302125,S3-301646,S3-301918,S3-301337,S3-302060,S3-301748,S3-301897,S3-301544,S3-301312,S3-302008,S3-301952,S3-302111,S2-202080,S2-201902,S3-301976
S1-101623	S2-201497,S3-301374,S2-201463,S2-201783,S2-201651,S2-202018,S2-202219,S2-201602,S2-201614,S2-201558,S2-201428,S3-301856,S3-301883,S3-301560,S3-301474,S3-301516,S3-302046,S3-301917,S3-301314,S3-301345,S2-202405,S2-202338,S2-202339,S3-302167,S3-302168,S3-302234
S1-101624	S2-202331,S2-201959,S3-302158,S3-301658,S3-301801,S2-201800,S2-202003,S2-202328,S2-202053,S2-202251,S2-202311,S2-202009,S2-202307,S2-202296,S3-302033,S3-301606,S3-302080,S3-302131,S3-301383,S3-301848,S3-302155,S3-302138,S3-301888,S3-302122,S2-201745,S2-202576,S2-202453,S2-202570,S2-202336,S2-202555,S2-202446,S2-202571,S2-202384,S2-202402,S3-302165
S1-101625	S2-202161,S2-201858,S2-201408,S2-202084,S2-201677,S2-201467,S2-201516,S2-201649,S2-202059,S2-202108,S2-201760,S2-201943,S2-201910,S3-301921,S3-301894,S3-301787,S3-301315,S3-301756,S3-301643,S3-301619,S3-301711,S3-301937,S2-201432,S2-201782,S3-302135,S2-202343,S2-202364,S2-202428,S2-202396,S2-202433,S3-302193,S3-302262,S3-302257,S3-302225,S3-302172
S1-101626	S2-201498,S3-301375,S2-202188,S2-201666,S3-302011,S3-301531,S3-301334,S2-202263,S2-201695,S2-201658,S2-201795,S2-202040,S2-201738,S2-201937,S2-201621,S2-201884,S2-201971,S2-202032,S3-302091,S3-302081,S3-301876,S3-301480,S3-301885,S3-301557,S3-301734,S3-301525,S3-301361,S3-301783,S3-301654,S3-301812,S3-302119,S2-202292,S2-202497,S3-302326,S3-301573
S1-101627	S2-201499,S3-301376,S2-202157,S2-201509,S2-201556,S2-201713,S2-202257,S2-202062,S2-202225,S2-201460,S2-201519,S2-202438,S2-202067,S2-201564,S3-301424,S3-302267,S3-302055,S3-301578,S3-301395,S3-301342,S3-301978,S3-302137,S3-301385,S3-302085
S1-101628	S3-301377,S3-301293,S3-301602,S2-202165,S2-202076,S2-201837,S2-202011,S2-201717,S2-201723,S2-201550,S2-202267,S2-201750,S2-202266,S2-202235,S2-201983,S2-201999,S2-202242,S2-201654,S2-202136,S2-201729,S3-301542,S3-301582,S3-301844,S3-302073,S3-301837,S3-301689,S3-301519,S3-301346,S3-301547,S3-302095,S3-301726,S3-301987,S3-302149,S3-302096,S3-301959
S1-101629	S3-301378,S2-201500,S2-201964,S3-302018,S2-202195,S2-201506,S3-301805,S2-201757,S2-201542,S2-201955,S2-201680,S2-202265,S2-202098,S2-201663,S2-202019,S2-201563,S3-302020,S3-301668,S3-301530,S3-301576,S3-302035,S3-301585,S3-302029,S3-301410,S3-302094,S3-302013,S3-301930,S3-301532,S3-301858,S3-301432,S3-301641,S2-202359,S2-202545,S2-202521,S2-202441
S1-101630	S3-301379,S2-201501,S3-301826,S2-201987,S2-201689,S2-201764,S2-201998,S2-202164,S2-202216,S2-202086,S2-201762,S2-202007,S2-201973,S3-301624,S3-301846,S3-301922,S3-301738,S3-301836,S3-301304,S3-302044,S3-301551,S3-301920,S3-301813,S2-201888,S3-301986,S2-202370,S2-202484,S2-202546,S2-202432,S3-302199,S3-302313,S3-302375,S3-302261,S2-201575,S2-201523
S1-101631	S2-201730,S2-201619,S3-301479,S3-301523,S2-201502,S2-201656,S2-201778,S3-301590,S2-201415,S3-301638,S3-301305,S2-201591,S2-201720,S2-201513,S2-201727,S2-201486,S2-202215,S2-201462,S2-202232,S2-201572,S2-201691,S2-201906,S3-301975,S3-302043,S3-301752,S3-302062,S3-301588,S3-301620,S3-301457,S3-301389,S3-302159,S2-202151,S3-301834,S3-301363,S2-202465
S1-101632	S2-201961,S3-301803,S2-201929,S2-202048,S2-202066,S2-201921,S2-201935,S2-202115,S2-201974,S2-201419,S2-202209,S2-201549,S2-202241,S2-202211,S2-201503,S3-302037,S3-301901,S3-301774,S3-301307,S3-301417,S3-301814,S3-302072,S3-301371,S3-301420,S3-301781,S3-302039,S2-201551,S2-201494,S3-301946,S3-301419,S2-201810,S2-201920,S2-201636,S2-201743,S2-201923
S1-101633	S3-301380,S3-302156,S2-201986,S2-201554,S2-201916,S2-201867,S2-202138,S2-201865,S2-201990,S2-202204,S2-202090,S2-201474,S2-201475,S2-202191,S2-201447,S2-201771,S3-301825,S3-301720,S3-301640,S3-301329,S3-302014,S3-301422,S3-301353,S3-301925,S3-301631,S3-301352,S3-302030,S3-301962,S2-202217,S2-201527,S2-201684,S3-301586,S3-301546
S1-101634	S3-301381,S2-201504,S3-301430,S2-201562,S2-201446,S2-202205,S2-201995,S2-201652,S2-201860,S2-201832,S3-301517,S3-301686,S3-301713,S3-302031,S2-201712,S2-201668,S2-201901,S2-202026,S3-301865,S3-301600,S3-301328,S2-202522,S2-202425,S2-202505,S3-302334,S3-302351,S3-302254
S1-101635	S2-201505,S3-301382,S2-202105,S3-301934,S2-201529,S2-201962,S2-201640,S2-202092,S2-201639,S2-201624,S3-302069,S3-301484,S3-302042,S3-301926,S3-301505,S2-201423,S2-202542,S2-201724,S2-202047,S2-202321,S2-201947,S2-201756,S2-202437,S3-301719,S3-301616,S3-301778,S3-302371,S3-302103,S3-302266,S3-302147,S3-301900,S3-301569,S3-301310,S2-202237,S3-301637
S1-101636	S2-201506,S2-201964,S2-201500,S3-302018,S2-202195,S3-301378,S3-301805,S2-201757,S2-201955,S2-201680,S2-202265,S3-301530,S3-302035,S3-302094,S3-301532,S2-201542,S2-202098,S2-201663,S2-202019,S2-201563,S3-302020,S3-301668,S3-301576,S3-301585,S3-302029,S3-301410,S3-302013,S3-301930,S3-301858,S3-301641,S3-301432,S2-202359,S2-202545,S2-202521,S2-202441
S1-101637	S3-301383,S2-202311,S3-301848,S3-302138,S2-202009,S2-202053,S2-202251,S2-201800,S2-202296,S2-201959,S3-302033,S3-302158,S3-302080,S3-302131,S3-301658,S3-302155,S3-301888,S2-202328,S2-202003,S2-202331,S2-202307,S3-301606,S3-301801,S3-302122,S2-201745,S2-202576,S2-202453,S2-202570,S2-202336,S2-202555,S2-202446,S2-202571,S2-202384,S2-202402,S3-302165
S1-101638	S2-201507,S3-301384,S2-201853,S3-301705,S2-202089,S2-201642,S2-201606,S2-201855,S2-202172,S2-201588,S2-201675,S2-201866,S2-201993,S2-202297,S2-202186,S2-201766,S3-301508,S3-301831,S3-302114,S3-301566,S3-301537,S3-301735,S3-302010,S3-301718,S3-301612,S2-202287,S2-201885,S2-201753,S2-201454,S3-302123,S3-301694,S2-202520,S2-202489,S2-202449,S2-202459
S1-101639	S2-202266,S3-302095,S2-202165,S2-202076,S2-201837,S2-202011,S2-201717,S2-201723,S2-201550,S2-202267,S2-201750,S2-202235,S2-201983,S2-201999,S2-202242,S2-201654,S2-202136,S2-201729,S3-301542,S3-301582,S3-301844,S3-302073,S3-301837,S3-301689,S3-301519,S3-301346,S3-301293,S3-301547,S3-301602,S3-301726,S3-301987,S3-302149,S3-302096,S3-301377,S3-301959
S1-101640	S2-202306,S2-202143,S2-201580,S2-202314,S2-202111,S2-201789,S2-201416,S2-202070,S2-201540,S2-202104,S2-202163,S2-201898,S2-201445,S2-202332,S2-201975,S2-202218,S2-201407,S2-201922,S2-201441,S2-202054,S2-201933,S3-301326,S3-301297,S3-301815,S3-301779,S3-301907,S3-301957,S3-302141,S3-301940,S3-301306,S3-301458,S3-301447,S3-301985,S3-301767,S2-202385
S1-101641	S2-201586,S2-202068,S2-201731,S2-201448,S2-202193,S2-202058,S2-201538,S2-201895,S2-201673,S2-201561,S3-301977,S3-301454,S3-301842,S3-301568,S3-301893,S3-301428,S3-301535,S3-301743,S3-301903,S2-202154,S2-202280,S2-202411,S2-202412,S2-202435,S3-302241,S3-302240,S3-302264,S3-301330
S1-101642	S2-201508,S2-202107,S3-301936,S2-201664,S2-201435,S2-201552,S2-201838,S2-202123,S2-201659,S2-201970,S2-201530,S2-201930,S2-202197,S2-201835,S2-201846,S2-201466,S2-201607,S3-301469,S3-301348,S3-301948,S3-301875,S3-301811,S3-301697,S3-301565,S3-301910,S3-301526,S3-301775,S3-301317,S3-302022,S3-301690,S2-202072,S2-202376,S2-202513,S2-202512,S2-202039
S1-101643	S2-202250,S2-202055,S3-301889,S3-301483,S2-201718,S2-201434,S2-202141,S2-202245,S2-201812,S2-201679,S2-202063,S2-202282,S2-201492,S2-201823,S2-202166,S2-202318,S2-201450,S2-201630,S2-202110,S2-201517,S2-201468,S2-201893,S2-201806,S2-201780,S3-301988,S3-301663,S3-302110,S3-301491,S3-301741,S3-301349,S3-301583,S3-301939,S3-301541,S3-301667,S3-301316
S1-101644	S2-201509,S3-301385,S2-202225,S3-302055,S2-202157,S2-201556,S2-201713,S2-202257,S2-201499,S2-202062,S2-201460,S2-201519,S2-202067,S2-201564,S3-301424,S3-301578,S3-301395,S3-301342,S3-301376,S3-301978,S3-302137,S3-302085,S2-202438,S3-302267
S1-101645	S3-301386,S2-201510,S2-201587,S2-201820,S2-201566,S2-201967,S2-201495,S2-202005,S3-301845,S3-301372,S2-202261,S2-202243,S2-202572,S2-202333,S2-202462,S2-202424,S3-302401,S3-302162,S3-302253,S3-302291,S3-302074
S1-101646	S3-301387,S2-201511,S2-201792,S2-202272,S3-302104,S3-302100,S2-201763,S2-202275,S3-301651,S2-202277,S2-202096,S2-201892,S2-202113,S2-202208,S2-202258,S2-201703,S2-201611,S2-202056,S2-201422,S2-202075,S3-301311,S3-301890,S3-301567,S3-301913,S3-302086,S3-302106,S3-301981,S3-301941,S3-302036,S2-202253,S2-202549,S2-202562,S2-202417,S2-202561,S2-202403
S1-101647	S2-201512,S3-301388,S2-202244,S2-201817,S3-302075,S2-201484,S2-202022,S2-202013,S2-201585,S2-202093,S2-202049,S2-201834,S2-202273,S2-201991,S2-202027,S2-201793,S2-201694,S2-201706,S3-301884,S3-301765,S3-301829,S3-301520,S3-301652,S3-301866,S3-301927,S3-301453,S3-302093,S3-301861,S3-301556,S3-301572,S3-302101,S3-301851,S2-201831,S3-301685,S2-202485
S1-101648	S2-201513,S3-301389,S2-201727,S3-301588,S2-201730,S2-201591,S2-201720,S2-201656,S2-201486,S2-202215,S2-201462,S2-202232,S2-201778,S2-201572,S2-201619,S2-201691,S2-201906,S3-301975,S3-302043,S3-301752,S3-302062,S3-301479,S3-301620,S3-301457,S3-302159,S3-301523,S3-301305,S3-301590,S2-201502,S2-201415,S2-202151,S3-301834,S3-301638,S3-301363,S2-202465
S1-101649	S2-201514,S3-301390,S2-202302,S3-302129,S2-201889,S2-202175,S2-202278,S2-201595,S2-201715,S2-202281,S2-201932,S2-201733,S2-202152,S2-201976,S2-201402,S2-201744,S3-301296,S3-301996,S3-302107,S3-301777,S3-301593,S3-301684,S3-301898,S3-301703,S3-301402,S3-301644,S3-302109,S3-301291,S3-301870,S3-301601,S2-201851,S2-201528,S2-202358,S2-202517,S2-202533
S1-101650	S3-301391,S2-202189,S3-301443,S3-302012,S2-202239,S2-201748,S2-202074,S2-201637,S2-201722,S2-201954,S2-201476,S2-202078,S2-201877,S2-202038,S3-301798,S3-301449,S3-301912,S3-301502,S3-301874,S3-301915,S3-301339,S2-201927,S2-201581,S3-301448,S2-202493,S2-202525,S2-202393,S2-202481,S2-202476,S2-202582,S3-302322,S3-302222,S3-301609,S3-302310,S3-302354
S1-101651	S2-201515,S3-301392,S3-301472,S2-202579,S2-202474,S2-202069,S2-201612,S2-201966,S2-201844,S2-202356,S2-202081,S2-201485,S2-201779,S2-201721,S2-202386,S2-201749,S2-202410,S2-201739,S2-201886,S2-202094,S2-201701,S2-201629,S3-301692,S3-301736,S3-302239,S3-301362,S3-302408,S3-302185,S3-301639,S3-301610,S3-301490,S3-301808,S3-301584,S3-302303,S3-301696
S1-101652	S2-201697,S3-301559,S2-202079,S3-301916,S2-201470,S2-201653,S2-201461,S2-201979,S2-201848,S2-201752,S2-201596,S2-202192,S2-202150,S2-201992,S3-301518,S3-301343,S3-301728,S3-301974,S3-301817,S3-301830,S3-302015,S3-301366,S3-301699,S3-301550,S2-201876,S2-202390,S2-202363,S2-202527,S2-202547,S2-202416,S2-202581,S2-202495,S2-202349,S3-302192,S3-301462
S1-101653	S2-201516,S3-301315,S3-301643,S2-201432,S2-201858,S2-201408,S2-201677,S2-202059,S2-202108,S2-201943,S2-201910,S3-301921,S3-301787,S3-301756,S3-301711,S3-301937,S2-201782,S2-202084,S2-201467,S2-201649,S2-201760,S2-202161,S3-301894,S3-301619,S3-302135,S2-202343,S2-202364,S2-202428,S2-202396,S2-202433,S3-302193,S3-302262,S3-302257,S3-302225,S3-302172
S1-101654	S2-201517,S3-301393,S2-202110,S2-201780,S3-301939,S2-202467,S2-201718,S2-201434,S2-202141,S2-202245,S2-201812,S2-202250,S2-201679,S2-202577,S2-202063,S2-202282,S2-201492,S2-202518,S2-201823,S2-202166,S2-202055,S2-202318,S2-202472,S2-201450,S2-201630,S2-202379,S2-202366,S2-201468,S2-201893,S2-202475,S2-201806,S2-202444,S3-301988,S3-302076,S3-301663
S1-101655	S3-301394,S3-301923,S2-201518,S2-202043,S2-201984,S2-201589,S2-202316,S2-201491,S2-201714,S2-201671,S3-301456,S3-302126,S3-302143,S3-301533,S3-301579,S2-202300,S2-201828,S3-301823,S3-301368,S3-301596,S3-301879,S2-202550,S2-202426,S2-202452,S3-302379,S3-302255,S3-302281
S1-101656	S2-201519,S3-301395,S2-201564,S2-202157,S2-201509,S2-201556,S2-201713,S2-202257,S2-201499,S2-202062,S2-202225,S2-201460,S2-202067,S3-301424,S3-302055,S3-301578,S3-301342,S3-301376,S3-301978,S3-302137,S3-301385,S3-302085,S2-202438,S3-302267
S1-101657	S2-201520,S2-201827,S3-301681,S3-301522,S2-201477,S2-202132,S2-201772,S2-202140,S2-202159,S2-201469,S2-202240,S2-201617,S2-201818,S2-201431,S2-202259,S2-201836,S2-202330,S2-201430,S2-201814,S2-201952,S2-201610,S2-202181,S3-301354,S3-301980,S3-301731,S3-301670,S3-301902,S3-301855,S3-302003,S3-301673,S3-301955,S3-302157,S3-301796,S3-301965,S3-301350
S1-101658	S2-201521,S3-301396,S2-202017,S2-201899,S2-201879,S2-202050,S2-202221,S2-201897,S2-201421,S2-201868,S2-202323,S3-302144,S3-301746,S3-302050,S3-302150,S3-301309,S2-202337,S2-202460,S2-202569,S2-202536,S3-302365,S3-302166,S3-302289,S3-302398,S2-201423,S2-202542,S2-201845,S2-201724,S2-202047,S2-202321,S2-202220,S2-202573,S2-201669,S2-201704,S2-202553
S1-101659	S2-201522,S3-301397,S2-201830,S2-202180,S2-201623,S2-202185,S2-202016,S2-202276,S2-201881,S2-201524,S2-202256,S2-201988,S2-201544,S2-201687,S2-201994,S2-202129,S2-202029,S3-301482,S3-302001,S3-301403,S3-301399,S3-301827,S3-301683,S3-302009,S3-301868,S3-301549,S3-301953,S2-201531,S2-202341,S2-202551,S2-202458,S2-202565,S2-202511,S2-202397,S2-202381
S1-101660	S2-201523,S3-301398,S2-202301,S3-302128,S2-201575,S2-201978,S2-201424,S2-201880,S3-301973,S3-302079,S3-301899,S3-301905,S3-301730,S3-301816,S2-202436,S2-202400,S2-202558,S2-202552,S3-302387,S3-302229,S3-302381,S3-302265,S2-201689,S2-201764,S2-201998,S2-202164,S2-202216,S2-201501,S2-202086,S2-201762,S2-201987,S2-202007,S2-201973,S3-301624,S3-301826
S1-101661	S3-301399,S2-201524,S2-201830,S3-301683,S2-202180,S2-201623,S2-202185,S2-202016,S2-202276,S2-201522,S2-201881,S2-202256,S2-201988,S2-201544,S2-201687,S2-201994,S2-202129,S2-202029,S3-301482,S3-302001,S3-301403,S3-301827,S3-302009,S3-301868,S3-301549,S3-301397,S3-301953,S2-201531,S2-202341,S2-202551,S2-202458,S2-202565,S2-202511,S2-202397,S2-202381
S1-101662	S2-201525,S2-202169,S3-301991,S2-201776,S2-201569,S2-201539,S2-201931,S2-201805,S2-201420,S2-201605,S2-202073,S2-202122,S2-202228,S2-202147,S2-201870,S2-201696,S2-201911,S2-202325,S2-201912,S2-201705,S2-202319,S3-301911,S3-302057,S3-301662,S3-301558,S3-302145,S3-301466,S3-302152,S3-301776,S3-301439,S3-301969,S3-301635,S3-301571,S3-301947,S3-301675
S1-101663	S3-301400,S2-201526,S2-201599,S3-301945,S3-301464,S2-202118,S2-201736,S2-202234,S2-201813,S2-201887,S2-201797,S3-301515,S3-301365,S3-302068,S3-301669,S3-301621,S3-301762,S3-301598,S3-301737,S2-202456,S2-202526,S2-202494,S3-302323,S3-302355,S3-302285,S2-201798
S1-101664	S3-301401,S2-201527,S2-201405,S2-201655,S2-202128,S2-201725,S3-301521,S3-302045,S3-302049,S3-301295,S2-202399,S2-202217,S2-201684,S3-302228,S3-301586,S3-301546,S3-301832
S1-101665	S3-301402,S2-201528,S2-201715,S2-201514,S2-201889,S2-202175,S2-202302,S2-202278,S2-201595,S2-202281,S2-201932,S2-201733,S2-202152,S2-201976,S2-201402,S2-201744,S3-301296,S3-301996,S3-301390,S3-302107,S3-301777,S3-301593,S3-301684,S3-302129,S3-301898,S3-301703,S3-301644,S3-302109,S3-301291,S3-301870,S3-301601,S2-201851,S2-202358,S2-202517,S2-202533
S1-101666	S2-201529,S3-302042,S2-202105,S2-201962,S2-201505,S2-201640,S2-202092,S2-201639,S2-201624,S3-302069,S3-301934,S3-301484,S3-301382,S3-301926,S3-301505,S2-201423,S2-202542,S2-201724,S2-202047,S2-202321,S2-201947,S2-201756,S2-202437,S3-301719,S3-301616,S3-301778,S3-302371,S3-302103,S3-302266,S3-302147,S3-301900,S3-301569,S3-301310,S2-202237,S3-301637
S1-101667	S2-201530,S2-201659,S2-201930,S3-301775,S2-201664,S3-301526,S2-201435,S2-201552,S2-201838,S2-202123,S2-201970,S2-201508,S2-202107,S2-202197,S2-201835,S2-201846,S2-201466,S2-201607,S3-301469,S3-301348,S3-301948,S3-301875,S3-301811,S3-301697,S3-301565,S3-301910,S3-301317,S3-302022,S3-301690,S3-301936,S2-202072,S2-202376,S2-202513,S2-202512,S2-202039
S1-101668	S2-201531,S3-301403,S2-201623,S2-202016,S3-301482,S2-201830,S2-202180,S2-202185,S2-202276,S2-201522,S2-201881,S2-201524,S2-202256,S2-201988,S2-201544,S2-201687,S2-201994,S2-202129,S2-202029,S3-302001,S3-301399,S3-301827,S3-301683,S3-302009,S3-301868,S3-301549,S3-301397,S3-301953,S2-202341,S2-202551,S2-202458,S2-202565,S2-202511,S2-202397,S2-202381
S1-101669	S2-201532,S3-301404,S2-201819,S3-301674,S2-202153,S2-202127,S2-202025,S2-201496,S2-202283,S2-201775,S2-202231,S2-202142,S2-201682,S2-201456,S2-202065,S2-202210,S2-201426,S3-302038,S3-302125,S3-301646,S3-301918,S3-301337,S3-302060,S3-301748,S3-301897,S3-301864,S3-301544,S3-301312,S3-302008,S3-301952,S3-302111,S3-301373,S2-202080,S2-201902,S3-301976
S1-101670	S3-301405,S2-201533,S2-202222,S2-202184,S3-302051,S3-302007,S2-202131,S2-201969,S2-202012,S2-202010,S2-201746,S2-202121,S2-201799,S2-202298,S2-201603,S2-202023,S2-201559,S2-201457,S3-301849,S3-301426,S3-301607,S3-302151,S3-301906,S3-301470,S3-301810,S3-302027,S3-301338,S3-301495,S3-301657,S3-302021,S3-302124,S3-301599,S2-201737,S3-301850,S3-301862
S1-101671	S3-301406,S2-202284,S2-201936,S3-301782,S2-202125,S2-201871,S2-201926,S2-201594,S2-202088,S2-201896,S2-201625,S2-201613,S2-201857,S2-202305,S2-201919,S2-202224,S2-201458,S2-201864,S2-201878,S3-301717,S3-301325,S3-301499,S3-301460,S3-301485,S3-302077,S3-301950,S3-301340,S3-301473,S3-302054,S3-301772,S3-301942,S3-301722,S3-301418,S2-202461,S2-202514
S1-101672	S2-201535,S2-202262,S3-302090,S2-202156,S2-201953,S2-201873,S2-201997,S2-201874,S2-202064,S2-202102,S2-201417,S2-202109,S2-201735,S3-301725,S3-301797,S3-301835,S3-301597,S3-302024,S3-301938,S3-301933,S2-202378,S2-202394,S2-202352,S2-202443,S2-202371,S3-302200,S3-302181,S3-302207,S3-302272,S3-302223,S2-202199
S1-101673	S2-201536,S2-201410,S2-201869,S2-201849,S2-202290,S2-201481,S2-201672,S2-201977,S2-201913,S2-202052,S3-301701,S3-301887,S3-301707,S3-301548,S3-301300,S3-301721,S3-301758,S3-301534,S3-302117,S2-201686,S2-202473,S2-202340,S2-202427,S3-302256,S3-302302,S3-302169
S1-101674	S2-201537,S3-301407,S2-201488,S3-302006,S2-201941,S2-201829,S2-201925,S2-201942,S2-202326,S2-201816,S2-202044,S2-201996,S2-201968,S2-201909,S2-202317,S2-202077,S2-201690,S2-201711,S3-301577,S3-301672,S3-301809,S3-302153,S3-301682,S3-301408,S3-301771,S3-301755,S3-301786,S3-301364,S3-301963,S3-301552,S3-301431,S3-301914,S3-301833,S2-202429,S3-302258
S1-101675	S2-201538,S2-201586,S2-202068,S2-201731,S2-201448,S2-202193,S2-202058,S2-201895,S2-201673,S2-201561,S3-301977,S3-301454,S3-301842,S3-301568,S3-301893,S3-301428,S3-301535,S3-301743,S3-301903,S2-202154,S2-202280,S3-301330,S2-202411,S2-202412,S2-202435,S3-302241,S3-302240,S3-302264
S1-101676	S3-301978,S2-202157,S2-201509,S2-201556,S2-201713,S2-202257,S2-201499,S2-202062,S2-202225,S2-201460,S2-201519,S2-202067,S2-201564,S3-301424,S3-302055,S3-301578,S3-301395,S3-301342,S3-301376,S3-302137,S3-301385,S3-302085,S2-202438,S3-302267
S1-101677	S2-201539,S2-201931,S2-202325,S2-202228,S3-302057,S3-302152,S3-301776,S2-201776,S2-201569,S2-202169,S2-201805,S2-201420,S2-201605,S2-202073,S2-202122,S2-202147,S2-201870,S2-201696,S2-201525,S2-201911,S2-201912,S2-201705,S2-202319,S3-301911,S3-301662,S3-301558,S3-301991,S3-302145,S3-301466,S3-301439,S3-301969,S3-301635,S3-301571,S3-301947,S3-301675
S1-101678	S3-301408,S2-202044,S3-301431,S2-201537,S2-201941,S2-201829,S2-201925,S2-201488,S2-201942,S2-202326,S2-201816,S2-201996,S2-201968,S2-201909,S2-202317,S2-202077,S2-201690,S2-201711,S3-301577,S3-301407,S3-301672,S3-301809,S3-302153,S3-301682,S3-301771,S3-301755,S3-301786,S3-301963,S3-301552,S3-301914,S3-302006,S3-301364,S3-301833,S2-202429,S3-302258
S1-101679	S2-201540,S2-202163,S2-202218,S2-201407,S2-201933,S3-301297,S2-201441,S3-301779,S3-301957,S3-301985,S2-202306,S2-202143,S2-201580,S2-202314,S2-202111,S2-201789,S2-201416,S2-202070,S2-202104,S2-201898,S2-201445,S2-202332,S2-201975,S2-201922,S2-202054,S3-301326,S3-301815,S3-301907,S3-302141,S3-301940,S3-301306,S3-301458,S3-301447,S3-301767,S2-202385
S1-101680	S2-201541,S3-301409,S2-201903,S2-201650,S3-301749,S3-301514,S2-202304,S2-201905,S2-202133,S2-201698,S2-201815,S2-201473,S2-202294,S2-201894,S2-201681,S2-202308,S2-202117,S2-201453,S2-201945,S2-202139,S2-201455,S2-201413,S3-301956,S3-301751,S3-301336,S3-302132,S3-302052,S3-301543,S3-301964,S3-301592,S3-301561,S3-301335,S3-301444,S3-301789,S3-301451
S1-101681	S3-301410,S2-201542,S2-201680,S2-201964,S2-201757,S2-201955,S2-202265,S2-201500,S2-201506,S3-301530,S3-302035,S3-302094,S3-301532,S2-202195,S2-202098,S2-201663,S2-202019,S2-201563,S3-302020,S3-301668,S3-301378,S3-301576,S3-302018,S3-301585,S3-301805,S3-302029,S3-302013,S3-301930,S3-301858,S3-301641,S3-301432,S2-202359,S2-202545,S2-202521,S2-202441
S1-101682	S3-301411,S2-201543,S2-202160,S2-201667,S3-301982,S2-202137,S2-201555,S2-201758,S2-201565,S2-202176,S2-201449,S2-202045,S2-201804,S2-202203,S2-202324,S2-201579,S2-201839,S2-202249,S2-201443,S3-301691,S3-301370,S3-301997,S3-301617,S3-301423,S3-301446,S3-301960,S3-301880,S3-301331,S3-301433,S3-301322,S2-202431,S2-202501,S3-302260,S3-302330
S1-101683	S2-201544,S2-202185,S2-202276,S3-302009,S2-201830,S2-202180,S2-201623,S2-202016,S2-201522,S2-201881,S2-201524,S2-202256,S2-201988,S2-201687,S2-201994,S2-202129,S2-202029,S3-301482,S3-302001,S3-301403,S3-301399,S3-301827,S3-301683,S3-301868,S3-301549,S3-301397,S3-301953,S2-201531,S2-202341,S2-202551,S2-202458,S2-202565,S2-202511,S2-202397,S2-202381
S1-101684	S3-301412,S2-201545,S2-202099,S2-202198,S2-202162,S2-201863,S2-201794,S3-301908,S3-301716,S3-302136,S3-301627,S3-301984,S3-301427,S3-302023,S3-301931,S3-301653,S2-201767,S2-202491,S3-302320
S1-101685	S3-301413,S3-301989,S2-202291,S2-202167,S3-302118,S2-201938,S2-201847,S2-201597,S2-201560,S2-201784,S2-202034,S2-202187,S2-202214,S2-201726,S2-201600,S2-201972,S2-201489,S2-201801,S3-301634,S3-301575,S3-301871,S3-301587,S3-301463,S3-301645,S3-301302,S3-301434,S3-301570,S3-301698,S3-301784,S3-301613,S2-202377,S2-202478,S2-202548,S3-302377,S3-302307
S1-101686	S3-301414,S3-301972,S3-301840,S2-202382,S2-202383,S2-201843,S2-201946,S2-202421,S2-202451,S2-202448,S2-202519,S2-202499,S2-201444,S2-202540,S2-202450,S2-202182,S2-201940,S2-201437,S2-202566,S2-202357,S2-201615,S3-302369,S3-301695,S3-302279,S3-301357,S3-301475,S3-302328,S3-302395,S3-302186,S3-302348,S3-301790,S3-301503,S3-301770,S3-301528,S3-302250
S1-101687	S2-201546,S3-301415,S3-301608,S2-201747,S2-201404,S2-201862,S2-201647,S2-201427,S2-202046,S2-201900,S2-202106,S2-201924,S2-202320,S3-301769,S3-301512,S3-301455,S3-301292,S3-301841,S3-301715,S3-301313,S3-302146,S3-301747,S3-301881,S3-301935
S1-101688	S3-301416,S2-201547,S2-201883,S2-201796,S2-202212,S2-201487,S2-201631,S3-301481,S3-301733,S3-302040,S3-301655,S2-202295
S1-101689	S2-201548,S2-202035,S3-301872,S2-201592,S2-201755,S2-201741,S2-201934,S2-201702,S2-202031,S2-201861,S2-201948,S2-202060,S2-202103,S3-301791,S3-301780,S3-301676,S3-301714,S3-301895,S3-301904,S3-301615,S3-302127,S2-202544,S2-202529,S2-202535,S2-202469,S2-202486,S2-201821,S3-302373,S3-302358,S3-302315,S3-302364,S3-301869,S3-302298
S1-101690	S3-301417,S2-201636,S2-201549,S3-301501,S3-302039,S2-202211,S2-202048,S2-201929,S3-301774,S3-301781,S2-201810,S2-201551,S2-201494,S2-201961,S2-201920,S2-202066,S2-201921,S2-201935,S2-202115,S2-201974,S2-201743,S2-201419,S2-202209,S2-201923,S2-202238,S2-202033,S2-201503,S3-301766,S3-302037,S3-301901,S3-301307,S3-301814,S3-301419,S3-302072,S3-301371
S1-101691	S2-201550,S3-301837,S3-301346,S2-201999,S2-202165,S2-202076,S2-201837,S2-202011,S2-201717,S2-201723,S2-202267,S2-201750,S2-202266,S2-202235,S2-201983,S2-202242,S2-201654,S2-202136,S2-201729,S3-301542,S3-301582,S3-301844,S3-302073,S3-301689,S3-301519,S3-301293,S3-301547,S3-302095,S3-301602,S3-301726,S3-301987,S3-302149,S3-302096,S3-301377,S3-301959
S1-101692	S2-201458,S3-301418,S3-301340,S3-301499,S2-202125,S2-201871,S2-201926,S2-201594,S2-202088,S2-202284,S2-201896,S2-201625,S2-201613,S2-201857,S2-202305,S2-201919,S2-201936,S2-202224,S2-201864,S2-201878,S3-301717,S3-301325,S3-301460,S3-301485,S3-302077,S3-301782,S3-301950,S3-301473,S3-302054,S3-301772,S3-301406,S3-301942,S3-301722,S2-202461,S2-202514
S1-101693	S2-201551,S3-301419,S2-201961,S2-201503,S3-301803,S3-301946,S2-201810,S2-201494,S2-201920,S2-201929,S2-202048,S2-202066,S2-201636,S2-201921,S2-201935,S2-202115,S2-201974,S2-201743,S2-201419,S2-202209,S2-201549,S2-201923,S2-202238,S2-202033,S2-202211,S3-301766,S3-302037,S3-301901,S3-301774,S3-301307,S3-301417,S3-301814,S3-302072,S3-301501,S3-301371
S1-101694	S3-301420,S2-201921,S3-301766,S2-201961,S2-201929,S2-202048,S2-202066,S2-201935,S2-202115,S2-201974,S2-201419,S2-202209,S2-201549,S2-202211,S3-302037,S3-301901,S3-301774,S3-301307,S3-301417,S3-301814,S3-302072,S3-301371,S3-301803,S3-301781,S3-302039,S2-201494,S2-202241,S2-201810,S2-201551,S2-201920,S2-201636,S2-201743,S2-201923,S2-202238,S2-202033
S1-101695	S2-201552,S3-301875,S2-201435,S2-201838,S2-202123,S2-201530,S2-202107,S2-202197,S2-201835,S2-201846,S2-201607,S3-301348,S3-301948,S3-301811,S3-301526,S3-301775,S3-301690,S2-201664,S2-201659,S2-201970,S2-201508,S2-201930,S2-201466,S3-301469,S3-301697,S3-301565,S3-301910,S3-301317,S3-302022,S3-301936,S2-202072,S2-202039,S2-202376,S2-202513,S2-202512
S1-101696	S3-301421,S3-301498,S3-301539,S2-201676,S2-201918,S2-201440,S2-201403,S2-201826,S2-202254,S2-201429,S2-202085,S3-301724,S3-301764,S3-301680,S3-301496,S3-301510,S3-301347,S3-302083,S3-301708,S2-201465,S2-201644,S2-201709,S3-301319,S3-302025,S2-201553,S2-202414,S2-202345,S2-202207,S2-202564,S3-302393,S3-302174,S3-302243,S2-202447,S2-202350,S2-201532
S1-101697	S2-201554,S3-301422,S2-202138,S2-201475,S2-202191,S3-302014,S3-301353,S3-301962,S2-201986,S2-201916,S2-201867,S2-201865,S2-201990,S2-202204,S2-202090,S2-201474,S2-201447,S2-201771,S3-301825,S3-302156,S3-301720,S3-301640,S3-301329,S3-301925,S3-301631,S3-301352,S3-301380,S3-302030,S2-202217,S2-201527,S2-201684,S3-301586,S3-301546
S1-101698	S2-201555,S3-301423,S3-301370,S2-202137,S2-201758,S2-201565,S2-202176,S2-201449,S2-202160,S2-202045,S2-201804,S2-202203,S2-202324,S2-201667,S2-201579,S2-201839,S2-202249,S2-201443,S3-301691,S3-301997,S3-301617,S3-301446,S3-301960,S3-301880,S3-301411,S3-301331,S3-301982,S3-301433,S2-201543,S3-301322,S2-202431,S2-202501,S3-302260,S3-302330
S1-101699	S2-201556,S3-301424,S2-201713,S3-301578,S3-301342,S2-202157,S2-201509,S2-202257,S2-201499,S2-202062,S2-202225,S2-201460,S2-201519,S2-202067,S2-201564,S3-302055,S3-301395,S3-301376,S3-301978,S3-302137,S3-301385,S3-302085,S2-202438,S3-302267
S1-101700	S2-201557,S3-301425,S2-201907,S3-301660,S3-301753,S2-202030,S2-202097,S2-202091,S2-202322,S2-201791,S2-202082,S3-301929,S3-301650,S3-301768,S2-202367,S2-202500,S2-202578,S3-302196,S3-302329,S3-302407
S1-101701	S2-201558,S2-201463,S2-201783,S2-201497,S2-201651,S2-202018,S2-202219,S2-201602,S2-201614,S2-201428,S3-301856,S3-301374,S3-301883,S3-301560,S3-301474,S3-301516,S3-302046,S3-301917,S3-301314,S3-301345,S2-202405,S2-202338,S2-202339,S3-302167,S3-302168,S3-302234
S1-101702	S3-301426,S2-201559,S3-301495,S3-301906,S2-201969,S2-201533,S2-202012,S2-202010,S2-201746,S2-202121,S2-202222,S2-201799,S2-202298,S2-201603,S2-202023,S2-202184,S2-201457,S2-202131,S3-301849,S3-301607,S3-302151,S3-301470,S3-301810,S3-302027,S3-301338,S3-302051,S3-301405,S3-301657,S3-302021,S3-302007,S3-302124,S3-301599,S2-201737,S3-301850,S3-301862
S1-101703	S2-201560,S3-301575,S2-202291,S2-201938,S2-201847,S2-201597,S2-201784,S2-202034,S2-202187,S2-202214,S2-201726,S2-201600,S2-201972,S2-201489,S2-202167,S2-201801,S3-301989,S3-301634,S3-301413,S3-301871,S3-301587,S3-301463,S3-301645,S3-301302,S3-301434,S3-301570,S3-301698,S3-302118,S3-301784,S3-301613,S2-202377,S2-202478,S2-202548,S2-201708,S3-302377
S1-101704	S3-301427,S2-202099,S2-202198,S2-202162,S2-201863,S2-201794,S3-301908,S3-301716,S3-302136,S3-301627,S3-301412,S3-301984,S3-302023,S3-301931,S3-301653,S2-201545,S2-201767,S2-202491,S3-302320
S1-101705	S2-201561,S3-301428,S2-201586,S3-301454,S2-202068,S2-201731,S2-201448,S2-202193,S2-202058,S2-201538,S2-201895,S2-201673,S3-301977,S3-301842,S3-301568,S3-301893,S3-301535,S3-301743,S3-301903,S2-202154,S2-202280,S3-301330,S2-202411,S2-202412,S2-202435,S3-302241,S3-302240,S3-302264
S1-101706	S3-301429,S2-202271,S2-201609,S2-201825,S2-201632,S2-202037,S2-202087,S2-201981,S3-301819,S3-302099,S3-301471,S3-301873,S3-301492,S2-202368,S2-202408,S2-202510,S3-302339,S3-302237,S3-302197
S1-101707	S2-201562,S3-301430,S2-201504,S3-301381,S2-201446,S2-202205,S2-201712,S2-201668,S2-201901,S2-201995,S2-201652,S2-201860,S2-202026,S2-201832,S3-301865,S3-301517,S3-301600,S3-301686,S3-301328,S3-301713,S3-302031,S2-202522,S2-202425,S2-202505,S3-302334,S3-302351,S3-302254
S1-101708	S3-301431,S2-202044,S3-301408,S2-201537,S2-201941,S2-201829,S2-201925,S2-201488,S2-201942,S2-202326,S2-201816,S2-201996,S2-201968,S2-201909,S2-202317,S2-202077,S2-201690,S2-201711,S3-301577,S3-301407,S3-301672,S3-301809,S3-302153,S3-301682,S3-301771,S3-301755,S3-301786,S3-301963,S3-301552,S3-301914,S3-302006,S3-301364,S3-301833,S2-202429,S3-302258
S1-101709	S2-201563,S2-202098,S3-301930,S2-202019,S3-302020,S3-301858,S2-201964,S2-201757,S2-201955,S2-201680,S2-202265,S2-201500,S2-201506,S3-301530,S3-302035,S3-302094,S3-301532,S3-301432,S2-201542,S2-202195,S2-201663,S3-301668,S3-301378,S3-301576,S3-302018,S3-301585,S3-301805,S3-302029,S3-301410,S3-302013,S3-301641,S2-202359,S2-202545,S2-202521,S2-202441
S1-101710	S2-201564,S2-201519,S3-301395,S2-202157,S2-201509,S2-201556,S2-201713,S2-202257,S2-201499,S2-202062,S2-202225,S2-201460,S2-202067,S3-301424,S3-302055,S3-301578,S3-301342,S3-301376,S3-301978,S3-302137,S3-301385,S3-302085,S2-202438,S3-302267
S1-101711	S2-201565,S3-301433,S2-202137,S2-201804,S3-301960,S2-201758,S2-202176,S2-202045,S3-301997,S3-301617,S3-301880,S2-201555,S2-201449,S2-202160,S2-202203,S2-202324,S2-201667,S2-201579,S2-201839,S2-202249,S2-201443,S3-301691,S3-301370,S3-301423,S3-301446,S3-301411,S3-301331,S3-301982,S2-201543,S3-301322,S2-202431,S2-202501,S3-302260,S3-302330
S1-101712	S3-301434,S2-201801,S2-202291,S2-201938,S2-201847,S2-201597,S2-201560,S2-201784,S2-202034,S2-202187,S2-202214,S2-201726,S2-201600,S2-201972,S2-201489,S2-202167,S3-301989,S3-301634,S3-301413,S3-301575,S3-301871,S3-301587,S3-301463,S3-301645,S3-301302,S3-301570,S3-301698,S3-302118,S3-301784,S3-301613,S2-202377,S2-202478,S2-202548,S3-302377,S3-302307
S1-101713	S3-301435,S2-201452,S3-301333,S2-201915,S2-202286,S2-201882,S2-202028,S2-202149,S2-201436,S2-201787,S2-201960,S2-201660,S2-202174,S2-202264,S2-202313,S2-202268,S2-202126,S2-201803,S3-301661,S3-301760,S3-302088,S3-302092,S3-301971,S3-301648,S3-301732,S3-301527,S3-301995,S3-302140,S3-301951,S3-302098,S3-301867,S2-202556,S2-202374,S3-302385,S3-302203
S1-101714	S2-201566,S2-201587,S2-201820,S2-201967,S2-201495,S2-202005,S3-301386,S3-301845,S3-301372,S2-202572,S2-202333,S2-202462,S2-202424,S3-302401,S3-302162,S3-302253,S3-302291,S2-202261,S2-201510,S2-202243,S3-302074
S1-101715	S3-301436,S2-201567,S3-301649,S2-201790,S2-201809,S2-201908,S2-202226,S2-201618,S2-201483,S2-202247,S2-202000,S2-201604,S2-202021,S2-201399,S3-301754,S3-301289,S3-301465,S3-301359,S3-301838,S3-301344,S3-301860,S3-301478,S3-301891,S3-302078,S3-302161,S2-202523,S2-202391,S3-302220,S3-302352
S1-101716	S2-201568,S3-301437,S2-201601,S2-201574,S3-301739,S3-301788,S2-201944,S2-201890,S2-202303,S2-201740,S2-201965,S2-201852,S2-201573,S2-201811,S2-201856,S2-201401,S2-201833,S2-201442,S2-202288,S2-202194,S2-201854,S2-201674,S2-202202,S2-201781,S3-301706,S3-301704,S3-302028,S3-302017,S3-301536,S3-302130,S3-301806,S3-302115,S3-301441,S3-301666,S3-301467
S1-101717	S3-301438,S3-301311,S2-201792,S2-202277,S2-201511,S2-202096,S2-201892,S2-202113,S2-202208,S2-202272,S2-202258,S2-202275,S2-201703,S2-201763,S2-201611,S2-202056,S2-201422,S2-202075,S3-302104,S3-302100,S3-301651,S3-301890,S3-301567,S3-301913,S3-302086,S3-302106,S3-301981,S3-301941,S3-301387,S3-302036,S2-201425,S2-202253,S2-202549,S2-202562,S2-202417
S1-101718	S2-201569,S3-301439,S2-201912,S2-201705,S3-301757,S3-301571,S2-201776,S2-202169,S2-201539,S2-201931,S2-201805,S2-201420,S2-201605,S2-202073,S2-202122,S2-202228,S2-202147,S2-201870,S2-201696,S2-201525,S2-201911,S2-202325,S2-202319,S3-301911,S3-302057,S3-301662,S3-301558,S3-301991,S3-302145,S3-301466,S3-302152,S3-301776,S3-301308,S3-301969,S3-301635
S1-101719	S2-201570,S2-201571,S2-201765,S2-201493,S2-201590,S2-201761,S3-301294,S3-301369,S3-301626,S3-301625,S3-301623,S3-302056,S2-201950,S2-202480,S2-202567,S3-302309,S3-302396,S2-202227,S3-301440,S2-201643,S2-201904,S2-201850,S2-202135,S2-202312,S2-202042,S2-201768,S2-201576,S2-202269,S2-201678,S3-301540,S3-301993,S3-301793,S3-301702,S3-301628,S3-301442
S1-101720	S2-201571,S2-201570,S2-201765,S2-201493,S2-201590,S2-201761,S3-301294,S3-301369,S3-301626,S3-301625,S3-301623,S3-302056,S2-202227,S2-202480,S2-202567,S3-302309,S3-302396,S2-201643,S2-201904,S2-201950,S2-201850,S2-202135,S2-202312,S2-202042,S2-201768,S2-201576,S2-202269,S2-201678,S3-301540,S3-301993,S3-301793,S3-301702,S3-301628,S3-301442,S3-301750
S1-101721	S2-201572,S2-201730,S2-201591,S2-201720,S2-201513,S2-201656,S2-201727,S2-201486,S2-202215,S2-201462,S2-202232,S2-201778,S2-201619,S2-201691,S2-201906,S3-301975,S3-302043,S3-301752,S3-302062,S3-301588,S3-301479,S3-301620,S3-301457,S3-301389,S3-302159,S3-301523,S3-301305,S3-301590,S2-201502,S2-201415,S2-202151,S3-301834,S3-301638,S3-301363,S2-202465
S1-101722	S2-201573,S3-301441,S2-201965,S3-301806,S2-202303,S2-201740,S2-201568,S2-201852,S2-201811,S2-201856,S2-201401,S2-201833,S2-201601,S2-201944,S2-201442,S2-202288,S2-202194,S2-201854,S2-201890,S2-201674,S2-202202,S2-201781,S2-201574,S3-301706,S3-301704,S3-302028,S3-301788,S3-302017,S3-301536,S3-302130,S3-302115,S3-301666,S3-301467,S3-301437,S3-301290
S1-101723	S2-201574,S2-201601,S2-201944,S2-201890,S3-301437,S3-301739,S2-201568,S3-301788,S2-202303,S2-201740,S2-201965,S2-201852,S2-201573,S2-201811,S2-201856,S2-201401,S2-201833,S2-201442,S2-202288,S2-202194,S2-201854,S2-201674,S2-202202,S2-201781,S3-301706,S3-301704,S3-302028,S3-302017,S3-301536,S3-302130,S3-301806,S3-302115,S3-301441,S3-301666,S3-301467
S1-101724	S2-201575,S2-201523,S2-201978,S2-201424,S2-202301,S2-201880,S3-301398,S3-301973,S3-302079,S3-301899,S3-301905,S3-301730,S3-302128,S3-301816,S2-202436,S2-202400,S2-202558,S2-202552,S3-302387,S3-302229,S3-302381,S3-302265,S2-201689,S2-201764,S2-201998,S2-202164,S2-202216,S2-201501,S2-202086,S2-201762,S2-201987,S2-202007,S2-201973,S3-301624,S3-301826
S1-101725	S2-201576,S3-301442,S3-302002,S2-201768,S3-301628,S2-201643,S2-201904,S2-201950,S2-201850,S2-202135,S2-202312,S2-202042,S2-201678,S3-301540,S3-301993,S3-301793,S3-301702,S3-301750,S3-301958,S3-301509,S3-302139,S3-301761,S2-202269,S2-201571,S2-201570,S2-201765,S2-201493,S2-201590,S2-202480,S2-202567,S2-201761,S3-301294,S3-301369,S3-301626,S3-302309
S1-101726	S3-301443,S2-202189,S3-301391,S3-302012,S2-202239,S2-201748,S2-202074,S2-201637,S2-201722,S2-201954,S2-201476,S2-202078,S2-201877,S2-202038,S3-301798,S3-301449,S3-301912,S3-301502,S3-301874,S3-301915,S3-301339,S2-201927,S2-201577,S2-201581,S3-301448,S2-202493,S2-202525,S2-202393,S2-202481,S2-202476,S2-202582,S3-302322,S3-302222,S3-301609,S3-302310
S1-101727	S3-301444,S2-201894,S2-202117,S3-301671,S2-201578,S2-201815,S2-202304,S2-201903,S2-201905,S2-202133,S2-201698,S2-201473,S2-202294,S2-201681,S2-202308,S2-201541,S2-201453,S2-201945,S2-202139,S2-201455,S2-201650,S2-201413,S3-301956,S3-301751,S3-301336,S3-301749,S3-302132,S3-302052,S3-301543,S3-301964,S3-301592,S3-301561,S3-301409,S3-301335,S3-301789
S1-101728	S3-301445,S2-202293,S3-302120,S2-202190,S2-201808,S2-201734,S2-201951,S2-202248,S2-202252,S3-301488,S3-301595,S3-301665,S3-301677,S3-302112,S3-301795,S3-302082,S2-201822,S2-202348,S2-202347,S2-202483,S2-202407,S3-302176,S3-302312,S3-302236,S3-302177,S2-201665,S2-202327,S2-202124,S2-202274,S2-202146,S2-202116,S2-202120,S2-201716,S2-202114,S2-202543
S1-101729	S3-301446,S2-201579,S2-202137,S2-201555,S2-201758,S2-201565,S2-202176,S2-201449,S2-202160,S2-202045,S2-201804,S2-202203,S2-202324,S2-201667,S2-201839,S2-202249,S2-201443,S3-301691,S3-301370,S3-301997,S3-301617,S3-301423,S3-301960,S3-301880,S3-301411,S3-301331,S3-301982,S3-301433,S2-201543,S3-301322,S2-202431,S2-202501,S3-302260,S3-302330
S1-101730	S2-202258,S2-202075,S2-202113,S3-301913,S3-302086,S3-301941,S2-201792,S2-202277,S2-201511,S2-202096,S2-201892,S2-202208,S2-202272,S2-202275,S2-201703,S2-201763,S2-201611,S2-202056,S2-201422,S3-302104,S3-302100,S3-301651,S3-301311,S3-301890,S3-301567,S3-302106,S3-301981,S3-301387,S3-302036,S2-202253,S2-202549,S2-202562,S2-202417,S2-202561,S2-202403
S1-101731	S2-201580,S3-301447,S2-201975,S3-301815,S2-202306,S2-202143,S2-202314,S2-202111,S2-201789,S2-201416,S2-202070,S2-201540,S2-202104,S2-202163,S2-201898,S2-201445,S2-202332,S2-202218,S2-201407,S2-201922,S2-201441,S2-202054,S2-201933,S3-301326,S3-301297,S3-301779,S3-301907,S3-301957,S3-302141,S3-301940,S3-301306,S3-301458,S3-301985,S3-301767,S2-202385
S1-101732	S2-201581,S3-301448,S3-301912,S2-202074,S2-202239,S2-201748,S2-201637,S2-201722,S2-201954,S2-201476,S2-202078,S2-201877,S2-202038,S2-202189,S3-301798,S3-302012,S3-301449,S3-301443,S3-301391,S3-301502,S3-301874,S3-301915,S3-301339,S2-202493,S2-202525,S2-202393,S2-202481,S2-202476,S2-202582,S2-201927,S3-302322,S3-302222,S3-301609,S3-302310,S3-302354
S1-101733	S3-301449,S2-202239,S2-201748,S2-202074,S2-201637,S2-201722,S2-201954,S2-201476,S2-202078,S2-201877,S2-202038,S2-202189,S3-301798,S3-302012,S3-301912,S3-301443,S3-301391,S3-301502,S3-301874,S3-301915,S3-301339,S2-201927,S2-201581,S3-301448,S2-202493,S2-202525,S2-202393,S2-202481,S2-202476,S2-202582,S3-302322,S3-302222,S3-301609,S3-302310,S3-302354
S1-101734	S3-301450,S2-201582,S2-201646,S3-302133,S3-301341,S2-202213,S2-202201,S2-201628,S2-201688,S2-202173,S2-202233,S2-201841,S2-201459,S2-201438,S2-202001,S2-202179,S2-201418,S2-201439,S2-201657,S3-301693,S3-301553,S3-302063,S3-302000,S3-301727,S3-301524,S3-301839,S2-202095,S2-201875,S2-201719,S2-201464,S2-201692,S2-202309,S2-201700,S2-201634,S3-301318
S1-101735	S3-301451,S2-201455,S3-301336,S3-301789,S2-202304,S2-201945,S2-201903,S2-201905,S2-202133,S2-201698,S2-201815,S2-201473,S2-202294,S2-201894,S2-201681,S2-202308,S2-202117,S2-201541,S2-201453,S2-202139,S2-201650,S2-201413,S3-301956,S3-301751,S3-301749,S3-302132,S3-302052,S3-301543,S3-301964,S3-301592,S3-301561,S3-301409,S3-301335,S3-301444,S3-301514
S1-101736	S2-201583,S2-201414,S2-202200,S2-201769,S2-201693,S2-201627,S2-202004,S3-301487,S3-301843,S3-301554,S3-302070,S3-301629,S2-202575,S3-302404,S2-202329,S2-201949,S2-202315,S2-202071,S2-202246,S2-202206,S2-201989,S2-201683,S2-201872,S2-202083,S3-301909,S3-301792,S3-301828,S3-301854,S3-301545,S3-301723,S3-302034,S3-302142
S1-101737	S2-201584,S3-301452,S3-301863,S2-202024,S2-201742,S2-201728,S2-202171,S2-201777,S2-201807,S2-201824,S2-201400,S2-202279,S2-202008,S3-301679,S3-301664,S3-302108,S3-301994,S3-301589,S3-301847,S3-301712,S3-301604,S3-301794,S3-301636,S2-202342,S2-202557,S2-202504,S3-302386,S3-302333,S3-302171,S2-201859
S1-101738	S3-301453,S2-201585,S3-302101,S2-202273,S2-201484,S2-202022,S2-202013,S2-202093,S2-202049,S2-201834,S2-201817,S2-201991,S2-202027,S2-201793,S2-201512,S2-202244,S2-201694,S2-201706,S3-301884,S3-301388,S3-302075,S3-301765,S3-301829,S3-301520,S3-301652,S3-301866,S3-301927,S3-302093,S3-301861,S3-301556,S3-301572,S3-301851,S2-201831,S3-301685,S2-202485
S1-101739	S3-301454,S2-201586,S3-301428,S2-201561,S2-202068,S2-201731,S2-201448,S2-202193,S2-202058,S2-201538,S2-201895,S2-201673,S3-301977,S3-301842,S3-301568,S3-301893,S3-301535,S3-301743,S3-301903,S2-202154,S2-202280,S3-301330,S2-202411,S2-202412,S2-202435,S3-302241,S3-302240,S3-302264
S1-101740	S2-201587,S2-201820,S2-201566,S2-201967,S2-201495,S2-202005,S3-301386,S3-301845,S3-301372,S2-202261,S2-201510,S2-202243,S2-202572,S2-202333,S2-202462,S2-202424,S3-302401,S3-302162,S3-302253,S3-302291,S3-302074
S1-101741	S3-301455,S2-201747,S2-201404,S2-201546,S2-201862,S2-201647,S2-201427,S2-202046,S2-201900,S2-202106,S2-201924,S2-202320,S3-301769,S3-301608,S3-301512,S3-301292,S3-301841,S3-301415,S3-301715,S3-301313,S3-302146,S3-301747,S3-301881,S3-301935
S1-101742	S2-201588,S2-201766,S2-201853,S2-202089,S2-201507,S2-201642,S2-201606,S2-201855,S2-202172,S2-201675,S2-201866,S2-201993,S2-202297,S2-202186,S3-301508,S3-301705,S3-301831,S3-302114,S3-301566,S3-301384,S3-301537,S3-301735,S3-302010,S3-301718,S3-301612,S2-202287,S2-201885,S2-201753,S2-201454,S3-302123,S3-301694,S2-202520,S2-202489,S2-202449,S2-202459
S1-101743	S2-201589,S3-301456,S2-202043,S2-201984,S2-202316,S2-201491,S2-201714,S2-201671,S3-302126,S3-301923,S3-302143,S3-301533,S3-301579,S3-301394,S2-201518,S2-202300,S2-201828,S3-301823,S3-301368,S3-301596,S3-301879,S2-202550,S2-202426,S2-202452,S3-302379,S3-302255,S3-302281
S1-101744	S2-201590,S3-301294,S2-201571,S2-201570,S2-201765,S2-201493,S2-201761,S3-301369,S3-301626,S3-301625,S3-301623,S3-302056,S2-202227,S2-202480,S2-202567,S3-302309,S3-302396,S3-301509,S2-201643,S2-201904,S2-201950,S2-201850,S2-202135,S2-202312,S2-202042,S2-201768,S2-201576,S2-202269,S2-201678,S3-301540,S3-301993,S3-301793,S3-301702,S3-301628,S3-301442
S1-101745	S2-201591,S3-301457,S3-301752,S3-301834,S2-201906,S2-201691,S2-201730,S2-201720,S2-201513,S2-201656,S2-201727,S2-201486,S2-202215,S2-201462,S2-202232,S2-201778,S2-201572,S2-201619,S3-301975,S3-302043,S3-302062,S3-301588,S3-301479,S3-301620,S3-301389,S3-302159,S3-301523,S3-301305,S3-301590,S2-201502,S2-201415,S2-202151,S3-301638,S3-301363,S2-202465
S1-101746	S2-201592,S2-202031,S2-202060,S3-301895,S3-301869,S2-201755,S2-201741,S2-201934,S2-201702,S2-201548,S2-201861,S2-201948,S2-202035,S2-202103,S3-301791,S3-301780,S3-301872,S3-301676,S3-301714,S3-301904,S3-301615,S3-302127,S2-202544,S2-202529,S2-202535,S2-202469,S2-202486,S2-201821,S3-302373,S3-302358,S3-302315,S3-302364,S3-302298
S1-101747	S3-301977,S2-202154,S2-201586,S2-202068,S2-201731,S2-201448,S2-202193,S2-202058,S2-201538,S2-201895,S2-201673,S2-201561,S3-301454,S3-301842,S3-301568,S3-301893,S3-301428,S3-301535,S3-301743,S3-301903,S2-202280,S3-301330,S2-202411,S2-202412,S2-202435,S3-302241,S3-302240,S3-302264
S1-101748	S3-301458,S2-201445,S2-201922,S2-202104,S3-301767,S3-301326,S2-202306,S2-202143,S2-201580,S2-202314,S2-202111,S2-201789,S2-201416,S2-202070,S2-201540,S2-202163,S2-201898,S2-202332,S2-201975,S2-202218,S2-201407,S2-201441,S2-202054,S2-201933,S3-301297,S3-301815,S3-301779,S3-301907,S3-301957,S3-302141,S3-301940,S3-301306,S3-301447,S3-301985,S2-202385
S1-101749	S2-201597,S3-301645,S2-201784,S3-301463,S2-201593,S2-202291,S2-201938,S2-201847,S2-201560,S2-202034,S2-202187,S2-202214,S2-201726,S2-201600,S2-201972,S2-201489,S2-202167,S2-201801,S3-301989,S3-301634,S3-301413,S3-301575,S3-301871,S3-301587,S3-301302,S3-301434,S3-301570,S3-301698,S3-302118,S3-301784,S3-301613,S2-202377,S2-202478,S2-202548,S3-302377
S1-101750	S2-201594,S3-301460,S3-301485,S2-201625,S2-202125,S2-201871,S2-201926,S2-202088,S2-202284,S2-201896,S2-201613,S2-201857,S2-202305,S2-201919,S2-201936,S2-202224,S2-201458,S2-201864,S2-201878,S3-301717,S3-301325,S3-301499,S3-302077,S3-301782,S3-301950,S3-301340,S3-301473,S3-302054,S3-301772,S3-301406,S3-301942,S3-301722,S3-301418,S2-202461,S2-202514
S1-101751	S3-301461,S2-202229,S3-302058,S2-202020,S2-201939,S2-201963,S2-202260,S2-201620,S2-201707,S2-202015,S2-201699,S2-202130,S2-201891,S2-201451,S2-201982,S2-201751,S3-301740,S3-301574,S3-301820,S3-301656,S3-301859,S3-302089,S3-301562,S3-301954,S3-301332,S3-301853,S3-301804,S3-301785,S3-301857,S3-301580,S2-202537,S2-202563,S2-202498,S2-202507,S2-202418
S1-101752	S2-201595,S3-301898,S2-201514,S2-201889,S2-202175,S2-202302,S2-202278,S2-201715,S2-202281,S2-201932,S2-201733,S2-202152,S2-201976,S2-201402,S2-201744,S3-301296,S3-301996,S3-301390,S3-302107,S3-301777,S3-301593,S3-301684,S3-302129,S3-301703,S3-301402,S3-301644,S3-302109,S3-301291,S3-301870,S3-301601,S2-201851,S2-201528,S2-202358,S2-202517,S2-202533
S1-101753	S2-201596,S2-201848,S3-301699,S2-201470,S2-201653,S2-201461,S2-201979,S2-201697,S2-201752,S2-202192,S2-202150,S2-201992,S2-202079,S3-301462,S3-301518,S3-301343,S3-301728,S3-301559,S3-301974,S3-301916,S3-301817,S3-301830,S3-302015,S3-301366,S3-301550,S2-201876,S2-202390,S2-202363,S2-202527,S2-202547,S2-202416,S2-202581,S2-202495,S2-202349,S2-202223
S1-101754	S2-201597,S3-301463,S2-201784,S3-301645,S2-202291,S2-201938,S2-201847,S2-201560,S2-202034,S2-202187,S2-202214,S2-201726,S2-201600,S2-201972,S2-201489,S2-202167,S2-201801,S3-301989,S3-301634,S3-301413,S3-301575,S3-301871,S3-301587,S3-301302,S3-301434,S3-301570,S3-301698,S3-302118,S3-301784,S3-301613,S2-201593,S2-202377,S2-202478,S2-202548,S3-302377
S1-101755	S2-201598,S2-202220,S2-201669,S2-202100,S2-202178,S2-202155,S2-202255,S2-202051,S3-301886,S3-301932,S3-302084,S3-301999,S3-302048,S2-202573,S2-202553,S3-302382,S3-302402,S2-201423,S2-202017,S2-202542,S2-201899,S2-201845,S2-201879,S2-201724,S2-202047,S2-202321,S2-201704,S2-202050,S2-201947,S2-202221,S2-201756,S2-201521,S2-201897,S2-201421,S2-201868
S1-101756	S2-201599,S3-301464,S2-202118,S2-201526,S3-301400,S3-301945,S2-201736,S2-202234,S2-201813,S2-201887,S2-201797,S3-301515,S3-301365,S3-302068,S3-301669,S3-301621,S3-301762,S3-301598,S3-301737,S2-202456,S2-202526,S2-202494,S3-302323,S3-302355,S3-302285,S2-201798
S1-101757	S2-201600,S3-301634,S3-301613,S2-202291,S2-201938,S2-201847,S2-201597,S2-201560,S2-201784,S2-202034,S2-202187,S2-202214,S2-201726,S2-201972,S2-201489,S2-202167,S2-201801,S3-301989,S3-301413,S3-301575,S3-301871,S3-301587,S3-301463,S3-301645,S3-301302,S3-301434,S3-301570,S3-301698,S3-302118,S3-301784,S2-201774,S2-201754,S2-202377,S2-202478,S2-202548
S1-101758	S2-201601,S3-301437,S2-201574,S3-301788,S3-301739,S2-201568,S2-201890,S2-201944,S2-202303,S2-201740,S2-201965,S2-201573,S2-201811,S2-201856,S2-201401,S2-201833,S2-201442,S2-202194,S2-202202,S3-301706,S3-302028,S3-302017,S3-302130,S3-301441,S3-301666,S3-301467,S3-301290,S3-301709,S3-301642,S2-201852,S2-202288,S2-201854,S2-201674,S2-201781,S3-301704
S1-101759	S2-201602,S2-201614,S3-301474,S2-201463,S2-201783,S2-201497,S2-201651,S2-202018,S2-202219,S2-201558,S2-201428,S3-301856,S3-301374,S3-301883,S3-301560,S3-301516,S3-302046,S3-301917,S3-301314,S3-301345,S2-202405,S2-202338,S2-202339,S3-302167,S3-302168,S3-302234
S1-101760	S2-201603,S2-202012,S3-301850,S2-201969,S2-201533,S2-202010,S2-201746,S2-202121,S2-202222,S2-201799,S2-202298,S2-202023,S2-201559,S2-202184,S2-201457,S2-202131,S3-301849,S3-301426,S3-301607,S3-302151,S3-301906,S3-301470,S3-301810,S3-302027,S3-301338,S3-302051,S3-301405,S3-301495,S3-301657,S3-302021,S3-302007,S3-302124,S3-301599,S2-201737,S3-301862
S1-101761	S3-301465,S2-201604,S3-302161,S2-201809,S2-201908,S2-201790,S2-202226,S2-201618,S2-201483,S2-202247,S2-201567,S2-202000,S2-202021,S2-201399,S3-301754,S3-301289,S3-301436,S3-301649,S3-301359,S3-301838,S3-301344,S3-301860,S3-301478,S3-301891,S3-302078,S2-202523,S2-202391,S3-302220,S3-302352
S1-101762	S2-201605,S3-301466,S2-201776,S2-201569,S2-202169,S2-201539,S2-201931,S2-201805,S2-201420,S2-202073,S2-202122,S2-202228,S2-202147,S2-201870,S2-201696,S2-201525,S2-201911,S2-202325,S2-201912,S2-201705,S2-202319,S3-301911,S3-302057,S3-301662,S3-301558,S3-301991,S3-302145,S3-302152,S3-301776,S3-301439,S3-301969,S3-301635,S3-301571,S3-301947,S3-301675
S1-101763	S3-301290,S3-301467,S2-201740,S3-301709,S2-201856,S2-201401,S2-202303,S2-201568,S2-201965,S2-201852,S2-201573,S2-201811,S2-201833,S2-201601,S2-201944,S2-201442,S2-202288,S2-202194,S2-201854,S2-201890,S2-201674,S2-202202,S2-201781,S2-201574,S3-301706,S3-301704,S3-302028,S3-301788,S3-302017,S3-301536,S3-302130,S3-301806,S3-302115,S3-301441,S3-301666
S1-101764	S3-301472,S3-301468,S2-201515,S3-301392,S2-202069,S2-201612,S2-201966,S2-201844,S2-202081,S2-201485,S2-201779,S2-201721,S2-201749,S2-201739,S2-201886,S2-202094,S2-201701,S2-201629,S3-301692,S3-301736,S3-301362,S3-301639,S3-301610,S3-301490,S3-301808,S3-301584,S3-301696,S3-301529,S3-301564,S3-301622,S3-301919,S3-301555,S2-202579,S2-202474,S2-202356
S1-101765	S2-201606,S2-201753,S3-301612,S2-201853,S2-202089,S2-201507,S2-201642,S2-201855,S2-202172,S2-201588,S2-201675,S2-201866,S2-201993,S2-202297,S2-202186,S2-201766,S3-301508,S3-301705,S3-301831,S3-302114,S3-301566,S3-301384,S3-301537,S3-301735,S3-302010,S3-301718,S2-202287,S2-201885,S2-201454,S3-302123,S3-301694,S2-202520,S2-202489,S2-202449,S2-202459
S1-101766	S2-201607,S3-301469,S2-201435,S2-201552,S2-201838,S2-202123,S2-201530,S2-202107,S2-202197,S2-201835,S2-201846,S3-301348,S3-301948,S3-301875,S3-301811,S3-301526,S3-301775,S3-301690,S2-201664,S2-201659,S2-201970,S2-201508,S2-201930,S2-201466,S3-301697,S3-301565,S3-301910,S3-301317,S3-302022,S3-301936,S2-202072,S2-202039,S2-202376,S2-202513,S2-202512
S1-101767	S2-201608,S3-301607,S3-301470,S3-302021,S2-201969,S2-201533,S2-202010,S2-202222,S2-201799,S2-201603,S2-202023,S2-201559,S3-301849,S3-301906,S3-301810,S3-302027,S3-301338,S3-301405,S3-301495,S3-301657,S3-301599,S2-201746,S2-202012,S2-202121,S2-202298,S2-202184,S2-201457,S2-202131,S3-301426,S3-302151,S3-302051,S3-302007,S3-302124,S2-201737,S3-301850
S1-101768	S3-301471,S2-201609,S3-301492,S2-201632,S2-202271,S2-201825,S2-202037,S2-202087,S2-201981,S3-301819,S3-302099,S3-301873,S3-301429,S2-202368,S2-202408,S2-202510,S3-302339,S3-302237,S3-302197
S1-101769	S3-301472,S2-201515,S3-301392,S3-301468,S2-202069,S2-201612,S2-201966,S2-201844,S2-202081,S2-201485,S2-201779,S2-201721,S2-201749,S2-201739,S2-201886,S2-202094,S2-201701,S2-201629,S3-301692,S3-301736,S3-301362,S3-301639,S3-301610,S3-301490,S3-301808,S3-301584,S3-301696,S3-301529,S3-301564,S3-301622,S3-301919,S3-301555,S2-202579,S2-202474,S2-202356
S1-101770	S2-201610,S3-301522,S2-201477,S2-202132,S2-201772,S2-202140,S2-201520,S2-202159,S2-201469,S2-202240,S2-201617,S2-201818,S2-201827,S2-201431,S2-202259,S2-201836,S2-202330,S2-201430,S2-201814,S2-201952,S2-202181,S3-301354,S3-301980,S3-301731,S3-301670,S3-301902,S3-301855,S3-301681,S3-302003,S3-301673,S3-301955,S3-302157,S3-301796,S3-301965,S3-301350
S1-101771	S2-201611,S2-201792,S2-202277,S2-201511,S2-202096,S2-201892,S2-202113,S2-202208,S2-202272,S2-202258,S2-202275,S2-201703,S2-201763,S2-202056,S2-201422,S2-202075,S3-302104,S3-302100,S3-301651,S3-301311,S3-301890,S3-301567,S3-301913,S3-302086,S3-302106,S3-301981,S3-301941,S3-301387,S3-302036,S2-202253,S2-202549,S2-202562,S2-202417,S2-202561,S2-202403
S1-101772	S2-201612,S2-201701,S3-301564,S2-202081,S3-301919,S2-201515,S2-202069,S2-201966,S2-201844,S2-201485,S2-201779,S2-201721,S2-201749,S2-201739,S2-201886,S2-202094,S2-201629,S3-301692,S3-301736,S3-301362,S3-301639,S3-301472,S3-301610,S3-301490,S3-301808,S3-301392,S3-301584,S3-301696,S3-301529,S3-301622,S3-301555,S3-301468,S2-202579,S2-202474,S2-202356
S1-101773	S2-201613,S3-301473,S2-202125,S3-301950,S2-201864,S3-301717,S3-301325,S3-301942,S2-201871,S2-201926,S2-201594,S2-202088,S2-202284,S2-201896,S2-201625,S2-201857,S2-202305,S2-201919,S2-201936,S2-202224,S2-201458,S2-201878,S3-301499,S3-301460,S3-301485,S3-302077,S3-301782,S3-301340,S3-302054,S3-301772,S3-301406,S3-301722,S3-301418,S2-202461,S2-202514
S1-101774	S2-201614,S3-301474,S2-201602,S2-201463,S2-201783,S2-201497,S2-201651,S2-202018,S2-202219,S2-201558,S2-201428,S3-301856,S3-301374,S3-301883,S3-301560,S3-301516,S3-302046,S3-301917,S3-301314,S3-301345,S2-202405,S2-202338,S2-202339,S3-302167,S3-302168,S3-302234
S1-101775	S2-201615,S3-301475,S2-201843,S2-201946,S2-201444,S2-202182,S2-201940,S2-201437,S3-301695,S3-301972,S3-301357,S3-301790,S3-301503,S3-301770,S3-301414,S3-301840,S3-301528,S3-302004,S3-301324,S3-302047,S2-201661,S2-202382,S2-202383,S2-201480,S2-202421,S2-202451,S2-202448,S2-202519,S2-202499,S2-202540,S2-202450,S2-202002,S2-202566,S2-202357,S3-302369
S1-101776	S3-301476,S2-201616,S2-201433,S2-201956,S2-201471,S2-201412,S2-201662,S2-202145,S2-201490,S2-201842,S2-202061,S2-201626,S3-301700,S3-301799,S3-302032,S3-301967,S3-301896,S3-301367,S3-301742,S3-301486,S3-301303,S2-202531,S2-202532,S3-302360,S3-302361
S1-101777	S2-201617,S3-301477,S2-202140,S2-202259,S3-301965,S3-301759,S2-201477,S2-202132,S2-201772,S2-201520,S2-202159,S2-201469,S2-202240,S2-201818,S2-201827,S2-201431,S2-201836,S2-202330,S2-201430,S2-201814,S2-201952,S2-201610,S2-202181,S3-301354,S3-301980,S3-301731,S3-301670,S3-301902,S3-301522,S3-301855,S3-301681,S3-302003,S3-301673,S3-301955,S3-302157
S1-101778	S2-201618,S3-301478,S2-202000,S3-301838,S3-301344,S2-201809,S2-201908,S2-201790,S2-202226,S2-201483,S2-202247,S2-201567,S2-201604,S2-202021,S2-201399,S3-301754,S3-301289,S3-301436,S3-301465,S3-301649,S3-301359,S3-301860,S3-301891,S3-302078,S3-302161,S2-202523,S2-202391,S3-302220,S3-302352
S1-101779	S2-201619,S3-301479,S2-201730,S3-301523,S2-201656,S2-201502,S2-201778,S3-301590,S2-201415,S3-301638,S3-301305,S2-201591,S2-201720,S2-201513,S2-201727,S2-201486,S2-202215,S2-201462,S2-202232,S2-201572,S2-201691,S2-201906,S3-301975,S3-302043,S3-301752,S3-302062,S3-301588,S3-301620,S3-301457,S3-301389,S3-302159,S2-202151,S3-301834,S3-301363,S2-202465
S1-101780	S2-201620,S3-301785,S2-201939,S2-202020,S2-201963,S2-202229,S2-202260,S2-201707,S2-202015,S2-201699,S2-202130,S2-201891,S2-201451,S2-201982,S2-201751,S3-301740,S3-301574,S3-301820,S3-301656,S3-301859,S3-302089,S3-301562,S3-301954,S3-301332,S3-301853,S3-301804,S3-301857,S3-302058,S3-301461,S3-301580,S2-202537,S2-202563,S2-202498,S2-202507,S2-202418
S1-101781	S2-201429,S2-201918,S2-201676,S2-201440,S2-201403,S2-201826,S2-202254,S2-202085,S3-301724,S3-301764,S3-301498,S3-301539,S3-301680,S3-301496,S3-301510,S3-301421,S3-301347,S3-302083,S3-301708,S2-201465,S2-201644,S2-201709,S3-301319,S3-302025,S2-201553,S2-202414,S2-202345,S2-202207,S2-202564,S3-302393,S3-302174,S3-302243,S2-202447,S2-202350,S2-201532
S1-101782	S3-301480,S2-201621,S2-202188,S2-202263,S2-201498,S2-201695,S2-201658,S2-201795,S2-202040,S2-201738,S2-201937,S2-201884,S2-201666,S2-201971,S2-202032,S3-302091,S3-302081,S3-301375,S3-301531,S3-301876,S3-301885,S3-301557,S3-301734,S3-301525,S3-301361,S3-301783,S3-301654,S3-301812,S3-301334,S3-302119,S3-302011,S2-202292,S2-202497,S3-302326,S3-301573
S1-101783	S2-201622,S2-202183,S2-201479,S2-201788,S2-201645,S3-301591,S3-301493,S3-301992,S3-302005,S3-301513,S3-301356,S2-201633,S2-202289,S2-201732,S2-201648,S2-201759,S2-202170,S3-302116,S3-301614,S3-301618,S2-202344,S2-202395,S2-202404,S3-302233,S3-302173,S3-302224,S2-202041,S2-201557,S2-201773,S2-201917,S3-301425,S3-301650,S3-302148,S3-301633
S1-101784	S3-301481,S2-201883,S2-201796,S2-202212,S2-201487,S2-201631,S3-301733,S3-302040,S3-301655,S3-301416,S2-201547,S2-202295
S1-101785	S2-201623,S3-301482,S2-202016,S3-301403,S2-201531,S2-201830,S2-202180,S2-202185,S2-202276,S2-201522,S2-201881,S2-201524,S2-202256,S2-201988,S2-201544,S2-201687,S2-201994,S2-202129,S2-202029,S3-302001,S3-301399,S3-301827,S3-301683,S3-302009,S3-301868,S3-301549,S3-301397,S3-301953,S2-202341,S2-202551,S2-202458,S2-202565,S2-202511,S2-202397,S2-202381
S1-101786	S3-301483,S2-202250,S2-202055,S3-301889,S2-201718,S2-201434,S2-202141,S2-202245,S2-201812,S2-201679,S2-202063,S2-202282,S2-201492,S2-201823,S2-202166,S2-202318,S2-201450,S2-201630,S2-202110,S2-201517,S2-201468,S2-201893,S2-201806,S2-201780,S3-301988,S3-301663,S3-302110,S3-301491,S3-301741,S3-301349,S3-301583,S3-301939,S3-301541,S3-301667,S3-301316
S1-101787	S2-201624,S3-301484,S2-201529,S2-202105,S2-201962,S2-201505,S2-201640,S2-202092,S2-201639,S3-302069,S3-301934,S3-301382,S3-302042,S3-301926,S3-301505,S2-201423,S2-202542,S2-201724,S2-202047,S2-202321,S2-201947,S2-201756,S2-202437,S3-301719,S3-301616,S3-301778,S3-302371,S3-302103,S3-302266,S3-302147,S3-301900,S3-301569,S3-301310,S2-202237,S3-301637
S1-101788	S2-201625,S3-301485,S2-201594,S2-201878,S3-301460,S2-202125,S2-201871,S2-201926,S2-202088,S2-202284,S2-201896,S2-201613,S2-201857,S2-202305,S2-201919,S2-201936,S2-202224,S2-201458,S2-201864,S3-301717,S3-301325,S3-301499,S3-302077,S3-301782,S3-301950,S3-301340,S3-301473,S3-302054,S3-301772,S3-301406,S3-301942,S3-301722,S3-301418,S3-301710,S2-202461
S1-101789	S2-202169,S2-201525,S3-301991,S2-201776,S2-201569,S2-201539,S2-201931,S2-201805,S2-201420,S2-201605,S2-202073,S2-202122,S2-202228,S2-202147,S2-201870,S2-201696,S2-201911,S2-202325,S2-201912,S2-201705,S2-202319,S3-301911,S3-302057,S3-301662,S3-301558,S3-302145,S3-301466,S3-302152,S3-301776,S3-301439,S3-301969,S3-301635,S3-301571,S3-301947,S3-301675
S1-101790	S2-202128,S2-201405,S2-201655,S2-201725,S3-301521,S3-302045,S3-302049,S3-301401,S3-301295,S2-202399,S2-202217,S2-201527,S2-201684,S3-302228,S3-301586,S3-301546,S3-301832
S1-101791	S2-201626,S3-301486,S2-201956,S2-201471,S2-201412,S2-201433,S2-201662,S2-202145,S2-201616,S2-201490,S2-201842,S2-202061,S3-301700,S3-301799,S3-302032,S3-301967,S3-301896,S3-301367,S3-301742,S3-301303,S3-301476,S2-202531,S2-202532,S3-302360,S3-302361
S1-101792	S2-201627,S3-301487,S2-201769,S3-301629,S2-201414,S2-202200,S2-201693,S2-202004,S2-201583,S3-301843,S3-301554,S3-302070,S2-202575,S3-302404,S2-202329,S2-201949,S2-202315,S2-202071,S2-202246,S2-202206,S2-201989,S2-201683,S2-201872,S2-202083,S3-301909,S3-301792,S3-301828,S3-301854,S3-301545,S3-301723,S3-302034,S3-302142
S1-101793	S3-301488,S2-202190,S2-201808,S2-201734,S2-201951,S2-202293,S2-202248,S2-202252,S3-301595,S3-301665,S3-301445,S3-301677,S3-302112,S3-301795,S3-302082,S3-302120,S2-201822,S2-202348,S2-202347,S2-202483,S2-202407,S3-302176,S3-302312,S3-302236,S3-302177,S2-201665,S2-202327,S2-202124,S2-202274,S2-202146,S2-202116,S2-202120,S2-201716,S2-202114,S2-202543
S1-101794	S3-301489,S2-201718,S2-201434,S2-202141,S2-202245,S2-201812,S2-202250,S2-201679,S2-202063,S2-202282,S2-201492,S2-201823,S2-202166,S2-202055,S2-202318,S2-201450,S2-201630,S2-202110,S2-201517,S2-201468,S2-201893,S2-201806,S2-201780,S3-301988,S3-301663,S3-302110,S3-301889,S3-301491,S3-301741,S3-301349,S3-301583,S3-301939,S3-301541,S3-301667,S3-301316
S1-101795	S3-301720,S2-201867,S2-201986,S2-201554,S2-201916,S2-202138,S2-201865,S2-201990,S2-202204,S2-202090,S2-201474,S2-201475,S2-202191,S2-201447,S2-201771,S3-301825,S3-302156,S3-301640,S3-301329,S3-302014,S3-301422,S3-301353,S3-301925,S3-301631,S3-301352,S3-301380,S3-302030,S3-301962,S2-202217,S2-201527,S2-201684,S3-301586,S3-301546
S1-101796	S2-201628,S3-302063,S2-202213,S2-202173,S2-202233,S2-202179,S2-201657,S3-302000,S3-301524,S2-202201,S2-201688,S2-201841,S2-201646,S2-201459,S2-201438,S2-202001,S2-201418,S2-201582,S2-201439,S3-301693,S3-301553,S3-302133,S3-301450,S3-301727,S3-301839,S2-201692,S3-302041,S2-202095,S2-201875,S2-201719,S2-201464,S2-202309,S2-201700,S2-201634,S3-301318
S1-101797	S2-201629,S3-301490,S2-201485,S2-202094,S3-301362,S2-201515,S2-202069,S2-201612,S2-201966,S2-201844,S2-202081,S2-201779,S2-201721,S2-201749,S2-201739,S2-201886,S2-201701,S3-301692,S3-301736,S3-301639,S3-301472,S3-301610,S3-301808,S3-301392,S3-301584,S3-301696,S3-301529,S3-301564,S3-301622,S3-301919,S3-301555,S3-301468,S2-202579,S2-202474,S2-202356
S1-101798	S3-301491,S2-201630,S2-201679,S2-201823,S2-201806,S3-301349,S3-301541,S2-201468,S3-301663,S3-301678,S2-201718,S2-201434,S2-202141,S2-202245,S2-201812,S2-202250,S2-202063,S2-202282,S2-201492,S2-202166,S2-202055,S2-202318,S2-201450,S2-202110,S2-201517,S2-201893,S2-201780,S3-301988,S3-302110,S3-301889,S3-301741,S3-301583,S3-301939,S3-301667,S3-301316
S1-101799	S2-201631,S2-201883,S2-201796,S2-202212,S2-201487,S3-301481,S3-301733,S3-302040,S3-301655,S3-301416,S2-201547,S2-202295
S1-101800	S3-301492,S2-201632,S3-301471,S2-201609,S2-202271,S2-201825,S2-202037,S2-202087,S2-201981,S3-301819,S3-302099,S3-301873,S3-301429,S2-202368,S2-202408,S2-202510,S3-302339,S3-302237,S3-302197
S1-101801	S3-301493,S2-201633,S3-301614,S2-202183,S2-201479,S2-201788,S2-201645,S2-201622,S3-301591,S3-301992,S3-302005,S3-301513,S3-301356,S2-202289,S2-201732,S2-201648,S2-201759,S2-202170,S3-302116,S3-301618,S2-202344,S2-202395,S2-202404,S3-302233,S3-302173,S3-302224,S2-202041,S2-201557,S2-201773,S2-201917,S3-301425,S3-301650,S3-302148,S3-301633
S1-101802	S3-301494,S2-202230,S2-201980,S2-201409,S2-202270,S2-202112,S2-201670,S3-302113,S3-302065,S3-302059,S3-301892,S2-202285,S2-202057,S2-201478,S2-202036,S3-301299,S3-301818,S2-202236,S3-301355,S2-202144,S2-202401,S3-302230
S1-101803	S3-301495,S2-201559,S3-301906,S2-201969,S2-201533,S2-202010,S2-202222,S2-201799,S2-201603,S2-202023,S3-301849,S3-301607,S3-301810,S3-302027,S3-301338,S3-301405,S3-301657,S3-301599,S3-302021,S3-301426,S2-201608,S2-202012,S2-201746,S2-202121,S2-202298,S2-202184,S2-201457,S2-202131,S3-302151,S3-301470,S3-302051,S3-302007,S3-302124,S2-201737,S3-301850
S1-101804	S3-301496,S2-201918,S2-201676,S2-201440,S2-201403,S2-201826,S2-202254,S2-201429,S2-202085,S3-301724,S3-301764,S3-301498,S3-301539,S3-301680,S3-301510,S3-301421,S3-301347,S3-302083,S3-301708,S2-201465,S2-201644,S2-201709,S3-301319,S3-302025,S2-201553,S2-202414,S2-202345,S2-202207,S2-202564,S3-302393,S3-302174,S3-302243,S2-202447,S2-202350,S2-201532
S1-101805	S2-201688,S3-301727,S2-201634,S2-201875,S3-301802,S2-202213,S2-202201,S2-201628,S2-202173,S2-202233,S2-201841,S2-201646,S2-201459,S2-201438,S2-202001,S2-202179,S2-201418,S2-201582,S2-201439,S2-201657,S3-301693,S3-301553,S3-302133,S3-302063,S3-302000,S3-301450,S3-301524,S3-301839,S2-202095,S2-201719,S2-201464,S2-201692,S2-202309,S2-201700,S3-301318
S1-101806	S3-301498,S2-201676,S3-301539,S3-301421,S2-201918,S2-201440,S2-201403,S2-201826,S2-202254,S2-201429,S2-202085,S3-301724,S3-301764,S3-301680,S3-301496,S3-301510,S3-301347,S3-302083,S3-301708,S2-201465,S2-201644,S2-201709,S3-301319,S3-302025,S2-201553,S2-202414,S2-202345,S2-202207,S2-202564,S3-302393,S3-302174,S3-302243,S2-202447,S2-202350,S2-201532
S1-101807	S2-201926,S2-202088,S2-201857,S3-301499,S2-201878,S3-301772,S3-301924,S2-202125,S2-201871,S2-201594,S2-202284,S2-201896,S2-201625,S2-201613,S2-202305,S2-201919,S2-201936,S2-202224,S2-201458,S2-201864,S3-301729,S3-301717,S3-301325,S3-301460,S3-301485,S3-302077,S3-301782,S3-301950,S3-301340,S3-301473,S3-302054,S3-301406,S3-301942,S3-301722,S3-301418
S1-101808	S2-201516,S3-301315,S2-201432,S3-301643,S2-201858,S2-201408,S2-202084,S2-201677,S2-201467,S2-201649,S2-202059,S2-202108,S2-201760,S2-201943,S2-202161,S2-201910,S3-301921,S3-301894,S3-301787,S3-301756,S3-301619,S3-301711,S3-301937,S2-201782,S2-202343,S2-202364,S2-202428,S2-202396,S2-202433,S3-302193,S3-302262,S3-302135,S3-302257,S3-302225,S3-302172
S1-101809	S2-201635,S3-301500,S2-202014,S2-201411,S2-201638,S3-301852,S3-301998,S3-301504,S3-301301,S2-202310,S2-201786,S2-202177,S2-201985,S2-201406,S3-301744,S3-302134,S2-202457,S2-202406,S3-302235,S3-302286,S3-301824
S1-101810	S2-201636,S3-301501,S3-301417,S3-302039,S2-202211,S2-202048,S2-201549,S2-201929,S3-301774,S3-301781,S2-201810,S2-201551,S2-201494,S2-201961,S2-201920,S2-202066,S2-201921,S2-201935,S2-202115,S2-201974,S2-201743,S2-201419,S2-202209,S2-201923,S2-202238,S2-202033,S2-201503,S3-301766,S3-302037,S3-301901,S3-301307,S3-301814,S3-301419,S3-302072,S3-301371
S1-101811	S2-201637,S3-301502,S2-202239,S2-201722,S3-301339,S2-201927,S2-201748,S2-202074,S2-201954,S2-201476,S2-202078,S2-201877,S2-202038,S2-202189,S3-301798,S3-302012,S3-301449,S3-301912,S3-301443,S3-301391,S3-301874,S3-301915,S2-201581,S3-301448,S2-202493,S2-202525,S2-202393,S2-202481,S2-202476,S2-202582,S3-302322,S3-302222,S3-301609,S3-302310,S3-302354
S1-101812	S3-301503,S2-201946,S3-302004,S2-202182,S3-301790,S3-302047,S2-201843,S3-301695,S2-201444,S2-201940,S2-201437,S2-201615,S3-301972,S3-301357,S3-301475,S3-301770,S3-301414,S3-301840,S3-301528,S3-301324,S2-201661,S2-202382,S2-202383,S2-201480,S2-202421,S2-202451,S2-202448,S2-202519,S2-202499,S2-202540,S2-202450,S2-202002,S2-202566,S2-202357,S3-302369
S1-101813	S3-301504,S2-201638,S3-301744,S2-202310,S2-201786,S2-202177,S2-201985,S2-201406,S3-302134,S3-301500,S2-202014,S2-201411,S2-201635,S3-301852,S3-301998,S3-301301,S2-202457,S2-202406,S3-302235,S3-302286,S3-301824
S1-101814	S3-301505,S2-201639,S2-201529,S2-202105,S2-201962,S2-201505,S2-201640,S2-202092,S2-201624,S3-302069,S3-301934,S3-301484,S3-301382,S3-302042,S3-301926,S2-202237,S2-201423,S2-202542,S2-201724,S2-202047,S2-202321,S2-201947,S2-201756,S2-202437,S3-301719,S3-301616,S3-301778,S3-302371,S3-302103,S3-302266,S3-302147,S3-301900,S3-301569,S3-301310,S3-301637
S1-101815	S3-302089,S2-202260,S3-301580,S2-202020,S2-201939,S2-201963,S2-202229,S2-201620,S2-201707,S2-202015,S2-201699,S2-202130,S2-201891,S2-201451,S2-201982,S2-201751,S3-301740,S3-301574,S3-301820,S3-301656,S3-301859,S3-301562,S3-301954,S3-301332,S3-301853,S3-301804,S3-301785,S3-301857,S3-302058,S3-301461,S2-202537,S2-202563,S2-202498,S2-202507,S2-202418
S1-101816	S2-201640,S3-301506,S2-201529,S2-202105,S2-201962,S2-201505,S2-202092,S2-201639,S2-201624,S3-302069,S3-301934,S3-301484,S3-301382,S3-302042,S3-301926,S3-301505,S2-201947,S2-201423,S2-202542,S2-201724,S2-202047,S2-202321,S2-201756,S2-202437,S3-301719,S3-301616,S3-301778,S3-302371,S3-302103,S3-302266,S3-302147,S3-301900,S3-301569,S3-301310,S2-202237
S1-101817	S2-201446,S2-201562,S2-202205,S2-201712,S2-201668,S2-201504,S2-201901,S2-201995,S2-201652,S2-201860,S2-202026,S2-201832,S3-301430,S3-301865,S3-301517,S3-301381,S3-301600,S3-301686,S3-301328,S3-301713,S3-302031,S2-202522,S2-202425,S2-202505,S3-302334,S3-302351,S3-302254,S2-201641,S3-301507
S1-101818	S2-201642,S3-301508,S3-301537,S2-201675,S2-201853,S2-202089,S2-201507,S2-201606,S2-201855,S2-202172,S2-201588,S2-201866,S2-201993,S2-202297,S2-202186,S2-201766,S3-301705,S3-301831,S3-302114,S3-301566,S3-301384,S3-301735,S3-302010,S3-301718,S3-301612,S2-202287,S2-201885,S2-201753,S2-201454,S3-302123,S3-301694,S2-202520,S2-202489,S2-202449,S2-202459
S1-101819	S3-301509,S2-201643,S2-201904,S2-201950,S2-201850,S2-202135,S2-202312,S2-202042,S2-201768,S2-201576,S2-201678,S3-301540,S3-301993,S3-301793,S3-301702,S3-301628,S3-301442,S3-301750,S3-301958,S3-302002,S3-302139,S3-301761,S2-202269,S2-201571,S2-201570,S2-201765,S2-201493,S2-201590,S2-202480,S2-202567,S2-201761,S3-301294,S3-301369,S3-301626,S3-302309
S1-101820	S2-201465,S2-201644,S3-302025,S3-301510,S3-301347,S2-201918,S2-201676,S2-201440,S2-201403,S2-201826,S2-202254,S2-201429,S2-201709,S2-202085,S3-301724,S3-301764,S3-301319,S3-301498,S3-301539,S3-301680,S3-301496,S3-301421,S3-302083,S3-301708,S2-202207,S2-202414,S2-202345,S2-202564,S3-302393,S3-302174,S3-302243,S2-201553,S2-201902
S1-101821	S2-202110,S2-201517,S2-201780,S3-301939,S3-301393,S2-201718,S2-201434,S2-202141,S2-202245,S2-201812,S2-202250,S2-201679,S2-202063,S2-202282,S2-201492,S2-201823,S2-202166,S2-202055,S2-202318,S2-201450,S2-201630,S2-201468,S2-201893,S2-201806,S3-301988,S3-301663,S3-302110,S3-301889,S3-301491,S3-301741,S3-301349,S3-301583,S3-301541,S3-301667,S3-301316
S1-101822	S2-201645,S2-202183,S2-201479,S2-201788,S2-201633,S2-201732,S2-201648,S2-201759,S2-201622,S2-202170,S3-301591,S3-302116,S3-301493,S3-301992,S3-301614,S3-302005,S3-301513,S3-301356,S2-202289,S3-301618,S2-202344,S2-202395,S2-202404,S3-302233,S3-302173,S3-302224
S1-101823	S2-201646,S3-301450,S2-201582,S2-202213,S2-202201,S2-201628,S2-201688,S2-202173,S2-202233,S2-201841,S2-201459,S2-201438,S2-202001,S2-202179,S2-201418,S2-201439,S2-201657,S3-301693,S3-301553,S3-302133,S3-302063,S3-302000,S3-301727,S3-301524,S3-301839,S2-202095,S2-201875,S2-201719,S2-201464,S2-201692,S2-202309,S2-201700,S2-201634,S3-301318,S3-302016
S1-101824	S2-201647,S3-301512,S2-201747,S2-201404,S2-201546,S2-201862,S2-201427,S2-202046,S2-201900,S2-202106,S2-201924,S2-202320,S3-301769,S3-301608,S3-301455,S3-301292,S3-301841,S3-301415,S3-301715,S3-301313,S3-302146,S3-301747,S3-301881,S3-301935
S1-101825	S3-301513,S2-201479,S2-201648,S3-301356,S2-202183,S2-201788,S2-201645,S2-201622,S3-301591,S3-301493,S3-301992,S3-302005,S2-201633,S2-202289,S2-201732,S2-201759,S2-202170,S3-302116,S3-301614,S3-301618,S2-202344,S2-202395,S2-202404,S3-302233,S3-302173,S3-302224,S2-202041,S2-201557,S2-201773,S2-201917,S3-301425,S3-301650,S3-302148,S3-301633
S1-101826	S2-201649,S2-201858,S2-201408,S2-201677,S2-202059,S2-202108,S2-201943,S2-201910,S3-301921,S3-301787,S3-301756,S3-301643,S3-301711,S3-301937,S2-202084,S2-201467,S2-201516,S2-201760,S2-202161,S3-301894,S3-301315,S3-301619,S2-201782,S3-302135,S2-201432,S2-202343,S2-202364,S2-202428,S2-202396,S2-202433,S3-302193,S3-302262,S3-302257,S3-302225,S3-302172
S1-101827	S2-201650,S3-301514,S2-201903,S2-201541,S3-301749,S3-301409,S2-202304,S2-201905,S2-202133,S2-201698,S2-201815,S2-201473,S2-202294,S2-201894,S2-201681,S2-202308,S2-202117,S2-201453,S2-201945,S2-202139,S2-201455,S2-201413,S3-301956,S3-301751,S3-301336,S3-302132,S3-302052,S3-301543,S3-301964,S3-301592,S3-301561,S3-301335,S3-301444,S3-301789,S3-301451
S1-101828	S3-301515,S2-201736,S2-202118,S2-202234,S2-201526,S2-201813,S2-201887,S2-201797,S2-201599,S3-301400,S3-301365,S3-302068,S3-301669,S3-301621,S3-301762,S3-301945,S3-301464,S3-301598,S3-301737,S2-202456,S2-202526,S2-202494,S2-201798,S3-302323,S3-302355,S3-302285
S1-101829	S2-201651,S3-301516,S2-201428,S3-301314,S2-201463,S2-201783,S2-201497,S2-202018,S2-202219,S2-201602,S2-201614,S2-201558,S3-301856,S3-301374,S3-301883,S3-301560,S3-301474,S3-302046,S3-301917,S3-301345,S2-202405,S2-202338,S2-202339,S3-302167,S3-302168,S3-302234
S1-101830	S2-201652,S3-301517,S3-301600,S2-201446,S2-201562,S2-202205,S2-201712,S2-201668,S2-201504,S2-201901,S2-201995,S2-201860,S2-202026,S2-201832,S3-301430,S3-301865,S3-301381,S3-301686,S3-301328,S3-301713,S3-302031,S2-202522,S2-202425,S2-202505,S3-302334,S3-302351,S3-302254
S1-101831	S3-301518,S2-201653,S2-201979,S2-201992,S3-301728,S3-301817,S3-301830,S2-201876,S2-201470,S2-201461,S2-201848,S2-201697,S2-201752,S2-201596,S2-202192,S2-202150,S2-202079,S3-301343,S3-301559,S3-301974,S3-301916,S3-302015,S3-301366,S3-301699,S3-301550,S2-202390,S2-202363,S2-202527,S2-202547,S2-202416,S2-202581,S2-202495,S2-202349,S3-302192,S3-301462
S1-101832	S2-201654,S3-301519,S2-201837,S3-301844,S3-301689,S3-302149,S3-301726,S2-202165,S2-202076,S2-202011,S2-201717,S2-201723,S2-201550,S2-202267,S2-201750,S2-202266,S2-202235,S2-201983,S2-201999,S2-202242,S2-202136,S2-201729,S3-301542,S3-301582,S3-302073,S3-301837,S3-301346,S3-301293,S3-301547,S3-302095,S3-301602,S3-301987,S3-302096,S3-301377,S3-301959
S1-101833	S3-301520,S2-201484,S2-202022,S2-202013,S2-201585,S2-202093,S2-202049,S2-201834,S2-201817,S2-202273,S2-201991,S2-202027,S2-201793,S2-201512,S2-202244,S2-201694,S2-201706,S3-301884,S3-301388,S3-302075,S3-301765,S3-301829,S3-301652,S3-301866,S3-301927,S3-301453,S3-302093,S3-301861,S3-301556,S3-301572,S3-302101,S3-301851,S2-202485,S3-301685,S3-302314
S1-101834	S2-201655,S3-301521,S3-302049,S2-201405,S2-202128,S2-201725,S3-302045,S3-301401,S3-301295,S2-202399,S2-202217,S2-201527,S2-201684,S3-302228,S3-301586,S3-301546,S3-301832
S1-101835	S2-201714,S3-301579,S2-202043,S2-201984,S2-201518,S2-202300,S2-201589,S2-202316,S2-201491,S2-201828,S2-201671,S3-301456,S3-301823,S3-302126,S3-301923,S3-302143,S3-301368,S3-301533,S3-301596,S3-301879,S3-301394,S2-202550,S2-202426,S2-202452,S3-302379,S3-302255,S3-302281
S1-101836	S2-202248,S2-202190,S2-201808,S2-201734,S2-201951,S2-202293,S2-202252,S3-301488,S3-301595,S3-301665,S3-301445,S3-301677,S3-302112,S3-301795,S3-302082,S3-302120,S2-201822,S2-202348,S2-202347,S2-202483,S2-202407,S3-302176,S3-302312,S3-302236,S3-302177,S2-201665,S2-202327,S2-202124,S2-202274,S2-202146,S2-202116,S2-202120,S2-201716,S2-202114,S2-202543
S1-101837	S3-301522,S2-201520,S2-201827,S3-301681,S2-201477,S2-202132,S2-201772,S2-202140,S2-202159,S2-201469,S2-202240,S2-201617,S2-201818,S2-201431,S2-202259,S2-201836,S2-202330,S2-201430,S2-201814,S2-201952,S2-201610,S2-202181,S3-301354,S3-301980,S3-301731,S3-301670,S3-301902,S3-301855,S3-302003,S3-301673,S3-301955,S3-302157,S3-301796,S3-301965,S3-301350
S1-101838	S3-301523,S2-201656,S2-201730,S2-201619,S3-301479,S2-201502,S2-201778,S3-301590,S2-201415,S3-301638,S3-301305,S2-201591,S2-201720,S2-201513,S2-201727,S2-201486,S2-202215,S2-201462,S2-202232,S2-201572,S2-201691,S2-201906,S3-301975,S3-302043,S3-301752,S3-302062,S3-301588,S3-301620,S3-301457,S3-301389,S3-302159,S2-202151,S3-301834,S3-301363,S2-202465
S1-101839	S2-201657,S2-202213,S2-201628,S2-202233,S2-202173,S3-302063,S3-301524,S2-202179,S3-302000,S3-302041,S2-202095,S2-202201,S2-201688,S2-201875,S2-201841,S2-201646,S2-201459,S2-201438,S2-202001,S2-201719,S2-201464,S2-201692,S2-201418,S2-202309,S2-201582,S2-201700,S2-201439,S2-201634,S3-301318,S3-301693,S3-302016,S3-301553,S3-301802,S3-302133,S3-301928
S1-101840	S3-301525,S2-201658,S2-202188,S2-202263,S2-201498,S2-201695,S2-201795,S2-202040,S2-201738,S2-201937,S2-201621,S2-201884,S2-201666,S2-201971,S2-202032,S3-302091,S3-302081,S3-301375,S3-301531,S3-301876,S3-301480,S3-301885,S3-301557,S3-301734,S3-301361,S3-301783,S3-301654,S3-301812,S3-301334,S3-302119,S3-302011,S2-202292,S2-202497,S3-302326,S3-301573
S1-101841	S2-201659,S3-301526,S2-201530,S2-201930,S3-301775,S2-201664,S2-201435,S2-201552,S2-201838,S2-202123,S2-201970,S2-201508,S2-202107,S2-202197,S2-201835,S2-201846,S2-201466,S2-201607,S3-301469,S3-301348,S3-301948,S3-301875,S3-301811,S3-301697,S3-301565,S3-301910,S3-301317,S3-302022,S3-301690,S3-301936,S2-202072,S2-202376,S2-202513,S2-202512,S2-202039
S1-101842	S3-301527,S2-201660,S3-301867,S2-202028,S2-201452,S2-201915,S2-202286,S2-201882,S2-202149,S2-201436,S2-201787,S2-201960,S2-202174,S2-202264,S2-202313,S2-202268,S2-202126,S2-201803,S3-301661,S3-301760,S3-302088,S3-301435,S3-302092,S3-301971,S3-301648,S3-301333,S3-301732,S3-301995,S3-302140,S3-301951,S3-302098,S2-202556,S2-202374,S3-302385,S3-302203
S1-101843	S3-301528,S2-201661,S2-201843,S2-201946,S2-201444,S2-202182,S2-201940,S2-201437,S2-201615,S3-301695,S3-301972,S3-301357,S3-301475,S3-301790,S3-301503,S3-301770,S3-301414,S3-301840,S3-302004,S3-301324,S3-302047,S2-202382,S2-202383,S2-201480,S2-202421,S2-202451,S2-202448,S2-202519,S2-202499,S2-202540,S2-202450,S2-202002,S2-202566,S2-202357,S3-302369
S1-101844	S2-201662,S2-201412,S3-301303,S3-301742,S2-201956,S2-201471,S2-201433,S2-202145,S2-201616,S2-201490,S2-201842,S2-202061,S2-201626,S3-301700,S3-301799,S3-302032,S3-301967,S3-301896,S3-301367,S3-301486,S3-301476,S2-202531,S2-202532,S3-302360,S3-302361
S1-101845	S3-301529,S3-301692,S3-301808,S2-201966,S2-201515,S2-202069,S2-201612,S2-201844,S2-202081,S2-201485,S2-201779,S2-201721,S2-201749,S2-201739,S2-201886,S2-202094,S2-201701,S2-201629,S3-301736,S3-301362,S3-301639,S3-301472,S3-301610,S3-301490,S3-301392,S3-301584,S3-301696,S3-301564,S3-301622,S3-301919,S3-301555,S3-301468,S2-202579,S2-202474,S2-202356
S1-101846	S2-201663,S3-301530,S2-201964,S2-201757,S2-201542,S2-201955,S2-201680,S2-202195,S2-202265,S2-202098,S2-201500,S2-202019,S2-201563,S2-201506,S3-302020,S3-301668,S3-301378,S3-301576,S3-302018,S3-302035,S3-301585,S3-301805,S3-302029,S3-301410,S3-302094,S3-302013,S3-301930,S3-301532,S2-202359,S2-202545,S2-202521,S2-202441,S3-302350,S3-301858,S3-302270
S1-101847	S2-201664,S2-201530,S3-301775,S2-201659,S2-201930,S3-301526,S2-201435,S2-201552,S2-201838,S2-202123,S2-202107,S2-202197,S2-201835,S2-201846,S2-201607,S3-301348,S3-301948,S3-301875,S3-301811,S3-301690,S2-201970,S2-201508,S2-201466,S3-301469,S3-301697,S3-301565,S3-301910,S3-301317,S3-302022,S3-301936,S2-202072,S2-202039,S2-202376,S2-202513,S2-202512
S1-101848	S2-202190,S2-201808,S2-201734,S2-201951,S2-202293,S2-202248,S2-202252,S3-301488,S3-301595,S3-301665,S3-301445,S3-301677,S3-302112,S3-301795,S3-302082,S3-302120,S2-201665,S2-201822,S2-202348,S2-202347,S2-202483,S2-202407,S3-302176,S3-302312,S3-302236,S3-302177,S2-202327,S2-202124,S2-202274,S2-202146,S2-202116,S2-202120,S2-201716,S2-202114,S2-202543
S1-101849	S2-201666,S3-301531,S2-202188,S2-201498,S3-301375,S3-302011,S3-301334,S2-202263,S2-201695,S2-201658,S2-201795,S2-202040,S2-201738,S2-201937,S2-201621,S2-201884,S2-201971,S2-202032,S3-302091,S3-302081,S3-301876,S3-301480,S3-301885,S3-301557,S3-301734,S3-301525,S3-301361,S3-301783,S3-301654,S3-301812,S3-302119,S2-202292,S2-202497,S3-302326,S3-301573
S1-101850	S2-201667,S2-202160,S3-301411,S3-301982,S2-202137,S2-201555,S2-201758,S2-201565,S2-202176,S2-201449,S2-201543,S2-202045,S2-201804,S2-202203,S2-202324,S2-201579,S2-201839,S2-202249,S2-201443,S3-301691,S3-301370,S3-301997,S3-301617,S3-301423,S3-301446,S3-301960,S3-301880,S3-301331,S3-301433,S3-301322,S2-202431,S2-202501,S3-302260,S3-302330
S1-101851	S2-201668,S2-201446,S3-301328,S2-202205,S2-201995,S2-201652,S2-201860,S2-201832,S3-301430,S3-301517,S3-301381,S3-301686,S3-301713,S3-302031,S2-201562,S2-201712,S2-201504,S2-201901,S2-202026,S3-301865,S3-301600,S2-202522,S2-202425,S2-202505,S3-302334,S3-302351,S3-302254
S1-101852	S2-201669,S2-201598,S2-202155,S2-202220,S2-202100,S2-202178,S2-202255,S2-202051,S3-301886,S3-301932,S3-302084,S3-301999,S3-302048,S2-202573,S2-202553,S3-302382,S3-302402,S2-201423,S2-202017,S2-202542,S2-201899,S2-201845,S2-201879,S2-201724,S2-202047,S2-202321,S2-201704,S2-202050,S2-201947,S2-202221,S2-201756,S2-201521,S2-201897,S2-201421,S2-201868
S1-101853	S2-201670,S2-202112,S2-202057,S2-202036,S3-301299,S3-301818,S2-202230,S2-201980,S2-201409,S2-202270,S2-201478,S3-302113,S3-302065,S3-302059,S3-301494,S3-301892,S3-301355,S2-202285,S2-202236,S2-202144,S2-202401,S3-302230
S1-101854	S3-301532,S3-301668,S3-301576,S3-302035,S3-301585,S3-302094,S2-202265,S2-201964,S2-201757,S2-201542,S2-201955,S2-201680,S2-202195,S2-202098,S2-201500,S2-201663,S2-202019,S2-201563,S2-201506,S3-302020,S3-301378,S3-301530,S3-302018,S3-301805,S3-302029,S3-301410,S3-302013,S3-301930,S2-202359,S2-202545,S2-202521,S2-201710,S2-202441,S3-302350,S3-301432
S1-101855	S2-201671,S3-301533,S3-301596,S2-202043,S2-201984,S2-201518,S2-202300,S2-201589,S2-202316,S2-201491,S2-201714,S2-201828,S3-301456,S3-301823,S3-302126,S3-301923,S3-302143,S3-301368,S3-301579,S3-301879,S3-301394,S2-202550,S2-202426,S2-202452,S3-302379,S3-302255,S3-302281
S1-101856	S2-201672,S3-301534,S2-201410,S3-301300,S2-201869,S2-201849,S2-202290,S2-201481,S2-201536,S2-201977,S2-201913,S2-202052,S3-301701,S3-301887,S3-301707,S3-301548,S3-301721,S3-301758,S3-302117,S2-201686,S2-202473,S2-202340,S2-202427,S3-302256,S3-302302,S3-302169
S1-101857	S3-301535,S2-201673,S2-202193,S2-201586,S2-202068,S2-201731,S2-201448,S2-202058,S2-201538,S2-201895,S2-201561,S3-301977,S3-301454,S3-301842,S3-301568,S3-301893,S3-301428,S3-301743,S3-301903,S2-202154,S2-202280,S2-202411,S2-202412,S2-202435,S3-302241,S3-301330,S3-302240,S3-302264
S1-101858	S2-201674,S3-301536,S2-202303,S2-201740,S2-201568,S2-201965,S2-201852,S2-201573,S2-201811,S2-201856,S2-201401,S2-201833,S2-201601,S2-201944,S2-201442,S2-202288,S2-202194,S2-201854,S2-201890,S2-202202,S2-201781,S2-201574,S3-301706,S3-301704,S3-302028,S3-301788,S3-302017,S3-302130,S3-301806,S3-302115,S3-301441,S3-301666,S3-301467,S3-301437,S3-301290
S1-101859	S2-201675,S3-301537,S2-201642,S3-301508,S2-201853,S2-202089,S2-201507,S2-201606,S2-201855,S2-202172,S2-201588,S2-201866,S2-201993,S2-202297,S2-202186,S2-201766,S3-301705,S3-301831,S3-302114,S3-301566,S3-301384,S3-301735,S3-302010,S3-301718,S3-301612,S2-202287,S2-201885,S2-201753,S2-201454,S3-302123,S3-301694,S2-202520,S2-202489,S2-202449,S2-202459
S1-101860	S2-202263,S2-201971,S3-302091,S3-302081,S3-301812,S3-302119,S2-201738,S2-202292,S2-202188,S2-201498,S2-201695,S2-201658,S2-201795,S2-202040,S2-201937,S2-201621,S2-201884,S2-201666,S2-202032,S3-301375,S3-301531,S3-301876,S3-301480,S3-301885,S3-301557,S3-301734,S3-301525,S3-301361,S3-301783,S3-301654,S3-301334,S3-302011,S3-301538,S2-202497,S3-302326
S1-101861	S3-301539,S2-201676,S3-301498,S3-301421,S2-201918,S2-201440,S2-201403,S2-201826,S2-202254,S2-201429,S2-202085,S3-301724,S3-301764,S3-301680,S3-301496,S3-301510,S3-301347,S3-302083,S3-301708,S2-201465,S2-201644,S2-201709,S3-301319,S3-302025,S2-201553,S2-202414,S2-202345,S2-202207,S2-202564,S3-302393,S3-302174,S3-302243,S2-202447,S2-202350,S2-201532
S1-101862	S2-202084,S2-201467,S2-202059,S3-301921,S2-201677,S3-301894,S2-201858,S2-201408,S2-201516,S2-201649,S2-202108,S2-201760,S2-201943,S2-202161,S2-201910,S3-301787,S3-301315,S3-301756,S3-301643,S3-301619,S3-301711,S3-301937,S2-201432,S2-202343,S2-201782,S2-202364,S2-202428,S2-202396,S2-202433,S3-302193,S3-302262,S3-302135,S3-302257,S3-302225,S3-302172
S1-101863	S2-201678,S3-301540,S2-202042,S2-201643,S2-201904,S2-201950,S2-201850,S2-202135,S2-202312,S2-201768,S2-201576,S3-301993,S3-301793,S3-301702,S3-301628,S3-301442,S3-301750,S3-301958,S3-301509,S3-302002,S3-302139,S3-301761,S2-202269,S2-201571,S2-201570,S2-201765,S2-201493,S2-201590,S2-202480,S2-202567,S2-201761,S3-301294,S3-301369,S3-301626,S3-302309
S1-101864	S2-201679,S3-301541,S2-201823,S2-201630,S2-201806,S3-301663,S3-301491,S3-301349,S2-201468,S3-301678,S2-201718,S2-201434,S2-202141,S2-202245,S2-201812,S2-202250,S2-202063,S2-202282,S2-201492,S2-202166,S2-202055,S2-202318,S2-201450,S2-202110,S2-201517,S2-201893,S2-201780,S3-301988,S3-302110,S3-301889,S3-301741,S3-301583,S3-301939,S3-301667,S3-301316
S1-101865	S3-301542,S2-201750,S3-301547,S2-202165,S2-202076,S2-201837,S2-202011,S2-201717,S2-201723,S2-201550,S2-201685,S2-202267,S2-202266,S2-202235,S2-201983,S2-201999,S2-202242,S2-201654,S2-202136,S2-201729,S3-301582,S3-301844,S3-302073,S3-301837,S3-301689,S3-301519,S3-301346,S3-301293,S3-302095,S3-301602,S3-301726,S3-301987,S3-302149,S3-302096,S3-301377
S1-101866	S2-201542,S2-201680,S3-301410,S2-201964,S2-201757,S2-201955,S2-202195,S2-202265,S2-202098,S2-201500,S2-201663,S2-202019,S2-201563,S2-201506,S3-302020,S3-301668,S3-301378,S3-301530,S3-301576,S3-302018,S3-302035,S3-301585,S3-301805,S3-302029,S3-302094,S3-302013,S3-301930,S3-301532,S2-202359,S2-202545,S2-202521,S2-202441,S3-302350,S3-301432,S3-302270
S1-101867	S2-201681,S3-301543,S3-301592,S2-202304,S2-201903,S2-201905,S2-202133,S2-201698,S2-201815,S2-201473,S2-202294,S2-201894,S2-202308,S2-202117,S2-201541,S2-201453,S2-201945,S2-202139,S2-201455,S2-201650,S2-201413,S3-301956,S3-301751,S3-301336,S3-301749,S3-302132,S3-302052,S3-301964,S3-301561,S3-301409,S3-301335,S3-301444,S3-301789,S3-301514,S3-301451
S1-101868	S2-201682,S3-301544,S2-201775,S3-301748,S2-201902,S3-301646,S2-201532,S2-202153,S2-202127,S2-202025,S2-201819,S2-201496,S2-202283,S2-202231,S2-202142,S2-201456,S2-202065,S2-202210,S2-201426,S3-301404,S3-302038,S3-301674,S3-302125,S3-301918,S3-301337,S3-302060,S3-301897,S3-301864,S3-301312,S3-302008,S3-301952,S3-302111,S3-301373,S2-202080,S3-301976
S1-101869	S2-201683,S3-301545,S2-201989,S3-301828,S2-202071,S3-301909,S2-202329,S2-201949,S2-202315,S2-202246,S2-202206,S2-201872,S2-202083,S3-301792,S3-301854,S3-301723,S3-302034,S3-302142,S2-202353,S2-202466,S2-202415,S2-202369,S3-302295,S3-302182,S3-302244,S3-302198,S2-201414,S2-202200,S2-201769,S2-201693,S2-201627,S2-202004,S2-202575,S2-201583,S3-301487
S1-101870	S3-301546,S2-201684,S2-201405,S2-202217,S2-201527,S3-301586,S3-301295,S2-201655,S2-202128,S2-201725,S3-301521,S3-302045,S3-302049,S3-301401,S2-202399,S3-302228,S2-201986,S2-201554,S2-201916,S2-201867,S2-202138,S2-201865,S2-201990,S2-202204,S2-202090,S2-201474,S2-201475,S2-202191,S2-201447,S2-201771,S3-301825,S3-302156,S3-301720,S3-301640,S3-301329
S1-101871	S2-201998,S3-301836,S3-301738,S2-201689,S2-201888,S2-201764,S2-202164,S2-202216,S2-201501,S2-202086,S2-201762,S2-201987,S2-202007,S2-201973,S3-301624,S3-301826,S3-301846,S3-301379,S3-301922,S3-301304,S3-302044,S3-301551,S3-301920,S3-301813,S3-301986,S2-202370,S2-202484,S2-202546,S2-202432,S3-302199,S3-302313,S3-302375,S3-302261,S2-201575,S2-201523
S1-101872	S2-201750,S3-301542,S2-201685,S3-301547,S2-202165,S2-202076,S2-201837,S2-202011,S2-201717,S2-201723,S2-201550,S2-202267,S2-202266,S2-202235,S2-201983,S2-201999,S2-202242,S2-201654,S2-202136,S2-201729,S3-301582,S3-301844,S3-302073,S3-301837,S3-301689,S3-301519,S3-301346,S3-301293,S3-302095,S3-301602,S3-301726,S3-301987,S3-302149,S3-302096,S3-301377
S1-101873	S3-301548,S2-201686,S2-202052,S2-201849,S3-301701,S3-301887,S3-301707,S2-201410,S2-201869,S2-202290,S2-201481,S2-201536,S2-201672,S2-201977,S2-201913,S3-301300,S3-301721,S3-301758,S3-301534,S3-302117,S2-202473,S2-202340,S2-202427,S3-302256,S3-302302,S3-302169
S1-101874	S3-301549,S2-201687,S2-202180,S2-201830,S2-201623,S2-202185,S2-202016,S2-202276,S2-201522,S2-201881,S2-201524,S2-202256,S2-201988,S2-201544,S2-201994,S2-202129,S2-202029,S3-301482,S3-302001,S3-301403,S3-301399,S3-301827,S3-301683,S3-302009,S3-301868,S3-301397,S3-301953,S2-201531,S2-202341,S2-202551,S2-202458,S2-202565,S2-202511,S2-202397,S2-202381
S1-101875	S2-201688,S3-301727,S2-201875,S2-201634,S3-301802,S2-202213,S2-202201,S2-201628,S2-202173,S2-202233,S2-201841,S2-201646,S2-201459,S2-201438,S2-202001,S2-202179,S2-201418,S2-201582,S2-201439,S2-201657,S3-301693,S3-301553,S3-302133,S3-302063,S3-302000,S3-301450,S3-301524,S3-301839,S2-202095,S2-201719,S2-201464,S2-201692,S2-202309,S2-201700,S3-301318
S1-101876	S3-301550,S2-201470,S2-201653,S2-201461,S2-201979,S2-201848,S2-201697,S2-201752,S2-201596,S2-202192,S2-202150,S2-201992,S2-202079,S3-301518,S3-301343,S3-301728,S3-301611,S3-301559,S3-301974,S3-301916,S3-301817,S3-301830,S3-302015,S3-301366,S3-301699,S2-202390,S2-202363,S2-202527,S2-201876,S2-202547,S2-202416,S2-202581,S2-202495,S2-202349,S3-302192
S1-101877	S2-201689,S3-301551,S2-201764,S2-201998,S2-202164,S2-202216,S2-201501,S2-202086,S2-201762,S2-201987,S2-202007,S2-201973,S3-301624,S3-301826,S3-301846,S3-301379,S3-301922,S3-301738,S3-301836,S3-301304,S3-302044,S3-301920,S3-301813,S2-201888,S3-301986,S2-202370,S2-202484,S2-202546,S2-202432,S3-302199,S3-302313,S3-302375,S3-302261,S2-201575,S2-201523
S1-101878	S2-201690,S3-301552,S2-201537,S2-201941,S2-201829,S2-201925,S2-201488,S2-201942,S2-202326,S2-201816,S2-202044,S2-201996,S2-201968,S2-201909,S2-202317,S2-202077,S2-201711,S3-301577,S3-301407,S3-301672,S3-301809,S3-302153,S3-301682,S3-301408,S3-301771,S3-301755,S3-301786,S3-301963,S3-301431,S3-301914,S3-302006,S3-301364,S3-301833,S2-202429,S3-302258
S1-101879	S2-201691,S2-201591,S3-301752,S3-301457,S3-301834,S2-201906,S2-201730,S2-201720,S2-201513,S2-201656,S2-201727,S2-201486,S2-202215,S2-201462,S2-202232,S2-201778,S2-201572,S2-201619,S3-301975,S3-302043,S3-302062,S3-301588,S3-301479,S3-301620,S3-301389,S3-302159,S3-301523,S3-301305,S3-301590,S2-201502,S2-201415,S2-202151,S3-301638,S3-301363,S2-202465
S1-101880	S2-201692,S3-301553,S2-202095,S3-301928,S2-202213,S2-202201,S2-201628,S2-201688,S2-202173,S2-201875,S2-202233,S2-201841,S2-201646,S2-201459,S2-201438,S2-202001,S2-202179,S2-201719,S2-201464,S2-201418,S2-202309,S2-201582,S2-201700,S2-201439,S2-201634,S2-201657,S3-301318,S3-301693,S3-302016,S3-301802,S3-302133,S3-302063,S3-302000,S3-301821,S3-301341
S1-101881	S3-301554,S2-201693,S2-202200,S2-201414,S2-201769,S2-201627,S2-202004,S2-201583,S3-301487,S3-301843,S3-302070,S3-301629,S2-202575,S3-302404,S2-202329,S2-201949,S2-202315,S2-202071,S2-202246,S2-202206,S2-201989,S2-201683,S2-201872,S2-202083,S3-301909,S3-301792,S3-301828,S3-301854,S3-301545,S3-301723,S3-302034,S3-302142
S1-101882	S3-301555,S2-201739,S2-201515,S2-202069,S2-201612,S2-201966,S2-201844,S2-202081,S2-201485,S2-201779,S2-201721,S2-201749,S2-201886,S2-202094,S2-201701,S2-201629,S3-301692,S3-301736,S3-301362,S3-301639,S3-301472,S3-301610,S3-301490,S3-301808,S3-301392,S3-301584,S3-301696,S3-301529,S3-301564,S3-301622,S3-301919,S3-301468,S3-301603,S2-202579,S2-202474
S1-101883	S3-301556,S2-201694,S2-201484,S2-202022,S2-202013,S2-201585,S2-202093,S2-202049,S2-201834,S2-201817,S2-202273,S2-201991,S2-202027,S2-201793,S2-201512,S2-202244,S2-201706,S3-301884,S3-301388,S3-302075,S3-301765,S3-301829,S3-301520,S3-301652,S3-301866,S3-301927,S3-301453,S3-302093,S3-301861,S3-301572,S3-302101,S3-301851,S2-202485,S3-301685,S3-302314
S1-101884	S3-301557,S2-201695,S3-301885,S2-202188,S2-202263,S2-201498,S2-201658,S2-201795,S2-202040,S2-201738,S2-201937,S2-201621,S2-201884,S2-201666,S2-201971,S2-202032,S3-302091,S3-302081,S3-301375,S3-301531,S3-301876,S3-301480,S3-301734,S3-301525,S3-301361,S3-301783,S3-301654,S3-301812,S3-301334,S3-302119,S3-302011,S2-202292,S2-202497,S3-302326,S3-301573
S1-101885	S2-201696,S3-301558,S2-202122,S3-301911,S2-202073,S3-301947,S2-201776,S2-201569,S2-202169,S2-201539,S2-201931,S2-201805,S2-201420,S2-201605,S2-202228,S2-202147,S2-201870,S2-201525,S2-201911,S2-202325,S2-201912,S2-201705,S2-202319,S3-302057,S3-301662,S3-301991,S3-302145,S3-301466,S3-302152,S3-301776,S3-301439,S3-301969,S3-301635,S3-301571,S3-301675
S1-101886	S2-201697,S3-301559,S2-202079,S3-301916,S2-201470,S2-201653,S2-201461,S2-201979,S2-201848,S2-201752,S2-201596,S2-202192,S2-202150,S2-201992,S3-301518,S3-301343,S3-301728,S3-301974,S3-301817,S3-301830,S3-302015,S3-301366,S3-301699,S3-301550,S2-201876,S2-202390,S2-202363,S2-202527,S2-202547,S2-202416,S2-202581,S2-202495,S2-202349,S3-302192,S3-301462
S1-101887	S3-301560,S2-201463,S2-201783,S2-201497,S2-201651,S2-202018,S2-202219,S2-201602,S2-201614,S2-201558,S2-201428,S3-301856,S3-301374,S3-301883,S3-301474,S3-301516,S3-302046,S3-301917,S3-301314,S3-301345,S2-202405,S2-202338,S2-202339,S3-302167,S3-302168,S3-302234
S1-101888	S2-201698,S3-301561,S2-202304,S2-201903,S2-201905,S2-202133,S2-201815,S2-201473,S2-202294,S2-201894,S2-201681,S2-202308,S2-202117,S2-201541,S2-201453,S2-201945,S2-202139,S2-201455,S2-201650,S2-201413,S3-301956,S3-301751,S3-301336,S3-301749,S3-302132,S3-302052,S3-301543,S3-301964,S3-301592,S3-301409,S3-301335,S3-301444,S3-301789,S3-301514,S3-301451
S1-101889	S3-301568,S2-201586,S2-202068,S2-201731,S2-201448,S2-202193,S2-202058,S2-201538,S2-201895,S2-201673,S2-201561,S3-301977,S3-301454,S3-301842,S3-301893,S3-301428,S3-301535,S3-301743,S3-301903,S2-202154,S2-202280,S2-202411,S2-202412,S2-202435,S3-302241,S3-302240,S3-302264,S3-301330
S1-101890	S3-301562,S2-201963,S2-201699,S3-301656,S2-202015,S3-301853,S3-301804,S2-202020,S2-201939,S2-202229,S2-202260,S2-201620,S2-201707,S2-202130,S2-201891,S2-201451,S2-201982,S2-201751,S3-301740,S3-301574,S3-301820,S3-301859,S3-302089,S3-301954,S3-301332,S3-301785,S3-301857,S3-302058,S3-301461,S3-301580,S2-202537,S2-202563,S2-202498,S2-202507,S2-202418
S1-101891	S2-201459,S2-201719,S2-201418,S2-201700,S3-301563,S3-301341,S2-202213,S2-202095,S2-202201,S2-201628,S2-201688,S2-202173,S2-201875,S2-202233,S2-201841,S2-201646,S2-201438,S2-202001,S2-202179,S2-201464,S2-201692,S2-202309,S2-201582,S2-201439,S2-201634,S2-201657,S3-301318,S3-301693,S3-302016,S3-301553,S3-301802,S3-302133,S3-302063,S3-301928,S3-302000
S1-101892	S3-301564,S2-201701,S2-201612,S2-202081,S3-301919,S2-201515,S2-202069,S2-201966,S2-201844,S2-201485,S2-201779,S2-201721,S2-201749,S2-201739,S2-201886,S2-202094,S2-201629,S3-301692,S3-301736,S3-301362,S3-301639,S3-301472,S3-301610,S3-301490,S3-301808,S3-301392,S3-301584,S3-301696,S3-301529,S3-301622,S3-301555,S3-301468,S2-202579,S2-202474,S2-202356
S1-101893	S2-201435,S3-301565,S3-301317,S2-201835,S2-201664,S2-201552,S2-201838,S2-202123,S2-201659,S2-201970,S2-201530,S2-201508,S2-201930,S2-202107,S2-202197,S2-201846,S2-201466,S2-201607,S3-301469,S3-301348,S3-301948,S3-301875,S3-301811,S3-301697,S3-301910,S3-301526,S3-301775,S3-302022,S3-301690,S3-301936,S2-202072,S2-202376,S2-202513,S2-202512,S2-202039
S1-101894	S3-301566,S3-301735,S2-201885,S2-201853,S2-202089,S2-201507,S2-201642,S2-201606,S2-201855,S2-202172,S2-201588,S2-201675,S2-201866,S2-201993,S2-202297,S2-202186,S2-201766,S3-301508,S3-301705,S3-301831,S3-302114,S3-301384,S3-301537,S3-302010,S3-301718,S3-301612,S2-202287,S2-201753,S2-201454,S3-302123,S3-301694,S2-202520,S2-202489,S2-202449,S2-202459
S1-101895	S2-201702,S2-201861,S3-301714,S3-302127,S2-201948,S3-301791,S3-301904,S2-201592,S2-201755,S2-201741,S2-201934,S2-201548,S2-202031,S2-202035,S2-202060,S2-202103,S3-301780,S3-301872,S3-301676,S3-301895,S3-301615,S2-202544,S2-202529,S2-202535,S2-202469,S2-202486,S2-201821,S3-302373,S3-302358,S3-302315,S3-302364,S3-301869,S3-302298
S1-101896	S2-201703,S3-301567,S2-202208,S3-302036,S2-201892,S2-201792,S2-202277,S2-201511,S2-202096,S2-202113,S2-202272,S2-202258,S2-202275,S2-201763,S2-201611,S2-202056,S2-201422,S2-202075,S3-302104,S3-302100,S3-301651,S3-301311,S3-301890,S3-301913,S3-302086,S3-302106,S3-301981,S3-301941,S3-301387,S2-202253,S2-202549,S2-202562,S2-202417,S2-202561,S2-202403
S1-101897	S3-301568,S2-201586,S2-202068,S2-201731,S2-201448,S2-202193,S2-202058,S2-201538,S2-201895,S2-201673,S2-201561,S3-301977,S3-301454,S3-301842,S3-301893,S3-301428,S3-301535,S3-301743,S3-301903,S2-202154,S2-202280,S3-301330,S2-202411,S2-202412,S2-202435,S3-302241,S3-302240,S3-302264
S1-101898	S3-301569,S2-201704,S2-201423,S2-202047,S2-202321,S2-201947,S2-201756,S3-301616,S3-301778,S3-302103,S3-302147,S3-301310,S2-202542,S2-202437,S2-202119,S3-302371,S3-302266,S2-201724,S3-301900,S2-202017,S2-201899,S2-201845,S2-201879,S2-202220,S2-202573,S2-201669,S2-202050,S2-202553,S2-201598,S2-202221,S2-202100,S2-202178,S2-202155,S2-201521,S2-201897
S1-101899	S3-301570,S2-201938,S3-301698,S3-301784,S2-201847,S2-202291,S2-201597,S2-201560,S2-201784,S2-202034,S2-202187,S2-202214,S2-201726,S2-201600,S2-201972,S2-201489,S2-202167,S2-201801,S3-301989,S3-301634,S3-301413,S3-301575,S3-301871,S3-301587,S3-301463,S3-301645,S3-301302,S3-301434,S3-302118,S3-301613,S2-202377,S2-202478,S2-202548,S3-302377,S3-302307
S1-101900	S3-301571,S2-201569,S2-201912,S2-201705,S3-301439,S2-202319,S3-302145,S2-201776,S2-202169,S2-201539,S2-201931,S2-201805,S2-201420,S2-201605,S2-202073,S2-202122,S2-202228,S2-202147,S2-201870,S2-201696,S2-201525,S2-201911,S2-202325,S3-301911,S3-302057,S3-301662,S3-301558,S3-301991,S3-301466,S3-302152,S3-301776,S3-301969,S3-301635,S3-301947,S3-301675
S1-101901	S3-301572,S2-201706,S2-202093,S2-202027,S3-301927,S3-301861,S3-301866,S2-202022,S2-201484,S2-202013,S2-201585,S2-202049,S2-201834,S2-201817,S2-202273,S2-201991,S2-201793,S2-201512,S2-202244,S2-201694,S3-301884,S3-301388,S3-302075,S3-301765,S3-301829,S3-301520,S3-301652,S3-301453,S3-302093,S3-301556,S3-302101,S3-301851,S2-202485,S3-301685,S3-302314
S1-101902	S2-202263,S2-201971,S3-302091,S3-302081,S3-301812,S3-302119,S2-201738,S2-202292,S2-202188,S2-201498,S2-201695,S2-201658,S2-201795,S2-202040,S2-201937,S2-201621,S2-201884,S2-201666,S2-202032,S3-301375,S3-301531,S3-301876,S3-301480,S3-301885,S3-301557,S3-301734,S3-301525,S3-301361,S3-301783,S3-301654,S3-301334,S3-302011,S3-301573,S2-202497,S3-302326
S1-101903	S2-201707,S3-301574,S2-202020,S2-201939,S2-201963,S2-202229,S2-202260,S2-201620,S2-202015,S2-201699,S2-202130,S2-201891,S2-201451,S2-201982,S2-201751,S3-301740,S3-301820,S3-301656,S3-301859,S3-302089,S3-301562,S3-301954,S3-301332,S3-301853,S3-301804,S3-301785,S3-301857,S3-302058,S3-301461,S3-301580,S2-202537,S2-202563,S2-202498,S2-202507,S2-202418
S1-101904	S3-301575,S2-201560,S2-202291,S2-201938,S2-201847,S2-201597,S2-201784,S2-202034,S2-202187,S2-202214,S2-201726,S2-201600,S2-201972,S2-201489,S2-202167,S2-201801,S3-301989,S3-301634,S3-301413,S3-301871,S3-301587,S3-301463,S3-301645,S3-301302,S3-301434,S3-301570,S3-301698,S3-302118,S3-301784,S3-301613,S2-201708,S2-202377,S2-202478,S2-202548,S3-302377
S1-101905	S2-201709,S2-201918,S2-201676,S2-201440,S2-201403,S2-201826,S2-202254,S2-201429,S2-202085,S3-301724,S3-301764,S3-301498,S3-301539,S3-301680,S3-301496,S3-301510,S3-301421,S3-301347,S3-302083,S3-301708,S2-201465,S2-201644,S3-301319,S3-302025,S2-201553,S2-202414,S2-202345,S2-202207,S2-202564,S3-302393,S3-302174,S3-302243,S2-202447,S2-202350,S2-201532
S1-101906	S3-301576,S3-301668,S3-302035,S3-301585,S3-301532,S3-302094,S2-202265,S2-201964,S2-201757,S2-201542,S2-201955,S2-201680,S2-202195,S2-202098,S2-201500,S2-201663,S2-202019,S2-201563,S2-201506,S3-302020,S3-301378,S3-301530,S3-302018,S3-301805,S3-302029,S3-301410,S3-302013,S3-301930,S2-201710,S3-301858,S3-301432,S3-301641,S2-202359,S2-202545,S2-202521
S1-101907	S2-201711,S3-301577,S2-201941,S2-201816,S3-301672,S2-201537,S2-201829,S2-201925,S2-201488,S2-201942,S2-202326,S2-202044,S2-201996,S2-201968,S2-201909,S2-202317,S2-202077,S2-201690,S3-301407,S3-301809,S3-302153,S3-301682,S3-301408,S3-301771,S3-301755,S3-301786,S3-301963,S3-301552,S3-301431,S3-301914,S3-302006,S3-301364,S3-301833,S2-202429,S3-302258
S1-101908	S2-201414,S2-202200,S2-201769,S2-201693,S2-201627,S2-202004,S2-201583,S3-301487,S3-301843,S3-301554,S3-302070,S3-301629,S2-202575,S3-302404,S2-202329,S2-201949,S2-202315,S2-202071,S2-202246,S2-202206,S2-201989,S2-201683,S2-201872,S2-202083,S3-301909,S3-301792,S3-301828,S3-301854,S3-301545,S3-301723,S3-302034,S3-302142
S1-101909	S2-201860,S2-201712,S3-301713,S2-201446,S2-202205,S2-201901,S2-201995,S2-201652,S2-201832,S3-301430,S3-301517,S3-301381,S3-301686,S3-302031,S2-201562,S2-201668,S2-201504,S2-202026,S3-301865,S3-301600,S3-301328,S2-202522,S2-202425,S2-202505,S3-302334,S3-302351,S3-302254
S1-101910	S3-301578,S2-201713,S2-201556,S3-301342,S3-301424,S2-201460,S2-202157,S2-201509,S2-202257,S2-201499,S2-202062,S2-202225,S2-201519,S2-202067,S2-201564,S3-302055,S3-301395,S3-301376,S3-301978,S3-302137,S3-301385,S3-302085,S2-202438,S3-302267
S1-101911	S2-201714,S3-301579,S2-202043,S2-201984,S2-201589,S2-202316,S2-201491,S2-201671,S3-301456,S3-302126,S3-301923,S3-302143,S3-301533,S3-301394,S2-201518,S2-202300,S2-201828,S3-301823,S3-301368,S3-301596,S3-301879,S2-202550,S2-202426,S2-202452,S3-302379,S3-302255,S3-302281
S1-101912	S2-201715,S3-301402,S2-201528,S2-201514,S2-201889,S2-202175,S2-202302,S2-202278,S2-201595,S2-202281,S2-201932,S2-201733,S2-202152,S2-201976,S2-201402,S2-201744,S3-301296,S3-301996,S3-301390,S3-302107,S3-301777,S3-301593,S3-301684,S3-302129,S3-301898,S3-301703,S3-301644,S3-302109,S3-301291,S3-301870,S3-301601,S2-201851,S2-202358,S2-202517,S2-202533
S1-101913	S3-302089,S3-301580,S2-202260,S2-202020,S2-201939,S2-201963,S2-202229,S2-201620,S2-201707,S2-202015,S2-201699,S2-202130,S2-201891,S2-201451,S2-201982,S2-201751,S3-301740,S3-301574,S3-301820,S3-301656,S3-301859,S3-301562,S3-301954,S3-301332,S3-301853,S3-301804,S3-301785,S3-301857,S3-302058,S3-301461,S2-202537,S2-202563,S2-202498,S2-202507,S2-202418
S1-101914	S3-301581,S2-202327,S2-202274,S2-202146,S2-202116,S2-202120,S2-202114,S3-301968,S3-302102,S3-301298,S3-301944,S3-301949,S3-301360,S3-302154,S3-301882,S2-202124,S3-301943,S2-201716,S2-202543,S2-202351,S3-302180,S3-302372,S3-301877,S2-202190,S2-201808,S2-201822,S2-202348,S2-202347,S2-201734,S2-201665,S2-202483,S2-201951,S2-202293,S2-202248,S2-202407
S1-101915	S2-201891,S2-201982,S3-301820,S3-301740,S2-202020,S2-201939,S2-201963,S2-202229,S2-202260,S2-201620,S2-201707,S2-202015,S2-201699,S2-202130,S2-201451,S2-201751,S3-301574,S3-301656,S3-301859,S3-302089,S3-301562,S3-301954,S3-301332,S3-301853,S3-301804,S3-301785,S3-301857,S3-302058,S3-301461,S3-301580,S2-202537,S2-202563,S2-202498,S2-202507,S2-202418
S1-101916	S2-201717,S3-301582,S2-201723,S2-202267,S3-302096,S2-202165,S2-202076,S2-201837,S2-202011,S2-201550,S2-201750,S2-202266,S2-202235,S2-201983,S2-201999,S2-202242,S2-201654,S2-202136,S2-201729,S3-301542,S3-301844,S3-302073,S3-301837,S3-301689,S3-301519,S3-301346,S3-301293,S3-301547,S3-302095,S3-301602,S3-301726,S3-301987,S3-302149,S3-301377,S3-301959
S1-101917	S2-201718,S3-301583,S2-201434,S2-202141,S2-202245,S2-201812,S2-202250,S2-201679,S2-202063,S2-202282,S2-201492,S2-201823,S2-202166,S2-202055,S2-202318,S2-201450,S2-201630,S2-202110,S2-201517,S2-201468,S2-201893,S2-201806,S2-201780,S3-301988,S3-301663,S3-302110,S3-301889,S3-301491,S3-301741,S3-301349,S3-301939,S3-301541,S3-301667,S3-301316,S3-301483
S1-101918	S2-201719,S2-201459,S2-201418,S3-301341,S2-201700,S3-301563,S2-202213,S2-202095,S2-202201,S2-201628,S2-201688,S2-202173,S2-201875,S2-202233,S2-201841,S2-201646,S2-201438,S2-202001,S2-202179,S2-201464,S2-201692,S2-202309,S2-201582,S2-201439,S2-201634,S2-201657,S3-301318,S3-301693,S3-302016,S3-301553,S3-301802,S3-302133,S3-302063,S3-301928,S3-302000
S1-101919	S2-201720,S2-201486,S3-301363,S2-201730,S2-201591,S2-201513,S2-201656,S2-201727,S2-202215,S2-201462,S2-202232,S2-201778,S2-201572,S2-201619,S2-201691,S2-201906,S3-301975,S3-302043,S3-301752,S3-302062,S3-301588,S3-301479,S3-301620,S3-301457,S3-301389,S3-302159,S3-301523,S3-301305,S3-301590,S2-201502,S2-201415,S2-202151,S3-301834,S3-301638,S2-202465
S1-101920	S2-201721,S3-301584,S2-201844,S3-301696,S2-201515,S2-202069,S2-201612,S2-201966,S2-202081,S2-201485,S2-201779,S2-201749,S2-201739,S2-201886,S2-202094,S2-201701,S2-201629,S3-301692,S3-301736,S3-301362,S3-301639,S3-301472,S3-301610,S3-301490,S3-301808,S3-301392,S3-301529,S3-301564,S3-301622,S3-301919,S3-301555,S3-301468,S2-202579,S2-202474,S2-202356
S1-101921	S2-201722,S2-202239,S2-201637,S3-301339,S3-301502,S2-201927,S2-201748,S2-202074,S2-201954,S2-201476,S2-202078,S2-201877,S2-202038,S2-202189,S3-301798,S3-302012,S3-301449,S3-301912,S3-301443,S3-301391,S3-301874,S3-301915,S2-201581,S3-301448,S2-202493,S2-202525,S2-202393,S2-202481,S2-202476,S2-202582,S3-302322,S3-302222,S3-301609,S3-302310,S3-302354
S1-101922	S2-201723,S2-201717,S2-202267,S3-301582,S3-302096,S2-202165,S2-202076,S2-201837,S2-202011,S2-201550,S2-201750,S2-202266,S2-202235,S2-201983,S2-201999,S2-202242,S2-201654,S2-202136,S2-201729,S3-301542,S3-301844,S3-302073,S3-301837,S3-301689,S3-301519,S3-301346,S3-301293,S3-301547,S3-302095,S3-301602,S3-301726,S3-301987,S3-302149,S3-301377,S3-301959
S1-101923	S2-201572,S2-201730,S2-201591,S2-201720,S2-201513,S2-201656,S2-201727,S2-201486,S2-202215,S2-201462,S2-202232,S2-201778,S2-201619,S2-201691,S2-201906,S3-301975,S3-302043,S3-301752,S3-302062,S3-301588,S3-301479,S3-301620,S3-301457,S3-301389,S3-302159,S3-301523,S3-301305,S3-301590,S2-201502,S2-201415,S2-202151,S3-301834,S3-301638,S3-301363,S2-202465
S1-101924	S3-302035,S3-302094,S3-301532,S3-301585,S2-201964,S2-201757,S2-201955,S2-201680,S2-202265,S2-201500,S2-201506,S3-301530,S2-201710,S3-301668,S3-301576,S3-301858,S3-301641,S2-202359,S2-202545,S2-201542,S2-202195,S2-202521,S2-202098,S2-201663,S2-202019,S2-202441,S2-201563,S3-302020,S3-301378,S3-302350,S3-302018,S3-301432,S3-302270,S3-301805,S3-302029
S1-101925	S3-301778,S2-201423,S2-202047,S2-202321,S2-201947,S2-201756,S3-301616,S3-302103,S3-302147,S3-301569,S3-301310,S2-202542,S2-201704,S2-202437,S2-202119,S3-302371,S3-302266,S2-201724,S3-301900,S2-202017,S2-201899,S2-201845,S2-201879,S2-202220,S2-202573,S2-201669,S2-202050,S2-202553,S2-201598,S2-202221,S2-202100,S2-202178,S2-202155,S2-201521,S2-201897
S1-101926	S2-201725,S3-301586,S2-201405,S2-201655,S2-202128,S3-301521,S3-302045,S3-302049,S3-301401,S3-301295,S2-202399,S2-202217,S2-201527,S2-201684,S3-302228,S3-301546,S3-301832
S1-101927	S2-201986,S2-201554,S2-201916,S2-201867,S2-202138,S2-201865,S2-201990,S2-202204,S2-202090,S2-201474,S2-201475,S2-202191,S2-201447,S2-201771,S3-301825,S3-302156,S3-301720,S3-301640,S3-301329,S3-302014,S3-301422,S3-301353,S3-301925,S3-301631,S3-301352,S3-301380,S3-302030,S3-301962,S2-202217,S2-201527,S2-201684,S3-301586,S3-301546
S1-101928	S2-202044,S3-301431,S3-301408,S2-201537,S2-201941,S2-201829,S2-201925,S2-201488,S2-201942,S2-202326,S2-201816,S2-201996,S2-201968,S2-201909,S2-202317,S2-202077,S2-201690,S2-201711,S3-301577,S3-301407,S3-301672,S3-301809,S3-302153,S3-301682,S3-301771,S3-301755,S3-301786,S3-301963,S3-301552,S3-301914,S3-302006,S3-301364,S3-301833,S2-202429,S3-302258
S1-101929	S2-201726,S3-301587,S2-202291,S2-201938,S2-201847,S2-201597,S2-201560,S2-201784,S2-202034,S2-202187,S2-202214,S2-201600,S2-201972,S2-201489,S2-202167,S2-201801,S3-301989,S3-301634,S3-301413,S3-301575,S3-301871,S3-301463,S3-301645,S3-301302,S3-301434,S3-301570,S3-301698,S3-302118,S3-301784,S3-301613,S2-202377,S2-202478,S2-202548,S3-302377,S3-302307
S1-101930	S2-201727,S3-301588,S2-201513,S3-301389,S2-201730,S2-201591,S2-201720,S2-201656,S2-201486,S2-202215,S2-201462,S2-202232,S2-201778,S2-201572,S2-201619,S2-201691,S2-201906,S3-301975,S3-302043,S3-301752,S3-302062,S3-301479,S3-301620,S3-301457,S3-302159,S3-301523,S3-301305,S3-301590,S2-201502,S2-201415,S2-202151,S3-301834,S3-301638,S3-301363,S2-202465
S1-101931	S2-201728,S3-301589,S2-202171,S3-301994,S2-201742,S2-202024,S2-201777,S2-201807,S2-201824,S2-201400,S2-202279,S2-201584,S2-202008,S3-301679,S3-301664,S3-302108,S3-301847,S3-301712,S3-301604,S3-301794,S3-301636,S3-301863,S2-202342,S2-202557,S2-202504,S3-302386,S3-302333,S3-302171,S3-301452,S2-201859
S1-101932	S2-201729,S2-202165,S2-202242,S3-302073,S3-301987,S2-202076,S2-201837,S2-202011,S2-201717,S2-201723,S2-201550,S2-202267,S2-201750,S2-202266,S2-202235,S2-201983,S2-201999,S2-201654,S2-202136,S3-301542,S3-301582,S3-301844,S3-301837,S3-301689,S3-301519,S3-301346,S3-301293,S3-301547,S3-302095,S3-301602,S3-301726,S3-302149,S3-302096,S3-301377,S3-301959
S1-101933	S2-201730,S3-301590,S2-201619,S3-301479,S3-301523,S2-201656,S2-201502,S2-201778,S2-201415,S3-301638,S3-301305,S2-201591,S2-201720,S2-201513,S2-201727,S2-201486,S2-202215,S2-201462,S2-202232,S2-201572,S2-201691,S2-201906,S3-301975,S3-302043,S3-301752,S3-302062,S3-301588,S3-301620,S3-301457,S3-301389,S3-302159,S2-202151,S3-301834,S3-301363,S2-202465
S1-101934	S2-201731,S2-201448,S2-201586,S2-202068,S2-202193,S2-202058,S2-201538,S2-201895,S2-201673,S2-201561,S3-301977,S3-301454,S3-301842,S3-301568,S3-301893,S3-301428,S3-301535,S3-301743,S3-301903,S2-202154,S2-202280,S2-202411,S2-202412,S2-202435,S3-302241,S3-302240,S3-302264,S3-301330
S1-101935	S3-301591,S2-201732,S2-202183,S2-201479,S2-201788,S2-201645,S2-201759,S2-201622,S3-301493,S3-301992,S3-302005,S3-301618,S3-301513,S3-301356,S2-201633,S2-202289,S2-201648,S2-202170,S3-302116,S3-301614,S2-202344,S2-202395,S2-202404,S3-302233,S3-302173,S3-302224,S2-202041,S2-201557,S2-201773,S2-201917,S3-301425,S3-301650,S3-302148,S3-301633
S1-101936	S3-301592,S2-201681,S3-301543,S2-202304,S2-201903,S2-201905,S2-202133,S2-201698,S2-201815,S2-201473,S2-202294,S2-201894,S2-202308,S2-202117,S2-201541,S2-201453,S2-201945,S2-202139,S2-201455,S2-201650,S2-201413,S3-301956,S3-301751,S3-301336,S3-301749,S3-302132,S3-302052,S3-301964,S3-301561,S3-301409,S3-301335,S3-301444,S3-301789,S3-301514,S3-301451
S1-101937	S3-301593,S2-201733,S3-301296,S2-202152,S3-301684,S2-201514,S2-201889,S2-202175,S2-202302,S2-202278,S2-201595,S2-201715,S2-202281,S2-201932,S2-201976,S2-201402,S2-201744,S3-301996,S3-301390,S3-302107,S3-301594,S3-301777,S3-302129,S3-301898,S3-301703,S3-301402,S3-301644,S3-302109,S3-301291,S3-301870,S3-301601,S2-201851,S2-201528,S2-202358,S2-202517
S1-101938	S2-201733,S3-301296,S3-301593,S2-202152,S3-301594,S3-301684,S2-201514,S2-201889,S2-202175,S2-202302,S2-202278,S2-201595,S2-201715,S2-202281,S2-201932,S2-201976,S2-201402,S2-201744,S3-301996,S3-301390,S3-302107,S3-301777,S3-302129,S3-301898,S3-301703,S3-301402,S3-301644,S3-302109,S3-301291,S3-301870,S3-301601,S2-201851,S2-201528,S2-202358,S2-202517
S1-101939	S2-201734,S3-301595,S2-202190,S2-202252,S2-201822,S3-301677,S3-302082,S2-201808,S2-201951,S2-202293,S2-202248,S3-301488,S3-301665,S3-301445,S3-302112,S3-301795,S3-302120,S2-202348,S2-202347,S2-202483,S2-202407,S3-302176,S3-302312,S3-302236,S3-302177,S2-201665,S2-202116,S3-301944,S2-202327,S2-202124,S2-202274,S2-202146,S2-202120,S2-201716,S2-202114
S1-101940	S2-201871,S3-302077,S3-301722,S2-201896,S2-202125,S2-201926,S2-201594,S2-202088,S2-202284,S2-201625,S2-201613,S2-201857,S2-202305,S2-201919,S2-201936,S2-202224,S2-201458,S2-201864,S2-201878,S3-301717,S3-301325,S3-301499,S3-301460,S3-301485,S3-301782,S3-301950,S3-301340,S3-301473,S3-302054,S3-301772,S3-301406,S3-301942,S3-301418,S3-301745,S2-202461
S1-101941	S3-301596,S2-201671,S3-301533,S2-202043,S2-201984,S2-201518,S2-202300,S2-201589,S2-202316,S2-201491,S2-201714,S2-201828,S3-301456,S3-301823,S3-302126,S3-301923,S3-302143,S3-301368,S3-301579,S3-301879,S3-301394,S2-202550,S2-202426,S2-202452,S3-302379,S3-302255,S3-302281
S1-101942	S3-301597,S2-201735,S2-201874,S2-202102,S2-201417,S3-301725,S3-301933,S2-202156,S2-201953,S2-201873,S2-201997,S2-202064,S2-202262,S2-202109,S2-201535,S3-301797,S3-301835,S3-302024,S3-302090,S3-301938,S2-202378,S2-202394,S2-202352,S2-202443,S2-202371,S3-302200,S3-302181,S3-302207,S3-302272,S3-302223,S2-202199
S1-101943	S3-301598,S2-201736,S2-202118,S2-202234,S2-201526,S2-201813,S2-201887,S2-201797,S2-201599,S3-301515,S3-301400,S3-301365,S3-302068,S3-301669,S3-301621,S3-301762,S3-301945,S3-301464,S3-301737,S2-202456,S2-202526,S2-202494,S3-302323,S3-302355,S3-302285,S2-201798
S1-101944	S3-301599,S2-201737,S2-202298,S3-302124,S2-201969,S2-201533,S2-202010,S2-202222,S2-201799,S2-201603,S2-202023,S2-201559,S3-301849,S3-301607,S3-301906,S3-301810,S3-302027,S3-301338,S3-301405,S3-301495,S3-301657,S3-302021,S2-201608,S2-202012,S2-201746,S2-202121,S2-202184,S2-201457,S2-202131,S3-301426,S3-302151,S3-301470,S3-302051,S3-302007,S3-301850
S1-101945	S2-201652,S3-301517,S3-301600,S2-201446,S2-202205,S2-201995,S2-201860,S2-201832,S3-301430,S3-301381,S3-301686,S3-301713,S3-302031,S2-201562,S2-201712,S2-201668,S2-201504,S2-201901,S2-202026,S3-301865,S3-301328,S2-202522,S2-202425,S2-202505,S3-302334,S3-302351,S3-302254
S1-101946	S2-201738,S2-202263,S2-201971,S3-302091,S3-302081,S3-301812,S3-302119,S2-202292,S2-202188,S2-201498,S2-201695,S2-201658,S2-201795,S2-202040,S2-201937,S2-201621,S2-201884,S2-201666,S2-202032,S3-301375,S3-301531,S3-301876,S3-301480,S3-301885,S3-301557,S3-301734,S3-301525,S3-301361,S3-301783,S3-301654,S3-301334,S3-302011,S2-202497,S3-302326,S3-301573
S1-101947	S3-301601,S3-301703,S3-301644,S2-201851,S2-201514,S2-201889,S2-202175,S2-202302,S2-202278,S2-201595,S2-201715,S2-201770,S2-202281,S2-201932,S2-201733,S2-202152,S2-201976,S2-201402,S2-201744,S3-301296,S3-301996,S3-301390,S3-302107,S3-301777,S3-301593,S3-301684,S3-302129,S3-301898,S3-301402,S3-302109,S3-301291,S3-301870,S2-201528,S2-202358,S2-202517
S1-101948	S3-301602,S3-301293,S3-301377,S2-202165,S2-202076,S2-201837,S2-202011,S2-201717,S2-201723,S2-201550,S2-202267,S2-201750,S2-202266,S2-202235,S2-201983,S2-201999,S2-202242,S2-201654,S2-202136,S2-201729,S3-301542,S3-301582,S3-301844,S3-302073,S3-301837,S3-301689,S3-301519,S3-301346,S3-301547,S3-302095,S3-301726,S3-301987,S3-302149,S3-302096,S3-301959
S1-101949	S2-201646,S3-301450,S2-201582,S2-202213,S2-202095,S2-202201,S2-201628,S2-201688,S2-202173,S2-201875,S2-202233,S2-201841,S2-201459,S2-201438,S2-202001,S2-202179,S2-201719,S2-201464,S2-201692,S2-201418,S2-202309,S2-201700,S2-201439,S2-201634,S2-201657,S3-301318,S3-301693,S3-302016,S3-301553,S3-301802,S3-302133,S3-302063,S3-301928,S3-302000,S3-301821
S1-101950	S2-201739,S3-301555,S3-301603,S2-201515,S2-202069,S2-201612,S2-201966,S2-201844,S2-202081,S2-201485,S2-201779,S2-201721,S2-201749,S2-201886,S2-202094,S2-201701,S2-201629,S3-301692,S3-301736,S3-301362,S3-301639,S3-301472,S3-301610,S3-301490,S3-301808,S3-301392,S3-301584,S3-301696,S3-301529,S3-301564,S3-301622,S3-301919,S3-301468,S2-202579,S2-202474
S1-101951	S2-201740,S3-301467,S3-301290,S3-301709,S2-201856,S2-201401,S2-202303,S2-201568,S2-201965,S2-201852,S2-201573,S2-201811,S2-201833,S2-201601,S2-201944,S2-201442,S2-202288,S2-202194,S2-201854,S2-201890,S2-201674,S2-202202,S2-201781,S2-201574,S3-301706,S3-301704,S3-302028,S3-301788,S3-302017,S3-301536,S3-302130,S3-301806,S3-302115,S3-301441,S3-301666
S1-101952	S2-201741,S2-201592,S2-201755,S2-201934,S2-201702,S2-201548,S2-202031,S2-201861,S2-201948,S2-202035,S2-202060,S2-202103,S3-301791,S3-301780,S3-301872,S3-301676,S3-301714,S3-301895,S3-301904,S3-301615,S3-302127,S2-202544,S2-202529,S2-202535,S2-202469,S2-202486,S2-201821,S3-302373,S3-302358,S3-302315,S3-302364,S3-301869,S3-302298
S1-101953	S2-201742,S3-301604,S2-201807,S3-301664,S3-301712,S2-202024,S2-201728,S2-202171,S2-201777,S2-201824,S2-201400,S2-202279,S2-201584,S2-202008,S3-301679,S3-302108,S3-301994,S3-301589,S3-301847,S3-301794,S3-301636,S3-301863,S2-202342,S2-202557,S2-202504,S3-302386,S3-302333,S3-302171,S3-301452,S2-201859
S1-101954	S2-201743,S2-201961,S2-201929,S2-202048,S2-202066,S2-201921,S2-201935,S2-202115,S2-201974,S2-201419,S2-202209,S2-201549,S2-202211,S3-302037,S3-301901,S3-301774,S3-301307,S3-301417,S3-301814,S3-302072,S3-301371,S3-301803,S3-301420,S3-301781,S3-301605,S3-302039,S2-201494,S2-202033,S2-202241,S2-201810,S2-201551,S2-201920,S2-201636,S2-201923,S2-202238
S1-101955	S2-201744,S2-202281,S3-302109,S2-201514,S2-201889,S2-202175,S2-202302,S2-202278,S2-201595,S2-201715,S2-201932,S2-201733,S2-202152,S2-201976,S2-201402,S3-301296,S3-301996,S3-301390,S3-302107,S3-301777,S3-301593,S3-301684,S3-302129,S3-301898,S3-301703,S3-301402,S3-301644,S3-301291,S3-301870,S3-301601,S2-201851,S2-201528,S2-202358,S2-202517,S2-202533
S1-101956	S3-301606,S2-201745,S2-202003,S2-202328,S2-202053,S2-202251,S2-202311,S2-202009,S2-202331,S2-201800,S2-202307,S2-202296,S2-201959,S3-302033,S3-302158,S3-302080,S3-302131,S3-301383,S3-301658,S3-301848,S3-302155,S3-301801,S3-302138,S3-301888,S3-302122,S2-202576,S2-202453,S2-202570,S2-202336,S2-202555,S2-202446,S2-202571,S2-202384,S2-202402,S3-302165
S1-101957	S3-301607,S3-302021,S2-201746,S2-201608,S3-301470,S2-201969,S2-201533,S2-202010,S2-202222,S2-201799,S2-201603,S2-202023,S2-201559,S3-301849,S3-301906,S3-301810,S3-302027,S3-301338,S3-301405,S3-301495,S3-301657,S3-301599,S2-202012,S2-202121,S2-202298,S2-202184,S2-201457,S2-202131,S3-301426,S3-302151,S3-302051,S3-302007,S3-302124,S2-201737,S3-301850
S1-101958	S3-301608,S2-201747,S2-201546,S3-301415,S2-201404,S2-201862,S2-201647,S2-201427,S2-202046,S2-201900,S2-202106,S2-201924,S2-202320,S3-301769,S3-301512,S3-301455,S3-301292,S3-301841,S3-301715,S3-301313,S3-302146,S3-301747,S3-301881,S3-301935
S1-101959	S2-201748,S2-202078,S3-301915,S2-202239,S2-202074,S2-201637,S2-201722,S2-201954,S2-201476,S2-201877,S2-202038,S2-202189,S3-301798,S3-302012,S3-301449,S3-301912,S3-301609,S3-301443,S3-301391,S3-301502,S3-301874,S3-301339,S2-201927,S2-201581,S3-301448,S2-202493,S2-202525,S2-202393,S2-202481,S2-202476,S2-202582,S3-302322,S3-302222,S3-302310,S3-302354
S1-101960	S2-201749,S3-301610,S2-201779,S3-301639,S2-201515,S2-202069,S2-201612,S2-201966,S2-201844,S2-202081,S2-201485,S2-201721,S2-201739,S2-201886,S2-202094,S2-201701,S2-201629,S3-301692,S3-301736,S3-301362,S3-301472,S3-301490,S3-301808,S3-301392,S3-301584,S3-301696,S3-301529,S3-301564,S3-301622,S3-301919,S3-301555,S3-301468,S2-202579,S2-202474,S2-202356
S1-101961	S2-201750,S3-301542,S3-301547,S2-201723,S2-201685,S2-202267,S2-201999,S3-302064,S2-202165,S2-202076,S2-201837,S2-202011,S2-201717,S2-201550,S2-202266,S2-202235,S2-201983,S2-202242,S2-201654,S2-202136,S2-201729,S3-301582,S3-301844,S3-302073,S3-301837,S3-301689,S3-301519,S3-301346,S3-301293,S3-302095,S3-301602,S3-301726,S3-301987,S3-302149,S3-302096
S1-101962	S2-201751,S2-202020,S2-201939,S2-201963,S2-202229,S2-202260,S2-201620,S2-201707,S2-202015,S2-201699,S2-202130,S2-201891,S2-201451,S2-201982,S3-301740,S3-301574,S3-301820,S3-301656,S3-301859,S3-302089,S3-301562,S3-301954,S3-301332,S3-301853,S3-301804,S3-301785,S3-301857,S3-302058,S3-301461,S3-301580,S2-202537,S2-202563,S2-202498,S2-202507,S2-202418
S1-101963	S2-201752,S2-202150,S3-301974,S3-301611,S3-301366,S2-201470,S2-201653,S2-201461,S2-201979,S2-201848,S2-201697,S2-201596,S2-202192,S2-201992,S2-202079,S3-301518,S3-301343,S3-301728,S3-301559,S3-301916,S3-301817,S3-301830,S3-302015,S3-301699,S3-301550,S2-201876,S2-202390,S2-202363,S2-202527,S2-202547,S2-202416,S2-202581,S2-202495,S2-202349,S3-302192
S1-101964	S3-301612,S2-201606,S2-201753,S2-201853,S2-202089,S2-201507,S2-201642,S2-201855,S2-202172,S2-201588,S2-201675,S2-201866,S2-201993,S2-202297,S2-202186,S2-201766,S3-301508,S3-301705,S3-301831,S3-302114,S3-301566,S3-301384,S3-301537,S3-301735,S3-302010,S3-301718,S2-202287,S2-201885,S2-201454,S3-302123,S3-301694,S2-202520,S2-202489,S2-202449,S2-202459
S1-101965	S3-301613,S2-201600,S3-301634,S3-301989,S3-301784,S2-202291,S2-201938,S2-201847,S2-201597,S2-201560,S2-201784,S2-202034,S2-202187,S2-202214,S2-201726,S2-201972,S2-201489,S2-202167,S2-201801,S3-301413,S3-301575,S3-301871,S3-301587,S3-301463,S3-301645,S3-301302,S3-301434,S3-301570,S3-301698,S3-302118,S2-201754,S2-201774,S2-202377,S2-202478,S2-202548
S1-101966	S3-301614,S2-201633,S3-301493,S2-202183,S2-201479,S2-201788,S2-201732,S2-201648,S2-201645,S2-201759,S2-201622,S2-202170,S3-301591,S3-302116,S3-301992,S3-302005,S3-301513,S3-301356,S2-202289,S3-301618,S2-202344,S2-202395,S2-202404,S3-302233,S3-302173,S3-302224
S1-101967	S2-201755,S3-301615,S2-201592,S2-201741,S2-201934,S2-201702,S2-201548,S2-202031,S2-201861,S2-201948,S2-202035,S2-202060,S2-202103,S3-301791,S3-301780,S3-301872,S3-301676,S3-301714,S3-301895,S3-301904,S3-302127,S2-202544,S2-202529,S2-202535,S2-202469,S2-202486,S2-201821,S3-302373,S3-302358,S3-302315,S3-302364,S3-301869,S3-302298
S1-101968	S2-201756,S3-301616,S3-302103,S2-201423,S2-202047,S2-202321,S2-201947,S3-301778,S3-302147,S3-301569,S3-301310,S2-202542,S2-201704,S2-202437,S2-202119,S3-302371,S3-302266,S2-201724,S3-301900,S3-302069,S2-202017,S2-201899,S2-201845,S2-201879,S2-202220,S2-202573,S2-201669,S2-202050,S2-202553,S2-201598,S2-202221,S2-202100,S2-202178,S2-202155,S2-201521
S1-101969	S2-201757,S3-302029,S2-201964,S2-201955,S2-201680,S2-202265,S2-201500,S2-201506,S3-301530,S3-302035,S3-302094,S3-301532,S2-201542,S2-202195,S2-202098,S2-201663,S2-202019,S2-201563,S3-302020,S3-301668,S3-301378,S3-301576,S3-302018,S3-301585,S3-301805,S3-301410,S3-302013,S3-301930,S3-301858,S3-301641,S3-301432,S2-202359,S2-202545,S2-202521,S2-202441
S1-101970	S3-301617,S2-201758,S2-202176,S2-202045,S3-301997,S3-301880,S2-202137,S2-201565,S2-201804,S3-301960,S3-301433,S2-201555,S2-201449,S2-202160,S2-202203,S2-202324,S2-201667,S2-201579,S2-201839,S2-202249,S2-201443,S3-301691,S3-301370,S3-301423,S3-301446,S3-301411,S3-301331,S3-301982,S2-201543,S3-301322,S2-202431,S2-202501,S3-302260,S3-302330
S1-101971	S3-301618,S2-201759,S3-301591,S2-201732,S2-202183,S2-201479,S2-201788,S2-201645,S2-201622,S3-301493,S3-301992,S3-302005,S3-301513,S3-301356,S2-201633,S2-202289,S2-201648,S2-202170,S3-302116,S3-301614,S2-202344,S2-202395,S2-202404,S3-302233,S3-302173,S3-302224,S2-202041,S2-201557,S2-201773,S2-201917,S3-301425,S3-301650,S3-302148,S3-301633
S1-101972	S2-201760,S3-301619,S2-202108,S3-301937,S2-201858,S2-201408,S2-201677,S2-202059,S2-201943,S2-201910,S3-301921,S3-301787,S3-301756,S3-301643,S3-301711,S2-202084,S2-201467,S2-201516,S2-201649,S2-202161,S3-301894,S3-301315,S2-201782,S3-302135,S2-201432,S2-202343,S2-202364,S2-202428,S2-202396,S2-202433,S3-302193,S3-302262,S3-302257,S3-302225,S3-302172
S1-101973	S3-301620,S2-201730,S2-201591,S2-201720,S2-201513,S2-201656,S2-201727,S2-201486,S2-202215,S2-201462,S2-202232,S2-201778,S2-201572,S2-201619,S2-201691,S2-201906,S3-301975,S3-302043,S3-301752,S3-302062,S3-301588,S3-301479,S3-301457,S3-301389,S3-302159,S3-301523,S3-301305,S3-301590,S2-201502,S2-201415,S2-202151,S3-301834,S3-301638,S3-301363,S2-202465
S1-101974	S3-301621,S2-202234,S2-201736,S2-202118,S2-201526,S2-201813,S2-201887,S2-201797,S2-201599,S3-301515,S3-301400,S3-301365,S3-302068,S3-301669,S3-301762,S3-301945,S3-301464,S3-301598,S3-301737,S2-202456,S2-202526,S2-202494,S3-302323,S3-302355,S3-302285,S2-201798
S1-101975	S3-301622,S2-201515,S2-202069,S2-201612,S2-201966,S2-201844,S2-202081,S2-201485,S2-201779,S2-201721,S2-201749,S2-201739,S2-201886,S2-202094,S2-201701,S2-201629,S3-301692,S3-301736,S3-301603,S3-301362,S3-301639,S3-301472,S3-301610,S3-301490,S3-301808,S3-301392,S3-301584,S3-301696,S3-301529,S3-301564,S3-301919,S3-301555,S3-301468,S2-202579,S2-202474
S1-101976	S3-301623,S2-201761,S2-201571,S2-201570,S2-201765,S2-201493,S2-201590,S3-301294,S3-301369,S3-301626,S3-301625,S3-302056,S2-202227,S2-202480,S2-202567,S3-302309,S3-302396,S2-201643,S2-201904,S2-201950,S2-201850,S2-202135,S2-202312,S2-202042,S2-201768,S2-201576,S2-202269,S2-201678,S3-301540,S3-301993,S3-301793,S3-301702,S3-301628,S3-301442,S3-301750
S1-101977	S2-201762,S2-201689,S3-301551,S2-201764,S2-201998,S2-202164,S2-202216,S2-201501,S2-202086,S2-201987,S2-202007,S2-201973,S3-301624,S3-301826,S3-301846,S3-301379,S3-301922,S3-301738,S3-301836,S3-301304,S3-302044,S3-301920,S3-301813,S2-201888,S3-301986,S2-202370,S2-202484,S2-202546,S2-202432,S3-302199,S3-302313,S3-302375,S3-302261,S2-201575,S2-201523
S1-101978	S2-201763,S2-201792,S2-202272,S3-302104,S3-302100,S3-301387,S2-201511,S2-202275,S3-301651,S2-202277,S2-202096,S2-201892,S2-202113,S2-202208,S2-202258,S2-201703,S2-201611,S2-202056,S2-201422,S2-202075,S3-301311,S3-301890,S3-301567,S3-301913,S3-302086,S3-302106,S3-301981,S3-301941,S3-302036,S2-202253,S2-202549,S2-202562,S2-202417,S2-202561,S2-202403
S1-101979	S2-201607,S3-301469,S2-201664,S2-201435,S2-201552,S2-201838,S2-202123,S2-201659,S2-201970,S2-201530,S2-201508,S2-201930,S2-202107,S2-202197,S2-201835,S2-201846,S2-201466,S3-301348,S3-301948,S3-301875,S3-301811,S3-301697,S3-301565,S3-301910,S3-301526,S3-301775,S3-301317,S3-302022,S3-301690,S3-301936,S2-202072,S2-202376,S2-202513,S2-202512,S2-202039
S1-101980	S2-201764,S3-301624,S2-201689,S2-201998,S2-202164,S2-202216,S2-201501,S2-202086,S2-201762,S2-201987,S2-202007,S2-201973,S3-301826,S3-301846,S3-301379,S3-301922,S3-301738,S3-301836,S3-301304,S3-302044,S3-301551,S3-301920,S3-301813,S2-201888,S3-301986,S2-202370,S2-202484,S2-202546,S2-202432,S3-302199,S3-302313,S3-302375,S3-302261,S2-201575,S2-201523
S1-101981	S2-201765,S3-301625,S2-201571,S2-201570,S2-201493,S2-201590,S2-201761,S3-301294,S3-301369,S3-301626,S3-301623,S3-302056,S2-202227,S2-202480,S2-202567,S3-302309,S3-302396,S2-201643,S2-201904,S2-201950,S2-201850,S2-202135,S2-202312,S2-202042,S2-201768,S2-201576,S2-202269,S2-201678,S3-301540,S3-301993,S3-301793,S3-301702,S3-301628,S3-301442,S3-301750
S1-101982	S3-301626,S2-201571,S2-201570,S2-201765,S2-201493,S2-201590,S2-201761,S3-301294,S3-301369,S3-301625,S3-301623,S3-302056,S2-202227,S2-202480,S2-202567,S3-302309,S3-302396,S2-201643,S2-201904,S2-201950,S2-201850,S2-202135,S2-202312,S2-202042,S2-201768,S2-201576,S2-202269,S2-201678,S3-301540,S3-301993,S3-301793,S3-301702,S3-301628,S3-301442,S3-301750
S1-101983	S2-201766,S2-201588,S2-201853,S2-202089,S2-201507,S2-201642,S2-201606,S2-201855,S2-202172,S2-201675,S2-201866,S2-201993,S2-202297,S2-202186,S3-301508,S3-301705,S3-301831,S3-302114,S3-301566,S3-301384,S3-301537,S3-301735,S3-302010,S3-301718,S3-301612,S2-202287,S2-201885,S2-201753,S2-201454,S3-302123,S3-301694,S2-202520,S2-202489,S2-202449,S2-202459
S1-101984	S3-301627,S3-301653,S2-201767,S2-201794,S3-301908,S2-202099,S2-202198,S2-202162,S2-201863,S3-301716,S3-302136,S3-301412,S3-301984,S3-301427,S3-302023,S3-301931,S2-201545,S2-202491,S3-302320
S1-101985	S2-201768,S3-301628,S3-301442,S3-302002,S2-201576,S2-201643,S2-201904,S2-201950,S2-201850,S2-202135,S2-202312,S2-202042,S2-201678,S3-301540,S3-301993,S3-301793,S3-301702,S3-301750,S3-301958,S3-301509,S3-302139,S3-301761,S2-202269,S2-201571,S2-201570,S2-201765,S2-201493,S2-201590,S2-202480,S2-202567,S2-201761,S3-301294,S3-301369,S3-301626,S3-302309
S1-101986	S2-201769,S3-301629,S2-201627,S3-301487,S2-201414,S2-202200,S2-201693,S2-202004,S2-201583,S3-301843,S3-301554,S3-302070,S2-202575,S3-302404,S2-202329,S2-201949,S2-202315,S2-202071,S2-202246,S2-202206,S2-201989,S2-201683,S2-201872,S2-202083,S3-301909,S3-301792,S3-301828,S3-301854,S3-301545,S3-301723,S3-302034,S3-302142
S1-101987	S3-301703,S3-301644,S3-301601,S2-201770,S2-201851,S2-201514,S2-201889,S2-202175,S2-202302,S2-202278,S2-201595,S2-201715,S2-202281,S2-201932,S2-201733,S2-202152,S2-201976,S2-201402,S2-201744,S3-301296,S3-301996,S3-301390,S3-302107,S3-301777,S3-301593,S3-301684,S3-302129,S3-301898,S3-301402,S3-302109,S3-301291,S3-301870,S2-201528,S2-202358,S2-202517
S1-101988	S3-301631,S2-201771,S2-202090,S2-201474,S3-301925,S3-301352,S2-201986,S2-201554,S2-201916,S2-201867,S2-202138,S2-201865,S2-201990,S2-202204,S2-201475,S2-202191,S2-201447,S3-301825,S3-302156,S3-301720,S3-301640,S3-301329,S3-302014,S3-301422,S3-301353,S3-301380,S3-302030,S3-301962,S2-202217,S2-201527,S2-201684,S3-301586,S3-301546
S1-101989	S3-301632,S2-201772,S2-201431,S2-201477,S2-202132,S2-202140,S2-201520,S2-202159,S2-201469,S2-202240,S2-201617,S2-201818,S2-201827,S2-202259,S2-201836,S2-202330,S2-201430,S2-201814,S2-201952,S2-201610,S2-202181,S3-301354,S3-301980,S3-301731,S3-301670,S3-301902,S3-301522,S3-301855,S3-301681,S3-302003,S3-301673,S3-301955,S3-302157,S3-301796,S3-301965
S1-101990	S2-201773,S3-301633,S2-202041,S2-201958,S2-201472,S2-201917,S2-201840,S3-301763,S3-301878,S3-301351,S3-301800,S3-301494,S2-202502,S3-302331
S1-101991	S3-301634,S2-201600,S3-301613,S2-202291,S2-201938,S2-201847,S2-201597,S2-201560,S2-201784,S2-202034,S2-202187,S2-202214,S2-201726,S2-201972,S2-201489,S2-202167,S2-201801,S3-301989,S3-301413,S3-301575,S3-301871,S3-301587,S3-301463,S3-301645,S3-301302,S3-301434,S3-301570,S3-301698,S3-302118,S3-301784,S2-201774,S2-201754,S2-202377,S2-202478,S2-202548
S1-101992	S2-201775,S3-301748,S2-201682,S3-301646,S3-301544,S2-201902,S2-201532,S2-202153,S2-202127,S2-202025,S2-201819,S2-201496,S2-202283,S2-202231,S2-202142,S2-201456,S2-202065,S2-202210,S2-201426,S3-301404,S3-302038,S3-301674,S3-302125,S3-301918,S3-301337,S3-302060,S3-301897,S3-301864,S3-301312,S3-302008,S3-301952,S3-302111,S3-301373,S2-202080,S3-301976
S1-101993	S2-201776,S3-301635,S2-201420,S3-301662,S2-201805,S2-201569,S2-202169,S2-201539,S2-201931,S2-201605,S2-202073,S2-202122,S2-202228,S2-202147,S2-201870,S2-201696,S2-201525,S2-201911,S2-202325,S2-201912,S2-201705,S2-202319,S3-301911,S3-302057,S3-301558,S3-301991,S3-302145,S3-301466,S3-302152,S3-301776,S3-301439,S3-301969,S3-301571,S3-301947,S3-301675
S1-101994	S2-201777,S3-301636,S2-201824,S3-301679,S2-201742,S2-202024,S2-201728,S2-202171,S2-201807,S2-201400,S2-202279,S2-201584,S2-202008,S3-301664,S3-302108,S3-301994,S3-301589,S3-301847,S3-301712,S3-301604,S3-301794,S3-301863,S2-202342,S2-202557,S2-202504,S3-302386,S3-302333,S3-302171,S3-301452,S2-201859
S1-101995	S3-301637,S2-201529,S2-202105,S2-201962,S2-201505,S2-201640,S2-202092,S2-201639,S2-201624,S3-302069,S3-301934,S3-301484,S3-301382,S3-302042,S3-301926,S3-301505,S2-201423,S3-301310,S2-202542,S2-201724,S2-202047,S2-202321,S2-201947,S2-201756,S2-202437,S3-301719,S3-301616,S3-301778,S3-302371,S3-302103,S3-302266,S3-302147,S3-301900,S3-301569,S2-202237
S1-101996	S2-202327,S2-202274,S2-202146,S2-202116,S2-202120,S2-202114,S3-301968,S3-302102,S3-301298,S3-301944,S3-301949,S3-301360,S3-302154,S3-301581,S3-301882,S2-202124,S3-301943,S2-202543,S2-202351,S3-302180,S3-302372,S2-201716,S3-301877,S2-202190,S2-201808,S2-201822,S2-202348,S2-202347,S2-201734,S2-201665,S2-202483,S2-201951,S2-202293,S2-202248,S2-202407
S1-101997	S2-201778,S2-201730,S2-201619,S3-301479,S3-301523,S2-201656,S3-301638,S2-201502,S3-301590,S2-201415,S3-301305,S2-201591,S2-201720,S2-201513,S2-201727,S2-201486,S2-202215,S2-201462,S2-202232,S2-201572,S2-201691,S2-201906,S3-301975,S3-302043,S3-301752,S3-302062,S3-301588,S3-301620,S3-301457,S3-301389,S3-302159,S2-202151,S3-301834,S3-301363,S2-202465
S1-101998	S2-201779,S2-201749,S3-301610,S3-301639,S2-202579,S2-201515,S2-202474,S2-202069,S2-201612,S2-201966,S2-201844,S2-202356,S2-202081,S2-201485,S2-201721,S2-202386,S2-202410,S2-201739,S2-201886,S2-202094,S2-201701,S2-201629,S3-301692,S3-301736,S3-302239,S3-301362,S3-302408,S3-302185,S3-301472,S3-301490,S3-301808,S3-301392,S3-301584,S3-302303,S3-301696
S1-101999	S2-201780,S3-301393,S2-202110,S2-201517,S3-301939,S2-201718,S2-201434,S2-202141,S2-202245,S2-201812,S2-202250,S2-201679,S2-202063,S2-202282,S2-201492,S2-201823,S2-202166,S2-202055,S2-202318,S2-201450,S2-201630,S2-201468,S2-201893,S2-201806,S3-301988,S3-301663,S3-302110,S3-301889,S3-301491,S3-301741,S3-301349,S3-301583,S3-301541,S3-301667,S3-301316
S1-102000	S3-301640,S2-202204,S2-201865,S3-302030,S2-201447,S3-301329,S2-201986,S2-201554,S2-201916,S2-201867,S2-202138,S2-201990,S2-202090,S2-201474,S2-201475,S2-202191,S2-201771,S3-301825,S3-302156,S3-301720,S3-302014,S3-301422,S3-301353,S3-301925,S3-301631,S3-301352,S3-301380,S3-301962,S2-202217,S2-201527,S2-201684,S3-301586,S3-301546
S1-102001	S3-301641,S2-201964,S2-201757,S2-201542,S2-201955,S2-201680,S2-202195,S2-202265,S2-202098,S2-201500,S2-201663,S2-202019,S2-201563,S2-201506,S3-302020,S3-301668,S3-301378,S3-301530,S3-301576,S3-302018,S3-302035,S3-301585,S3-301805,S3-302029,S3-301410,S3-302094,S3-302013,S3-301930,S3-301532,S3-301858,S3-301432,S2-202359,S2-202545,S2-202521,S2-202441
S1-102002	S2-201781,S3-301642,S2-202303,S2-201740,S2-201568,S2-201965,S2-201852,S2-201573,S2-201811,S2-201856,S2-201401,S2-201833,S2-201601,S2-201944,S2-201442,S2-202288,S2-202194,S2-201854,S2-201890,S2-201674,S2-202202,S2-201574,S3-301706,S3-301704,S3-302028,S3-301788,S3-302017,S3-301536,S3-302130,S3-301806,S3-302115,S3-301441,S3-301666,S3-301467,S3-301437
S1-102003	S2-201432,S2-201782,S2-201516,S3-301315,S3-301643,S2-201858,S2-201408,S2-202084,S2-201677,S2-201467,S2-201649,S2-202059,S2-202108,S2-201760,S2-201943,S2-202161,S2-201910,S3-301921,S3-301894,S3-301787,S3-301756,S3-302135,S3-301619,S3-301711,S3-301937,S2-202343,S2-202364,S2-202428,S2-202396,S2-202433,S3-302193,S3-302262,S3-302257,S3-302225,S3-302172
S1-102004	S3-301644,S3-301703,S3-301601,S2-201851,S2-201770,S2-201514,S2-201889,S2-202175,S2-202302,S2-202278,S2-201595,S2-201715,S2-202281,S2-201932,S2-201733,S2-202152,S2-201976,S2-201402,S2-201744,S3-301296,S3-301996,S3-301390,S3-302107,S3-301777,S3-301593,S3-301684,S3-302129,S3-301898,S3-301402,S3-302109,S3-301291,S3-301870,S2-201528,S2-202358,S2-202517
S1-102005	S2-201783,S2-202405,S2-201463,S2-201497,S2-201651,S2-202018,S2-202338,S2-202219,S2-201602,S2-201614,S2-202339,S2-201558,S2-201428,S3-301856,S3-301374,S3-301883,S3-301560,S3-301474,S3-301516,S3-302046,S3-302167,S3-301917,S3-301314,S3-302168,S3-301345,S3-302234
S1-102006	S2-202220,S2-201669,S2-201598,S2-202100,S2-202178,S2-202155,S2-202255,S2-202051,S3-301886,S3-301932,S3-302084,S3-301999,S3-302048,S2-202573,S2-202553,S3-302382,S3-302402,S2-201423,S2-202017,S2-202542,S2-201899,S2-201845,S2-201879,S2-201724,S2-202047,S2-202321,S2-201704,S2-202050,S2-201947,S2-202221,S2-201756,S2-201521,S2-201897,S2-201421,S2-201868
S1-102007	S2-201784,S3-301645,S2-201597,S3-301463,S2-202291,S2-201938,S2-201847,S2-201560,S2-202034,S2-202187,S2-202214,S2-201726,S2-201600,S2-201972,S2-201489,S2-202167,S2-201801,S3-301989,S3-301634,S3-301413,S3-301575,S3-301871,S3-301587,S3-301302,S3-301434,S3-301570,S3-301698,S3-302118,S3-301784,S3-301613,S2-201593,S2-202377,S2-202478,S2-202548,S3-302377
S1-102008	S3-301646,S2-201775,S3-301748,S2-201682,S3-301544,S2-201902,S2-201532,S2-202153,S2-202127,S2-202025,S2-201819,S2-201496,S2-202283,S2-202231,S2-202142,S2-201456,S2-202065,S2-202210,S2-201426,S3-301404,S3-302038,S3-301674,S3-302125,S3-301918,S3-301337,S3-302060,S3-301897,S3-301864,S3-301312,S3-302008,S3-301952,S3-302111,S3-301373,S2-202080,S3-301976
S1-102009	S3-301647,S2-202101,S2-201785,S2-201482,S2-202148,S2-202196,S2-202006,S2-201802,S3-302053,S3-301659,S3-301358,S3-301970,S3-302019,S2-202158,S3-301979,S2-202430,S3-302259
S1-102010	S2-201405,S3-301295,S3-301546,S2-201655,S2-202128,S2-201725,S3-301521,S3-302045,S3-302049,S3-301401,S2-202399,S2-202217,S2-201527,S2-201684,S3-302228,S3-301586,S3-301832
S1-102011	S2-201786,S2-201985,S2-202310,S2-202177,S2-201406,S3-301744,S3-302134,S3-301500,S2-202014,S2-201411,S2-201638,S2-201635,S3-301852,S3-301998,S3-301504,S3-301301,S2-202457,S2-202406,S3-302235,S3-302286,S3-301824
S1-102012	S3-301648,S2-201787,S2-202149,S3-301971,S2-202268,S2-201452,S2-201915,S2-202286,S2-201882,S2-202028,S2-201436,S2-201960,S2-201660,S2-202174,S2-202264,S2-202313,S2-202126,S2-201803,S3-301661,S3-301760,S3-302088,S3-301435,S3-302092,S3-301333,S3-301732,S3-301527,S3-301995,S3-302140,S3-301951,S3-302098,S3-301867,S2-202556,S2-202374,S3-302385,S3-302203
S1-102013	S2-201788,S2-202289,S3-302116,S2-202183,S2-201479,S2-201645,S2-201622,S3-301591,S3-301493,S3-301992,S3-302005,S3-301513,S3-301356,S2-201633,S2-201732,S2-201648,S2-201759,S2-202170,S3-301614,S3-301618,S2-202344,S2-202395,S2-202404,S3-302233,S3-302173,S3-302224,S2-202041,S2-201557,S2-201773,S2-201917,S3-301425,S3-301650,S3-302148,S3-301633
S1-102014	S2-201789,S2-202054,S2-202385,S2-202355,S2-202306,S2-202143,S2-201580,S2-202314,S2-202111,S2-201416,S2-202070,S2-201540,S2-202104,S2-202163,S2-201898,S2-201445,S2-202479,S2-202332,S2-201975,S2-202503,S2-202218,S2-202134,S2-201407,S2-201922,S2-201441,S2-201933,S3-301326,S3-301297,S3-302308,S3-301815,S3-301779,S3-301907,S3-301957,S3-302141,S3-301940
S1-102015	S3-301649,S2-201790,S3-301436,S2-201567,S2-201809,S2-201908,S2-202226,S2-201618,S2-201483,S2-202247,S2-202000,S2-201604,S2-202021,S2-201399,S3-301754,S3-301289,S3-301465,S3-301359,S3-301838,S3-301344,S3-301860,S3-301478,S3-301891,S3-302078,S3-302161,S2-202523,S2-202391,S3-302220,S3-302352
S1-102016	S2-201791,S3-301650,S2-202030,S2-201557,S2-202097,S2-202091,S2-201907,S2-202322,S2-202082,S3-301425,S3-301929,S3-301660,S3-301768,S2-202367,S2-202500,S2-202578,S3-302196,S3-302329,S3-302407,S3-301753
S1-102017	S2-201792,S3-301651,S2-201763,S2-201511,S2-202272,S2-202275,S3-302104,S3-302100,S3-301387,S2-202277,S2-202096,S2-201892,S2-202113,S2-202208,S2-202258,S2-201703,S2-201611,S2-202056,S2-201422,S2-202075,S3-301311,S3-301890,S3-301567,S3-301913,S3-302086,S3-302106,S3-301981,S3-301941,S3-302036,S2-202253,S2-202549,S2-202562,S2-202417,S2-202561,S2-202403
S1-102018	S3-301652,S2-201793,S2-201834,S2-201831,S2-201484,S2-202022,S2-202013,S2-201585,S2-202093,S2-202049,S2-201817,S2-202273,S2-201991,S2-202027,S2-201512,S2-202244,S2-201694,S2-201706,S3-301884,S3-301388,S3-302075,S3-301765,S3-301829,S3-301520,S3-301866,S3-301927,S3-301453,S3-302093,S3-301861,S3-301556,S3-301572,S3-302101,S3-301851,S2-202485,S3-301685
S1-102019	S3-301653,S2-201794,S3-301908,S2-201767,S2-202162,S3-301716,S3-301412,S3-301984,S3-302023,S3-301627,S2-202099,S2-202198,S2-201863,S3-302136,S3-301427,S3-301931,S2-201545,S2-202491,S3-302320
S1-102020	S2-201795,S3-301654,S2-202032,S3-301361,S2-202188,S2-202263,S2-201498,S2-201695,S2-201658,S2-202040,S2-201738,S2-201937,S2-201621,S2-201884,S2-201666,S2-201971,S3-302091,S3-302081,S3-301375,S3-301531,S3-301876,S3-301480,S3-301885,S3-301557,S3-301734,S3-301525,S3-301783,S3-301812,S3-301334,S3-302119,S3-302011,S2-202292,S2-202497,S3-302326,S3-301573
S1-102021	S3-301655,S2-201796,S3-302040,S2-202212,S2-201883,S2-201487,S2-201631,S3-301481,S3-301733,S3-301416,S2-201547,S2-202295
S1-102022	S2-201797,S3-301365,S3-301762,S2-201736,S2-202118,S2-202234,S2-201526,S2-201813,S2-201887,S2-201599,S3-301515,S3-301400,S3-302068,S3-301669,S3-301621,S3-301945,S3-301464,S3-301598,S3-301737,S2-202456,S2-202526,S2-202494,S3-302323,S3-302355,S3-302285,S2-201798
S1-102023	S2-201736,S2-202118,S2-202234,S2-201526,S2-201813,S2-201887,S2-201797,S2-201599,S3-301515,S3-301400,S3-301365,S3-302068,S3-301669,S3-301621,S3-301762,S3-301945,S3-301464,S3-301598,S3-301737,S2-202456,S2-202526,S2-202494,S3-302323,S3-302355,S3-302285,S2-201798
S1-102024	S2-201963,S3-301656,S2-202015,S2-201699,S3-301562,S3-301853,S3-301804,S2-202020,S2-201939,S2-202229,S2-202260,S2-201620,S2-201707,S2-202130,S2-201891,S2-201451,S2-201982,S2-201751,S3-301740,S3-301574,S3-301820,S3-301859,S3-302089,S3-301954,S3-301332,S3-301785,S3-301857,S3-302058,S3-301461,S3-301580,S2-202537,S2-202563,S2-202498,S2-202507,S2-202418
S1-102025	S2-201969,S3-302151,S3-301810,S2-201799,S3-301657,S2-202121,S2-201533,S2-202012,S2-202010,S2-201746,S2-202222,S2-202298,S2-201603,S2-202023,S2-201559,S2-202184,S2-201457,S2-202131,S3-301849,S3-301426,S3-301607,S3-301906,S3-301470,S3-302027,S3-301338,S3-302051,S3-301405,S3-301495,S3-302021,S3-302007,S3-302124,S3-301599,S2-201737,S3-301850,S3-301862
S1-102026	S3-301658,S2-201800,S2-201959,S3-302158,S2-202053,S2-202251,S2-202311,S2-202009,S2-202296,S3-302033,S3-302080,S3-302131,S3-301383,S3-301848,S3-302155,S3-302138,S3-301888,S2-202328,S2-202331,S3-301801,S2-202003,S2-202307,S3-301606,S3-302122,S2-201745,S2-202576,S2-202453,S2-202570,S2-202336,S2-202555,S2-202446,S2-202571,S2-202384,S2-202402,S3-302165
S1-102027	S2-201801,S3-301434,S2-202291,S2-201938,S2-201847,S2-201597,S2-201560,S2-201784,S2-202034,S2-202187,S2-202214,S2-201726,S2-201600,S2-201972,S2-201489,S2-202167,S3-301989,S3-301634,S3-301413,S3-301575,S3-301871,S3-301587,S3-301463,S3-301645,S3-301302,S3-301570,S3-301698,S3-302118,S3-301784,S3-301613,S2-202377,S2-202478,S2-202548,S3-302377,S3-302307
S1-102028	S3-301659,S2-201802,S3-301979,S2-201482,S2-202148,S2-201785,S2-202196,S2-202101,S2-202158,S2-202006,S3-302053,S3-301647,S3-301358,S3-301970,S3-302019,S2-202430,S3-302259
S1-102029	S3-301660,S2-201557,S3-301425,S2-202030,S2-202097,S2-202091,S2-201907,S2-202322,S2-201791,S2-202082,S3-301929,S3-301650,S3-301768,S3-301753,S2-202367,S2-202500,S2-202578,S3-302196,S3-302329,S3-302407
S1-102030	S2-201803,S3-301661,S2-201452,S2-201915,S2-202286,S2-201882,S2-202028,S2-202149,S2-201436,S2-201787,S2-201960,S2-201660,S2-202174,S2-202264,S2-202313,S2-202268,S2-202126,S3-301760,S3-302088,S3-301435,S3-302092,S3-301971,S3-301648,S3-301333,S3-301732,S3-301527,S3-301995,S3-302140,S3-301951,S3-302098,S3-301867,S2-202556,S2-202374,S3-302385,S3-302203
S1-102031	S2-201804,S2-202137,S2-201565,S3-301960,S3-301433,S2-201758,S2-202176,S2-202045,S3-301997,S3-301617,S3-301880,S2-201555,S2-201449,S2-202160,S2-202203,S2-202324,S2-201667,S2-201579,S2-201839,S2-202249,S2-201443,S3-301691,S3-301370,S3-301423,S3-301446,S3-301411,S3-301331,S3-301982,S2-201543,S3-301322,S2-202431,S2-202501,S3-302260,S3-302330
S1-102032	S3-301662,S2-201420,S2-201805,S2-201776,S3-301635,S2-201569,S2-202169,S2-201539,S2-201931,S2-201605,S2-202073,S2-202122,S2-202228,S2-202147,S2-201870,S2-201696,S2-201525,S2-201911,S2-202325,S2-201912,S2-201705,S2-202319,S3-301911,S3-302057,S3-301558,S3-301991,S3-302145,S3-301466,S3-302152,S3-301776,S3-301439,S3-301969,S3-301571,S3-301947,S3-301675
S1-102033	S2-201806,S3-301663,S2-201679,S2-201823,S2-201468,S3-301491,S3-301349,S3-301541,S2-201630,S3-301678,S2-201718,S2-201434,S2-202141,S2-202245,S2-201812,S2-202250,S2-202063,S2-202282,S2-201492,S2-202166,S2-202055,S2-202318,S2-201450,S2-202110,S2-201517,S2-201893,S2-201780,S3-301988,S3-302110,S3-301889,S3-301741,S3-301583,S3-301939,S3-301667,S3-301316
S1-102034	S3-301664,S2-201807,S3-301712,S3-301604,S2-201742,S2-202024,S2-201728,S2-202171,S2-201777,S2-201824,S2-201400,S2-202279,S2-201584,S2-202008,S3-301679,S3-302108,S3-301994,S3-301589,S3-301847,S3-301794,S3-301636,S3-301863,S2-202342,S2-202557,S2-201859,S2-202504,S3-302386,S3-302333,S3-302171,S3-301452
S1-102035	S2-201808,S3-301665,S2-202190,S2-201734,S2-201951,S2-202293,S2-202248,S2-202252,S3-301488,S3-301595,S3-301445,S3-301677,S3-302112,S3-301795,S3-302082,S3-302120,S2-201822,S2-202348,S2-202347,S2-202483,S2-202407,S3-302176,S3-302312,S3-302236,S3-302177,S2-201665,S2-202327,S3-302154,S2-202124,S2-202274,S2-202146,S2-202116,S2-202120,S2-201716,S2-202114
S1-102036	S2-201809,S3-301436,S3-301649,S2-201790,S2-201567,S2-201908,S2-202226,S2-201618,S2-201483,S2-202247,S2-202000,S2-201604,S2-202021,S2-201399,S3-301754,S3-301289,S3-301465,S3-301359,S3-301838,S3-301344,S3-301860,S3-301478,S3-301891,S3-302078,S3-302161,S2-202523,S2-202391,S3-302220,S3-302352
S1-102037	S2-202241,S3-302072,S2-201920,S2-201810,S2-201961,S2-201929,S2-202048,S2-202066,S2-201921,S2-201935,S2-202115,S2-201974,S2-201419,S2-202209,S2-201549,S2-202211,S3-302037,S3-301901,S3-301774,S3-301307,S3-301417,S3-301814,S3-301371,S3-301803,S3-301420,S3-301781,S3-302039,S2-201494,S2-201551,S2-201636,S2-201743,S2-201923,S2-202238,S2-202033,S2-201503
S1-102038	S3-301666,S2-201811,S2-202303,S2-202288,S2-201854,S3-301706,S3-302130,S3-302115,S2-201833,S2-202194,S3-302017,S2-201740,S2-201568,S2-201965,S2-201852,S2-201573,S2-201856,S2-201401,S2-201601,S2-201944,S2-201442,S2-201890,S2-201674,S2-202202,S2-201781,S2-201574,S3-301704,S3-302028,S3-301788,S3-301536,S3-301806,S3-301441,S3-301467,S3-301437,S3-301290
S1-102039	S2-201812,S3-301667,S2-201718,S2-201434,S2-202141,S2-202245,S2-202250,S2-201679,S2-202063,S2-202282,S2-201492,S2-201823,S2-202166,S2-202055,S2-202318,S2-201450,S2-201630,S2-202110,S2-201517,S2-201468,S2-201893,S2-201806,S2-201780,S3-301988,S3-301663,S3-302110,S3-301889,S3-301491,S3-301741,S3-301349,S3-301583,S3-301939,S3-301541,S3-301316,S3-301483
S1-102040	S3-301668,S3-301576,S3-302035,S3-301585,S3-301532,S3-302094,S2-202265,S2-201964,S2-201757,S2-201542,S2-201955,S2-201680,S2-202195,S2-202098,S2-201500,S2-201663,S2-202019,S2-201563,S2-201506,S3-302020,S3-301378,S3-301530,S3-302018,S3-301805,S3-302029,S3-301410,S3-302013,S3-301930,S3-301858,S3-301432,S3-301641,S2-202359,S2-202545,S2-202521,S2-201710
S1-102041	S3-301669,S2-201813,S2-201736,S2-202118,S2-202234,S2-201526,S2-201887,S2-201797,S2-201599,S3-301515,S3-301400,S3-301365,S3-302068,S3-301621,S3-301762,S3-301945,S3-301464,S3-301598,S3-301737,S2-202456,S2-202526,S2-202494,S3-302323,S3-302355,S3-302285,S2-201798
S1-102042	S2-201814,S3-301670,S2-201477,S3-301354,S3-301902,S2-202132,S2-201772,S2-202140,S2-201520,S2-202159,S2-201469,S2-202240,S2-201617,S2-201818,S2-201827,S2-201431,S2-202259,S2-201836,S2-202330,S2-201430,S2-201952,S2-201610,S2-202181,S3-301980,S3-301731,S3-301522,S3-301855,S3-301681,S3-302003,S3-301673,S3-301955,S3-302157,S3-301796,S3-301965,S3-301350
S1-102043	S3-301671,S2-201815,S2-201894,S2-202117,S3-301444,S2-202304,S2-201578,S2-201903,S2-201905,S2-202133,S2-201698,S2-201473,S2-202294,S2-201681,S2-202308,S2-201541,S2-201453,S2-201945,S2-202139,S2-201455,S2-201650,S2-201413,S3-301956,S3-301751,S3-301336,S3-301749,S3-302132,S3-302052,S3-301543,S3-301964,S3-301592,S3-301561,S3-301409,S3-301335,S3-301789
S1-102044	S2-201816,S3-301672,S2-201537,S2-201941,S2-201829,S2-201925,S2-201488,S2-201942,S2-202326,S2-202044,S2-201996,S2-201968,S2-201909,S2-202317,S2-202077,S2-201690,S2-201711,S3-301577,S3-301407,S3-301809,S3-302153,S3-301682,S3-301408,S3-301771,S3-301755,S3-301786,S3-301963,S3-301552,S3-301431,S3-301914,S3-302006,S3-301364,S3-301833,S3-301323,S2-202429
S1-102045	S2-201817,S2-201512,S2-202244,S3-301388,S3-302075,S2-201484,S2-202022,S2-202013,S2-201585,S2-202093,S2-202049,S2-201834,S2-202273,S2-201991,S2-202027,S2-201793,S2-201694,S2-201706,S3-301884,S3-301765,S3-301829,S3-301520,S3-301652,S3-301866,S3-301927,S3-301453,S3-302093,S3-301861,S3-301556,S3-301572,S3-302101,S3-301851,S2-202485,S3-301685,S3-302314
S1-102046	S2-201818,S3-301673,S3-301731,S3-302061,S2-201477,S2-202132,S2-201772,S2-202140,S2-201520,S2-202159,S2-201469,S2-202240,S2-201617,S2-201827,S2-201431,S2-202259,S2-201836,S2-202330,S2-201430,S2-201814,S2-201952,S2-201610,S2-202181,S3-301354,S3-301980,S3-301670,S3-301902,S3-301522,S3-301855,S3-301681,S3-302003,S3-301955,S3-302157,S3-301796,S3-301965
S1-102047	S2-201819,S3-301674,S2-201532,S3-301404,S2-202153,S2-202127,S2-202025,S2-201496,S2-202283,S2-201775,S2-202231,S2-202142,S2-201682,S2-201456,S2-202065,S2-202210,S2-201426,S3-302038,S3-302125,S3-301646,S3-301918,S3-301337,S3-302060,S3-301748,S3-301897,S3-301864,S3-301544,S3-301312,S3-302008,S3-301952,S3-302111,S3-301373,S2-202080,S2-201902,S3-301976
S1-102048	S2-201911,S3-301675,S2-201776,S2-201569,S2-202169,S2-201539,S2-201931,S2-201805,S2-201420,S2-201605,S2-202073,S2-202122,S2-202228,S2-202147,S2-201870,S2-201696,S2-201525,S2-202325,S2-201912,S2-201705,S2-202319,S3-301911,S3-302057,S3-301662,S3-301558,S3-301991,S3-302145,S3-301466,S3-302152,S3-301776,S3-301439,S3-301969,S3-301635,S3-301571,S3-301947
S1-102049	S2-201820,S2-201587,S2-201566,S2-201967,S2-201495,S2-202005,S3-301386,S3-301845,S3-301372,S2-202261,S2-201510,S2-202243,S2-202572,S2-202333,S2-202462,S2-202424,S3-302401,S3-302162,S3-302253,S3-302291,S3-302074
S1-102050	S3-301676,S2-201934,S2-202103,S3-301780,S2-201821,S2-201592,S2-201755,S2-201741,S2-201702,S2-201548,S2-202031,S2-201861,S2-201948,S2-202035,S2-202060,S3-301791,S3-301872,S3-301714,S3-301895,S3-301904,S3-301615,S3-302127,S2-202544,S2-202529,S2-202535,S2-202469,S2-202486,S3-302373,S3-302358,S3-302315,S3-302364,S3-301869,S3-302298
S1-102051	S3-301677,S2-202190,S2-201734,S2-202252,S3-301595,S2-201822,S3-302082,S2-201808,S2-201951,S2-202293,S2-202248,S3-301488,S3-301665,S3-301445,S3-302112,S3-301795,S3-302120,S2-202348,S2-202347,S2-202483,S2-202407,S3-302176,S3-302312,S3-302236,S3-302177,S2-201665,S2-202116,S3-301944,S2-202327,S2-202124,S2-202274,S2-202146,S2-202120,S2-201716,S2-202114
S1-102052	S2-201823,S3-301678,S2-201679,S2-201806,S3-301491,S3-301349,S3-301541,S2-201468,S2-201630,S3-301663,S2-201718,S2-201434,S2-202141,S2-202245,S2-201812,S2-202250,S2-202063,S2-202282,S2-201492,S2-202166,S2-202055,S2-202318,S2-201450,S2-202110,S2-201517,S2-201893,S2-201780,S3-301988,S3-302110,S3-301889,S3-301741,S3-301583,S3-301939,S3-301667,S3-301316
S1-102053	S2-201824,S3-301679,S2-201777,S3-301636,S2-201742,S2-202024,S2-201728,S2-202171,S2-201807,S2-201400,S2-202279,S2-201584,S2-202008,S3-301664,S3-302108,S3-301994,S3-301589,S3-301847,S3-301712,S3-301604,S3-301794,S3-301863,S2-202342,S2-202557,S2-202504,S3-302386,S3-302333,S3-302171,S3-301452,S2-201859
S1-102054	S2-201825,S2-202087,S2-202271,S2-201609,S2-201632,S2-202037,S2-201981,S3-301819,S3-302099,S3-301471,S3-301873,S3-301492,S3-301429,S2-202368,S2-202408,S2-202510,S3-302339,S3-302237,S3-302197
S1-102055	S2-201826,S3-301680,S3-301764,S2-201918,S2-201676,S2-201440,S2-201403,S2-202254,S2-201429,S2-202085,S3-301724,S3-301498,S3-301539,S3-301496,S3-301510,S3-301421,S3-301347,S3-302083,S3-301708,S2-201465,S2-201644,S2-201709,S3-301319,S3-302025,S2-201553,S2-202414,S2-202345,S2-202207,S2-202564,S3-302393,S3-302174,S3-302243,S2-202447,S2-202350,S2-201532
S1-102056	S2-201827,S3-301681,S2-201520,S3-301522,S2-201477,S2-202132,S2-201772,S2-202140,S2-202159,S2-201469,S2-202240,S2-201617,S2-201818,S2-201431,S2-202259,S2-201836,S2-202330,S2-201430,S2-201814,S2-201952,S2-201610,S2-202181,S3-301354,S3-301980,S3-301731,S3-301670,S3-301902,S3-301855,S3-302003,S3-301673,S3-301955,S3-302157,S3-301796,S3-301965,S3-301350
S1-102057	S2-201828,S2-202300,S3-302126,S2-202043,S2-201984,S2-201518,S2-201589,S2-202316,S2-201491,S2-201714,S2-201671,S3-301456,S3-301823,S3-301923,S3-302143,S3-301368,S3-301533,S3-301596,S3-301579,S3-301879,S3-301394,S2-202550,S2-202426,S2-202452,S3-302379,S3-302255,S3-302281
S1-102058	S3-301682,S2-201829,S2-201968,S2-202077,S3-301809,S3-301914,S2-201537,S2-201941,S2-201925,S2-201488,S2-201942,S2-202326,S2-201816,S2-202044,S2-201996,S2-201909,S2-202317,S2-201690,S2-201711,S3-301577,S3-301407,S3-301672,S3-302153,S3-301408,S3-301771,S3-301755,S3-301786,S3-301963,S3-301552,S3-301431,S3-302006,S3-301364,S3-301833,S2-202429,S3-302258
S1-102059	S2-201830,S3-301683,S3-301399,S2-201524,S2-202180,S2-201623,S2-202185,S2-202016,S2-202276,S2-201522,S2-201881,S2-202256,S2-201988,S2-201544,S2-201687,S2-201994,S2-202129,S2-202029,S3-301482,S3-302001,S3-301403,S3-301827,S3-302009,S3-301868,S3-301549,S3-301397,S3-301953,S2-201531,S2-202341,S2-202551,S2-202458,S2-202565,S2-202511,S2-202397,S2-202381
S1-102060	S3-301684,S2-201733,S3-301296,S3-301593,S2-202152,S2-201514,S2-201889,S2-202175,S2-202302,S2-202278,S2-201595,S2-201715,S2-202281,S2-201932,S2-201976,S2-201402,S2-201744,S3-301996,S3-301390,S3-302107,S3-301594,S3-301777,S3-302129,S3-301898,S3-301703,S3-301402,S3-301644,S3-302109,S3-301291,S3-301870,S3-301601,S2-201851,S2-201528,S2-202358,S2-202517
S1-102061	S2-201834,S3-301652,S2-201831,S2-201793,S2-201484,S2-202022,S2-202013,S2-201585,S2-202093,S2-202049,S2-201817,S2-202273,S2-201991,S2-202027,S2-201512,S2-202244,S2-201694,S2-201706,S3-301884,S3-301388,S3-302075,S3-301765,S3-301829,S3-301520,S3-301866,S3-301927,S3-301453,S3-302093,S3-301861,S3-301556,S3-301572,S3-302101,S3-301851,S2-202485,S3-301685
S1-102062	S2-201832,S3-301686,S2-201446,S2-202205,S2-201995,S2-201652,S2-201860,S3-301430,S3-301517,S3-301381,S3-301713,S3-302031,S2-201562,S2-201712,S2-201668,S2-201504,S2-201901,S2-202026,S3-301865,S3-301600,S3-301328,S2-202522,S2-202425,S2-202505,S3-302334,S3-302351,S3-302254
S1-102063	S2-201833,S2-202194,S3-302017,S3-301687,S2-202303,S2-202288,S2-201854,S3-301706,S3-302130,S3-302115,S3-301666,S2-201740,S2-201568,S2-201965,S2-201852,S2-201573,S2-201811,S2-201856,S2-201401,S2-201601,S2-201944,S2-201442,S2-201890,S2-201674,S2-202202,S2-201781,S2-201574,S3-301704,S3-302028,S3-301788,S3-301536,S3-301806,S3-301441,S3-301467,S3-301437
S1-102064	S2-201834,S3-301652,S2-201793,S2-201831,S2-201484,S2-202022,S2-202013,S2-201585,S2-202093,S2-202049,S2-201817,S2-202273,S2-201991,S2-202027,S2-201512,S2-202244,S2-201694,S2-201706,S3-301884,S3-301388,S3-302075,S3-301765,S3-301829,S3-301520,S3-301866,S3-301927,S3-301453,S3-302093,S3-301861,S3-301556,S3-301572,S3-302101,S3-301851,S2-202485,S3-301685
S1-102065	S2-201435,S2-201835,S3-301317,S3-301565,S2-201664,S2-201552,S2-201838,S2-202123,S2-201659,S2-201970,S2-201530,S2-201508,S2-201930,S2-202107,S2-202197,S2-201846,S2-201466,S2-201607,S3-301469,S3-301348,S3-301948,S3-301875,S3-301811,S3-301697,S3-301910,S3-301526,S3-301775,S3-302022,S3-301690,S3-301936,S2-202072,S2-202376,S2-202513,S2-202512,S2-202039
S1-102066	S3-301688,S2-201836,S2-202132,S2-202159,S3-301980,S3-301955,S3-301350,S2-201469,S2-201477,S2-201772,S2-202140,S2-201520,S2-202240,S2-201617,S2-201818,S2-201827,S2-201431,S2-202259,S2-202330,S2-201430,S2-201814,S2-201952,S2-201610,S2-202181,S3-301354,S3-301731,S3-301670,S3-301902,S3-301522,S3-301855,S3-301681,S3-302003,S3-301673,S3-302157,S3-301796
S1-102067	S2-202183,S3-302005,S2-201479,S2-201788,S2-201633,S2-201732,S2-201648,S2-201645,S2-201759,S2-201622,S2-202170,S3-301591,S3-302116,S3-301493,S3-301992,S3-301614,S3-301513,S3-301356,S2-202289,S3-301618,S2-202344,S2-202395,S2-202404,S3-302233,S3-302173,S3-302224
S1-102068	S3-301689,S2-201837,S2-201654,S3-301844,S3-301519,S3-301726,S3-302149,S2-202165,S2-202076,S2-202011,S2-201717,S2-201723,S2-201550,S2-202267,S2-201750,S2-202266,S2-202235,S2-201983,S2-201999,S2-202242,S2-202136,S2-201729,S3-301542,S3-301582,S3-302073,S3-301837,S3-301346,S3-301293,S3-301547,S3-302095,S3-301602,S3-301987,S3-302096,S3-301377,S3-301959
S1-102069	S2-201838,S3-301690,S2-201435,S2-201552,S2-202123,S2-201530,S2-202039,S2-202107,S2-202197,S2-201835,S2-201846,S2-201607,S3-301348,S3-301948,S3-301875,S3-301811,S3-301526,S3-301775,S2-201664,S2-201928,S2-201659,S2-201970,S2-201508,S2-201930,S2-201466,S3-301469,S3-301773,S3-301697,S3-301565,S3-301910,S3-301317,S3-302022,S3-301936,S2-202072,S2-202376
S1-102070	S2-201839,S3-301691,S2-202137,S2-201555,S2-201758,S2-201565,S2-202176,S2-201449,S2-202160,S2-202045,S2-201804,S2-202203,S2-202324,S2-201667,S2-201579,S2-202249,S2-201443,S3-301370,S3-301997,S3-301617,S3-301423,S3-301446,S3-301960,S3-301880,S3-301411,S3-301331,S3-301982,S3-301433,S2-201543,S3-301322,S2-202431,S2-202501,S3-302260,S3-302330
S1-102071	S2-201840,S2-202041,S2-201773,S2-201917,S3-301633,S2-201472,S3-301351,S3-301800,S2-201958,S3-301763,S3-301878,S2-202183,S2-201479,S2-201788,S2-201557,S2-202289,S2-201645,S2-201622,S3-301425,S3-301591,S3-301650,S3-302148,S3-301493,S3-301992,S3-302005,S3-301618,S3-301513,S3-301356,S2-202502,S3-302331
S1-102072	S3-301692,S3-301529,S3-301808,S2-201966,S2-201515,S2-202069,S2-201612,S2-201844,S2-202081,S2-201485,S2-201779,S2-201721,S2-201749,S2-201739,S2-201886,S2-202094,S2-201701,S2-201629,S3-301736,S3-301362,S3-301639,S3-301472,S3-301610,S3-301490,S3-301392,S3-301584,S3-301696,S3-301564,S3-301622,S3-301919,S3-301555,S3-301468,S2-202579,S2-202474,S2-202356
S1-102073	S3-301693,S3-301821,S2-201841,S2-202213,S2-202095,S2-202201,S2-201628,S2-201688,S2-202173,S2-201875,S2-202233,S2-201646,S2-201459,S2-201438,S2-202001,S2-202179,S2-201719,S2-201464,S2-201692,S2-201418,S2-202309,S2-201582,S2-201700,S2-201439,S2-201634,S2-201657,S3-301318,S3-302016,S3-301553,S3-301802,S3-302133,S3-302063,S3-301928,S3-302000,S3-301341
S1-102074	S2-201529,S2-202105,S2-201962,S2-201505,S2-201640,S2-202092,S2-201639,S2-201624,S3-302069,S3-301934,S3-301484,S3-301382,S3-302042,S3-301926,S3-301505,S2-201423,S2-202542,S2-201724,S2-202047,S2-202321,S2-201947,S2-201756,S2-202437,S3-301719,S3-301616,S3-301778,S3-302371,S3-302103,S3-302266,S3-302147,S3-301900,S3-301569,S3-301310,S2-202237,S3-301637
S1-102075	S2-202297,S3-301694,S3-302123,S2-201853,S2-202089,S2-201507,S2-201642,S2-201606,S2-201855,S2-202172,S2-201588,S2-201675,S2-201866,S2-201993,S2-202186,S2-201766,S3-301508,S3-301705,S3-301831,S3-302114,S3-301566,S3-301384,S3-301537,S3-301735,S3-302010,S3-301718,S3-301612,S2-202287,S2-201885,S2-201753,S2-201454,S2-202520,S2-202489,S2-202449,S2-202459
S1-102076	S2-201842,S2-201956,S2-201471,S2-201412,S2-201433,S2-201662,S2-202145,S2-201616,S2-201490,S2-202061,S2-201626,S3-301700,S3-301799,S3-302032,S3-301967,S3-301896,S3-301367,S3-301742,S3-301486,S3-301303,S3-301476,S2-202531,S2-202532,S3-302360,S3-302361
S1-102077	S2-201843,S3-301695,S2-201946,S2-202182,S3-301790,S3-301503,S3-302004,S3-302047,S2-201444,S2-201940,S2-201437,S2-201615,S3-301972,S3-301357,S3-301475,S3-301770,S3-301414,S3-301840,S3-301528,S3-301324,S2-201661,S2-202382,S2-202383,S2-201480,S2-202421,S2-202451,S2-202448,S2-202519,S2-202499,S2-202540,S2-202450,S2-202002,S2-202566,S2-202357,S3-302369
S1-102078	S2-201844,S3-301696,S2-201721,S3-301584,S2-201515,S2-202069,S2-201612,S2-201966,S2-202081,S2-201485,S2-201779,S2-201749,S2-201739,S2-201886,S2-202094,S2-201701,S2-201629,S3-301692,S3-301736,S3-301362,S3-301639,S3-301472,S3-301610,S3-301490,S3-301808,S3-301392,S3-301529,S3-301564,S3-301622,S3-301919,S3-301555,S3-301468,S2-202579,S2-202474,S2-202356
S1-102079	S2-201730,S2-201591,S2-201720,S2-201513,S2-201656,S2-201727,S2-201486,S2-202215,S2-201462,S2-202232,S2-201778,S2-201572,S2-201619,S2-201691,S2-201906,S3-301975,S3-302043,S3-301752,S3-302062,S3-301588,S3-301479,S3-301620,S3-301457,S3-301389,S3-302159,S3-301523,S3-301305,S3-301590,S2-201502,S2-201415,S2-202151,S3-301834,S3-301638,S3-301363,S2-202465
S1-102080	S2-201669,S2-201598,S2-202155,S2-202220,S2-202100,S2-202178,S2-202255,S2-202051,S3-301886,S3-301932,S3-302084,S3-301999,S3-302048,S2-202573,S2-202553,S3-302382,S3-302402,S2-201423,S2-202017,S2-202542,S2-201899,S2-201845,S2-201879,S2-201724,S2-202047,S2-202321,S2-201704,S2-202050,S2-201947,S2-202221,S2-201756,S2-201521,S2-201897,S2-201421,S2-201868
S1-102081	S3-301697,S2-201846,S2-201664,S2-201435,S2-201552,S2-201838,S2-202123,S2-201659,S2-201970,S2-201530,S2-201508,S2-201930,S2-202107,S2-202197,S2-201835,S2-201466,S2-201607,S3-301469,S3-301348,S3-301948,S3-301875,S3-301811,S3-301565,S3-301910,S3-301526,S3-301775,S3-301317,S3-302022,S3-301690,S3-301936,S2-202072,S2-202376,S2-202513,S2-202512,S2-202039
S1-102082	S3-301698,S2-201847,S2-201938,S3-301570,S3-301784,S2-202291,S2-201597,S2-201560,S2-201784,S2-202034,S2-202187,S2-202214,S2-201726,S2-201600,S2-201972,S2-201489,S2-202167,S2-201801,S3-301989,S3-301634,S3-301413,S3-301575,S3-301871,S3-301587,S3-301463,S3-301645,S3-301302,S3-301434,S3-302118,S3-301613,S2-202377,S2-202478,S2-202548,S3-302377,S3-302307
S1-102083	S2-202286,S2-201452,S2-201915,S2-201882,S2-202028,S2-202149,S2-201436,S2-201787,S2-201960,S2-201660,S2-202174,S2-202264,S2-202313,S2-202268,S2-202126,S2-201803,S3-301661,S3-301760,S3-302088,S3-301435,S3-302092,S3-301971,S3-301648,S3-301333,S3-301732,S3-301527,S3-301995,S3-302140,S3-301951,S3-302098,S3-301867,S2-202556,S2-202374,S3-302385,S3-302203
S1-102084	S2-201848,S3-301699,S2-201596,S2-201470,S2-201653,S2-201461,S2-201979,S2-201697,S2-201752,S2-202192,S2-202150,S2-201992,S2-202079,S3-301518,S3-301343,S3-301728,S3-301559,S3-301974,S3-301916,S3-301817,S3-301830,S3-302015,S3-301366,S3-301550,S2-201876,S2-202390,S2-202363,S2-202527,S2-202547,S2-202416,S2-202581,S2-202495,S2-202349,S3-302192,S3-301462
S1-102085	S3-301700,S2-201956,S2-201471,S2-201412,S2-201433,S2-201662,S2-202145,S2-201616,S2-201490,S2-201842,S2-202061,S2-201626,S3-301799,S3-302032,S3-301967,S3-301896,S3-301367,S3-301742,S3-301486,S3-301303,S3-301476,S2-202531,S2-202532,S3-302360,S3-302361
S1-102086	S2-201849,S3-301701,S2-202052,S3-301887,S3-301548,S2-201686,S3-301707,S2-201410,S2-201869,S2-202290,S2-201481,S2-201536,S2-201672,S2-201977,S2-201913,S3-301300,S3-301721,S3-301758,S3-301534,S3-302117,S2-202473,S2-202340,S2-202427,S3-302256,S3-302302,S3-302169
S1-102087	S3-301702,S2-201850,S2-201643,S2-201904,S2-201950,S2-202135,S2-202312,S2-202042,S2-201768,S2-201576,S2-201678,S3-301540,S3-301993,S3-301793,S3-301628,S3-301442,S3-301750,S3-301958,S3-301509,S3-302002,S3-302139,S3-301761,S2-202269,S2-201571,S2-201570,S2-201765,S2-201493,S2-201590,S2-202480,S2-202567,S2-201761,S3-301294,S3-301369,S3-301626,S3-302309
S1-102088	S3-301703,S3-301644,S3-301601,S2-201851,S2-201770,S2-201514,S2-201889,S2-202175,S2-202302,S2-202278,S2-201595,S2-201715,S2-202281,S2-201932,S2-201733,S2-202152,S2-201976,S2-201402,S2-201744,S3-301296,S3-301996,S3-301390,S3-302107,S3-301777,S3-301593,S3-301684,S3-302129,S3-301898,S3-301402,S3-302109,S3-301291,S3-301870,S2-201528,S2-202358,S2-202517
S1-102089	S2-201852,S3-301704,S2-202303,S2-201740,S2-201965,S2-201573,S2-201811,S2-201856,S2-201401,S2-201833,S2-201601,S2-201442,S2-202194,S2-201890,S2-202202,S3-301706,S3-302028,S3-301788,S3-302017,S3-302130,S3-301441,S3-301666,S3-301467,S3-301437,S3-301290,S3-301709,S3-301642,S2-201574,S3-301321,S2-201568,S2-201944,S2-202288,S2-201854,S2-201674,S2-201781
S1-102090	S2-201853,S3-301705,S2-201507,S3-301384,S2-202089,S2-201642,S2-201606,S2-201855,S2-202172,S2-201588,S2-201675,S2-201866,S2-201993,S2-202297,S2-202186,S2-201766,S3-301508,S3-301831,S3-302114,S3-301566,S3-301537,S3-301735,S3-302010,S3-301718,S3-301612,S2-202287,S2-201885,S2-201753,S2-201454,S3-302123,S3-301694,S2-202520,S2-202489,S2-202449,S2-202459
S1-102091	S2-201446,S2-201562,S2-202205,S2-201712,S2-201668,S2-201504,S2-201901,S2-201995,S2-201652,S2-201860,S2-202026,S2-201832,S3-301430,S3-301865,S3-301517,S3-301381,S3-301600,S3-301686,S3-301328,S3-301713,S3-302031,S2-202522,S2-202425,S2-202505,S3-302334,S3-302351,S3-302254
S1-102092	S2-201854,S3-301706,S2-202303,S2-201811,S2-202288,S3-302130,S3-302115,S3-301666,S2-201740,S2-201568,S2-201965,S2-201852,S2-201573,S2-201856,S2-201401,S2-201833,S2-201601,S2-201944,S2-201442,S2-202194,S2-201890,S2-201674,S2-202202,S2-201781,S2-201574,S3-301704,S3-302028,S3-301788,S3-302017,S3-301536,S3-301806,S3-301441,S3-301467,S3-301437,S3-301290
S1-102093	S2-201855,S3-302114,S2-202287,S2-201853,S2-202089,S2-201507,S2-201642,S2-201606,S2-202172,S2-201588,S2-201675,S2-201866,S2-201993,S2-202297,S2-202186,S2-201766,S3-301508,S3-301705,S3-301831,S3-301566,S3-301384,S3-301537,S3-301735,S3-302010,S3-301718,S3-301612,S2-201885,S2-201753,S2-201454,S3-302123,S3-301694,S2-202520,S2-202489,S2-202449,S2-202459
S1-102094	S3-301707,S2-202052,S2-201849,S3-301701,S3-301887,S3-301548,S2-201686,S2-201410,S2-201869,S2-202290,S2-201481,S2-201536,S2-201672,S2-201977,S2-201913,S3-301300,S3-301721,S3-301758,S3-301534,S3-302117,S2-202473,S2-202340,S2-202427,S3-302256,S3-302302,S3-302169
S1-102095	S3-301708,S2-201440,S3-302083,S3-301319,S2-202254,S2-201918,S2-201676,S2-201403,S2-201826,S2-201429,S2-202085,S3-301724,S3-301764,S3-301498,S3-301539,S3-301680,S3-301496,S3-301510,S3-301421,S3-301347,S2-201465,S2-201644,S2-201709,S3-302025,S2-201553,S2-202414,S2-202345,S2-202207,S2-202564,S3-302393,S3-302174,S3-302243,S2-202447,S2-202350,S2-201532
S1-102096	S3-301709,S2-201856,S3-301290,S2-201740,S3-301467,S2-201401,S2-202303,S2-201965,S2-201573,S2-201811,S2-201833,S2-201601,S2-201442,S2-202194,S2-201890,S2-202202,S3-301706,S3-302028,S3-301788,S3-302017,S3-302130,S3-301441,S3-301666,S3-301437,S3-301642,S2-201574,S3-301321,S2-201568,S2-201852,S2-201944,S2-202288,S2-201854,S2-201674,S2-201781,S3-301704
S1-102097	S3-301847,S2-202279,S2-202008,S3-302108,S2-201742,S2-202024,S2-201728,S2-202171,S2-201777,S2-201807,S2-201824,S2-201400,S2-201584,S3-301679,S3-301664,S3-301994,S3-301589,S3-301712,S3-301604,S3-301794,S3-301636,S3-301863,S2-202342,S2-202557,S2-202504,S3-302386,S3-302333,S3-302171,S3-301452,S2-201859
S1-102098	S2-201857,S2-201926,S2-202088,S2-201878,S3-301499,S3-301772,S3-301924,S2-202125,S2-201871,S2-201594,S2-202284,S2-201896,S2-201625,S2-201613,S2-202305,S2-201919,S2-201936,S2-202224,S2-201458,S2-201864,S3-301729,S3-301717,S3-301325,S3-301460,S3-301485,S3-302077,S3-301782,S3-301950,S3-301340,S3-301473,S3-302054,S3-301406,S3-301710,S3-301942,S3-301722
S1-102099	S3-301711,S2-201858,S2-201408,S2-202084,S2-201677,S2-201467,S2-201516,S2-201649,S2-202059,S2-202108,S2-201760,S2-201943,S2-202161,S2-201910,S3-301921,S3-301894,S3-301787,S3-301315,S3-301756,S3-301643,S3-301619,S3-301937,S2-201432,S2-201782,S3-302135,S2-202343,S2-202364,S2-202428,S2-202396,S2-202433,S3-302193,S3-302262,S3-302257,S3-302225,S3-302172
S1-102100	S3-301712,S2-201807,S3-301604,S2-201742,S3-301664,S2-202024,S2-201728,S2-202171,S2-201777,S2-201824,S2-201400,S2-202279,S2-201584,S2-202008,S3-301679,S3-302108,S3-301994,S3-301589,S3-301847,S3-301794,S3-301636,S3-301863,S2-202342,S2-202557,S2-201859,S2-202504,S3-302386,S3-302333,S3-302171,S3-301452
S1-102101	S2-201860,S3-301713,S2-201712,S2-201446,S2-202205,S2-201901,S2-201995,S2-201652,S2-201832,S3-301430,S3-301517,S3-301381,S3-301686,S3-302031,S2-201562,S2-201668,S2-201504,S2-202026,S3-301865,S3-301600,S3-301328,S2-202522,S2-202425,S2-202505,S3-302334,S3-302351,S3-302254
S1-102102	S2-201861,S3-301714,S2-201702,S2-201948,S3-301791,S3-302127,S2-201592,S2-201755,S2-201741,S2-201934,S2-201548,S2-202031,S2-202035,S2-202060,S2-202103,S3-301780,S3-301872,S3-301676,S3-301895,S3-301904,S3-301615,S2-202544,S2-202529,S2-202535,S2-202469,S2-202486,S2-201821,S3-302373,S3-302358,S3-302315,S3-302364,S3-301869,S3-302298
S1-102103	S2-201862,S3-301715,S3-301935,S2-202106,S2-201747,S2-201404,S2-201546,S2-201647,S2-201427,S2-202046,S2-201900,S2-201924,S2-202320,S3-301769,S3-301608,S3-301512,S3-301455,S3-301292,S3-301841,S3-301415,S3-301313,S3-302146,S3-301747,S3-301881
S1-102104	S3-301716,S2-201863,S2-202162,S3-301412,S3-301984,S3-302023,S3-301653,S2-202099,S2-202198,S2-201794,S3-301908,S3-302136,S3-301627,S3-301427,S3-301931,S2-201545,S2-201767,S2-202491,S3-302320
S1-102105	S2-201864,S3-301717,S2-202125,S2-201613,S3-301950,S3-301325,S3-301473,S3-301942,S2-201871,S2-201926,S2-201594,S2-202088,S2-202284,S2-201896,S2-201625,S2-201857,S2-202305,S2-201919,S2-201936,S2-202224,S2-201458,S2-201878,S3-301499,S3-301460,S3-301485,S3-302077,S3-301782,S3-301340,S3-302054,S3-301772,S3-301406,S3-301722,S3-301418,S2-202461,S2-202514
S1-102106	S2-201865,S2-202204,S3-301640,S3-302030,S2-201986,S2-201554,S2-201916,S2-201867,S2-202138,S2-201990,S2-202090,S2-201474,S2-201475,S2-202191,S2-201447,S2-201771,S3-301825,S3-302156,S3-301720,S3-301329,S3-302014,S3-301422,S3-301353,S3-301925,S3-301631,S3-301352,S3-301380,S3-301962,S2-202217,S2-201527,S2-201684,S3-301586,S3-301546
S1-102107	S2-201866,S3-301718,S2-201853,S2-202089,S2-201507,S2-201642,S2-201606,S2-201855,S2-202172,S2-201588,S2-201675,S2-201993,S2-202297,S2-202186,S2-201766,S3-301508,S3-301705,S3-301831,S3-302114,S3-301566,S3-301384,S3-301537,S3-301735,S3-302010,S3-301612,S2-202287,S2-201885,S2-201753,S2-201454,S3-302123,S3-301694,S2-202520,S2-202489,S2-202449,S2-202459
S1-102108	S2-201624,S3-301484,S2-201529,S2-202105,S2-201962,S2-201505,S2-201640,S2-202092,S2-201639,S3-302069,S3-301934,S3-301382,S3-302042,S3-301926,S3-301505,S3-301719,S2-201423,S2-202542,S2-201724,S2-202047,S2-202321,S2-201947,S2-201756,S2-202437,S3-301616,S3-301778,S3-302371,S3-302103,S3-302266,S3-302147,S3-301900,S3-301569,S3-301310,S2-202237,S3-301637
S1-102109	S3-301720,S2-201867,S2-201986,S2-201554,S2-201916,S2-202138,S2-201865,S2-201990,S2-202204,S2-202090,S2-201474,S2-201475,S2-202191,S2-201447,S2-201771,S3-301825,S3-302156,S3-301640,S3-301329,S3-302014,S3-301422,S3-301353,S3-301925,S3-301631,S3-301352,S3-301380,S3-302030,S3-301962,S2-202217,S2-201527,S2-201684,S3-301586,S3-301546
S1-102110	S2-201868,S2-202017,S2-202050,S2-201899,S2-201879,S2-202221,S2-201521,S2-201897,S2-201421,S2-202323,S3-302144,S3-301746,S3-302050,S3-302150,S3-301396,S3-301309,S2-202337,S2-202460,S2-202569,S2-202536,S3-302365,S3-302166,S3-302289,S3-302398,S2-201423,S2-202542,S2-201845,S2-201724,S2-202047,S2-202321,S2-202220,S2-202573,S2-201669,S2-201704,S2-202553
S1-102111	S2-201869,S3-301721,S2-201410,S2-201849,S2-202290,S2-201481,S2-201536,S2-201672,S2-201977,S2-201913,S2-202052,S3-301701,S3-301887,S3-301707,S3-301548,S3-301300,S3-301758,S3-301534,S3-302117,S2-202473,S2-201686,S2-202340,S2-202427,S3-302256,S3-302302,S3-302169
S1-102112	S2-201870,S2-201776,S2-201569,S2-202169,S2-201539,S2-201931,S2-201805,S2-201420,S2-201605,S2-202073,S2-202122,S2-202228,S2-202147,S2-201696,S2-201525,S2-201911,S2-202325,S2-201912,S2-201705,S2-202319,S3-301911,S3-302057,S3-301662,S3-301558,S3-301991,S3-302145,S3-301466,S3-302152,S3-301776,S3-301439,S3-301969,S3-301635,S3-301571,S3-301947,S3-301675
S1-102113	S2-201871,S3-301722,S3-302077,S2-201896,S2-202125,S2-201926,S2-201594,S2-202088,S2-202284,S2-201625,S2-201613,S2-201857,S2-202305,S2-201919,S2-201936,S2-202224,S2-201458,S2-201864,S2-201878,S3-301717,S3-301325,S3-301499,S3-301460,S3-301485,S3-301782,S3-301950,S3-301340,S3-301473,S3-302054,S3-301772,S3-301406,S3-301942,S3-301418,S3-301745,S2-202461
S1-102114	S2-201872,S3-301723,S2-202329,S2-201949,S2-202315,S2-202071,S2-202246,S2-202206,S2-201989,S2-201683,S2-202083,S3-301909,S3-301792,S3-301828,S3-301854,S3-301545,S3-302034,S3-302142,S2-202353,S2-202466,S2-202415,S2-202369,S3-302295,S3-302182,S3-302244,S3-302198,S2-201414,S2-202200,S2-201769,S2-201693,S2-201627,S2-202004,S2-202575,S2-201583,S3-301487
S1-102115	S2-201873,S2-201953,S3-301797,S2-202156,S2-201997,S2-201874,S2-202064,S2-202102,S2-202262,S2-201417,S2-202109,S2-201735,S2-201535,S3-301725,S3-301835,S3-301597,S3-302024,S3-302090,S3-301938,S3-301933,S2-202378,S2-202394,S2-202352,S2-202443,S2-202371,S3-302200,S3-302181,S3-302207,S3-302272,S3-302223,S2-202199
S1-102116	S3-301724,S2-201403,S2-201918,S2-201676,S2-201440,S2-201826,S2-202254,S2-201429,S2-202085,S3-301764,S3-301498,S3-301539,S3-301680,S3-301496,S3-301510,S3-301421,S3-301347,S3-302083,S3-301708,S2-201465,S2-201644,S2-201709,S3-301319,S3-302025,S2-201553,S2-202414,S2-202345,S2-202207,S2-202564,S3-302393,S3-302174,S3-302243,S2-202447,S2-202350,S2-201532
S1-102117	S2-201874,S3-301725,S2-202102,S2-201417,S2-201735,S3-301597,S3-301933,S2-202156,S2-201953,S2-201873,S2-201997,S2-202064,S2-202262,S2-202109,S2-201535,S3-301797,S3-301835,S3-302024,S3-302090,S3-301938,S2-202378,S2-202394,S2-202352,S2-202443,S2-202371,S3-302200,S3-302181,S3-302207,S3-302272,S3-302223,S2-202199
S1-102118	S3-301726,S2-201837,S2-201654,S3-301844,S3-301689,S3-301519,S3-302149,S2-202165,S2-202076,S2-202011,S2-201717,S2-201723,S2-201550,S2-202267,S2-201750,S2-202266,S2-202235,S2-201983,S2-201999,S2-202242,S2-202136,S2-201729,S3-301542,S3-301582,S3-302073,S3-301837,S3-301346,S3-301293,S3-301547,S3-302095,S3-301602,S3-301987,S3-302096,S3-301377,S3-301959
S1-102119	S2-201875,S2-201688,S3-301727,S2-201634,S3-301802,S2-202213,S2-202095,S2-202201,S2-201628,S2-202173,S2-202233,S2-201841,S2-201646,S2-201459,S2-201438,S2-202001,S2-202179,S2-201719,S2-201464,S2-201692,S2-201418,S2-202309,S2-201582,S2-201700,S2-201439,S2-201657,S3-301318,S3-301693,S3-302016,S3-301553,S3-302133,S3-302063,S3-301928,S3-302000,S3-301821
S1-102120	S3-301728,S2-201979,S2-201992,S3-301518,S3-301817,S2-201876,S3-301830,S2-201653,S2-201470,S2-201461,S2-201848,S2-201697,S2-201752,S2-201596,S2-202192,S2-202150,S2-202079,S3-301343,S3-301559,S3-301974,S3-301916,S3-302015,S3-301366,S3-301699,S3-301550,S2-202390,S2-202363,S2-202527,S2-202547,S2-202416,S2-202581,S2-202495,S2-202349,S3-302192,S3-301462
S1-102121	S2-201877,S2-202239,S2-201748,S2-202074,S2-201637,S2-201722,S2-201954,S2-201476,S2-202078,S2-202038,S2-202189,S3-301798,S3-302012,S3-301449,S3-301912,S3-301443,S3-301391,S3-301502,S3-301874,S3-301915,S3-301339,S2-201927,S2-201581,S3-301448,S2-202493,S2-202525,S2-202393,S2-202481,S2-202476,S2-202582,S3-302322,S3-302222,S3-301609,S3-302310,S3-302354
S1-102122	S2-201878,S2-201926,S2-202088,S2-201857,S3-301499,S3-301772,S2-202125,S2-201871,S2-201594,S2-202284,S2-201896,S2-201625,S2-201613,S2-202305,S2-201919,S2-201936,S2-202224,S2-201458,S2-201864,S3-301729,S3-301717,S3-301325,S3-301460,S3-301485,S3-302077,S3-301782,S3-301950,S3-301340,S3-301473,S3-301924,S3-302054,S3-301406,S3-301942,S3-301722,S3-301418
S1-102123	S2-201879,S2-201897,S2-202017,S2-201899,S2-202050,S2-202221,S2-201521,S2-201421,S2-201868,S2-202323,S3-302144,S3-301746,S3-302050,S3-302150,S3-301396,S3-301309,S2-202337,S2-202460,S2-202569,S2-202536,S3-302365,S3-302166,S3-302289,S3-302398,S2-201423,S2-202542,S2-201845,S2-201724,S2-202047,S2-202321,S2-202220,S2-202573,S2-201669,S2-201704,S2-202553
S1-102124	S2-201880,S3-301730,S2-201575,S2-201523,S2-201978,S2-201424,S2-202301,S3-301398,S3-301973,S3-302079,S3-301899,S3-301905,S3-302128,S3-301816,S2-202436,S2-202400,S2-202558,S2-202552,S3-302387,S3-302229,S3-302381,S3-302265,S2-201689,S2-201764,S2-201998,S2-202164,S2-202216,S2-201501,S2-202086,S2-201762,S2-201987,S2-202007,S2-201973,S3-301624,S3-301826
S1-102125	S3-301731,S3-302061,S2-201818,S3-301673,S2-201477,S2-202132,S2-201772,S2-202140,S2-201520,S2-202159,S2-201469,S2-202240,S2-201617,S2-201827,S2-201431,S2-202259,S2-201836,S2-202330,S2-201430,S2-201814,S2-201952,S2-201610,S2-202181,S3-301354,S3-301980,S3-301670,S3-301902,S3-301522,S3-301855,S3-301681,S3-302003,S3-301955,S3-302157,S3-301796,S3-301965
S1-102126	S2-201881,S2-202256,S2-201994,S2-201830,S2-202180,S2-201623,S2-202185,S2-202016,S2-202276,S2-201522,S2-201524,S2-201988,S2-201544,S2-201687,S2-202129,S2-202029,S3-301482,S3-302001,S3-301403,S3-301399,S3-301827,S3-301683,S3-302009,S3-301868,S3-301549,S3-301397,S3-301953,S2-201531,S2-202341,S2-202551,S2-202458,S2-202565,S2-202511,S2-202397,S2-202381
S1-102127	S2-201882,S3-301732,S2-201452,S2-201915,S2-202286,S2-202028,S2-202149,S2-201436,S2-201787,S2-201960,S2-201660,S2-202174,S2-202264,S2-202313,S2-202268,S2-202126,S2-201803,S3-301661,S3-301760,S3-302088,S3-301435,S3-302092,S3-301971,S3-301648,S3-301333,S3-301527,S3-301995,S3-302140,S3-301951,S3-302098,S3-301867,S2-202556,S2-202374,S3-302385,S3-302203
S1-102128	S3-301733,S2-201883,S2-201796,S2-202212,S2-201487,S2-201631,S3-301481,S3-302040,S3-301655,S3-301416,S2-201547,S2-202295
S1-102129	S2-201884,S3-301734,S2-202188,S2-202263,S2-201498,S2-201695,S2-201658,S2-201795,S2-202040,S2-201738,S2-201937,S2-201621,S2-201666,S2-201971,S2-202032,S3-302091,S3-302081,S3-301375,S3-301531,S3-301876,S3-301480,S3-301885,S3-301557,S3-301525,S3-301361,S3-301783,S3-301654,S3-301812,S3-301334,S3-302119,S3-302011,S2-202292,S2-202497,S3-302326,S3-301573
S1-102130	S3-301735,S3-301566,S2-201885,S2-201853,S2-202089,S2-201507,S2-201642,S2-201606,S2-201855,S2-202172,S2-201588,S2-201675,S2-201866,S2-201993,S2-202297,S2-202186,S2-201766,S3-301508,S3-301705,S3-301831,S3-302114,S3-301384,S3-301537,S3-302010,S3-301718,S3-301612,S2-202287,S2-201753,S2-201454,S3-302123,S3-301694,S2-202520,S2-202489,S2-202449,S2-202459
S1-102131	S2-201886,S3-301736,S2-201515,S2-202069,S2-201612,S2-201966,S2-201844,S2-202081,S2-201485,S2-201779,S2-201721,S2-201749,S2-201739,S2-202094,S2-201701,S2-201629,S3-301692,S3-301362,S3-301639,S3-301472,S3-301610,S3-301490,S3-301808,S3-301392,S3-301584,S3-301696,S3-301529,S3-301564,S3-301622,S3-301919,S3-301555,S3-301468,S2-202579,S2-202474,S2-202356
S1-102132	S2-201887,S3-301737,S3-301515,S2-201736,S2-202118,S2-202234,S2-201526,S2-201813,S2-201797,S2-201599,S3-301400,S3-301365,S3-302068,S3-301669,S3-301621,S3-301762,S3-301945,S3-301464,S3-301598,S2-202456,S2-202526,S2-202494,S3-302323,S3-302355,S3-302285,S2-201798
S1-102133	S2-201888,S3-301738,S2-201998,S3-301836,S2-201689,S2-201764,S2-202164,S2-202216,S2-201501,S2-202086,S2-201762,S2-201987,S2-202007,S2-201973,S3-301986,S3-301624,S3-301826,S3-301846,S3-301379,S3-301922,S3-301304,S3-302044,S3-301551,S3-301920,S3-301813,S2-202370,S2-202484,S2-202546,S2-202432,S3-302199,S3-302313,S3-302375,S3-302261
S1-102134	S2-201889,S2-201976,S2-201514,S2-202175,S2-202302,S2-202278,S2-201595,S2-201715,S2-202281,S2-201932,S2-201733,S2-202152,S2-201402,S2-201744,S3-301296,S3-301996,S3-301390,S3-302107,S3-301777,S3-301593,S3-301684,S3-302129,S3-301898,S3-301703,S3-301402,S3-301644,S3-302109,S3-301291,S3-301870,S3-301601,S2-201851,S2-201528,S2-202358,S2-202517,S2-202533
S1-102135	S2-201890,S2-201601,S3-301437,S2-201574,S3-301788,S3-301739,S2-201568,S2-202303,S2-201740,S2-201965,S2-201573,S2-201811,S2-201856,S2-201401,S2-201833,S2-201442,S2-202194,S2-202202,S3-301706,S3-302028,S3-302017,S3-302130,S3-301441,S3-301666,S3-301467,S3-301290,S3-301709,S3-301642,S2-201944,S3-301321,S2-201852,S2-202288,S2-201854,S2-201674,S2-201781
S1-102136	S2-201891,S3-301740,S2-201982,S3-301820,S2-202020,S2-201939,S2-201963,S2-202229,S2-202260,S2-201620,S2-201707,S2-202015,S2-201699,S2-202130,S2-201451,S2-201751,S3-301574,S3-301656,S3-301859,S3-302089,S3-301562,S3-301954,S3-301332,S3-301853,S3-301804,S3-301785,S3-301857,S3-302058,S3-301461,S3-301580,S2-202537,S2-202563,S2-202498,S2-202507,S2-202418
S1-102137	S2-201892,S2-202208,S2-201703,S3-301567,S3-302036,S2-201792,S2-202277,S2-201511,S2-202096,S2-202113,S2-202272,S2-202258,S2-202275,S2-201763,S2-201611,S2-202056,S2-201422,S2-202075,S3-302104,S3-302100,S3-301651,S3-301311,S3-301890,S3-301913,S3-302086,S3-302106,S3-301981,S3-301941,S3-301387,S2-202253,S2-202549,S2-202562,S2-202417,S2-202561,S2-202403
S1-102138	S2-201893,S3-301741,S2-202245,S2-201718,S2-201434,S2-202141,S2-201812,S2-202250,S2-201679,S2-202063,S2-202282,S2-201492,S2-201823,S2-202166,S2-202055,S2-202318,S2-201450,S2-201630,S2-202110,S2-201517,S2-201468,S2-201806,S2-201780,S3-301988,S3-301663,S3-302110,S3-301889,S3-301491,S3-301349,S3-301583,S3-301939,S3-301541,S3-301667,S3-301316,S3-301483
S1-102139	S2-201412,S2-201662,S3-301742,S3-301303,S2-201956,S2-201471,S2-201433,S2-202145,S2-201616,S2-201490,S2-201842,S2-202061,S2-201626,S3-301700,S3-301799,S3-302032,S3-301967,S3-301896,S3-301367,S3-301486,S3-301476,S2-202531,S2-202532,S3-302360,S3-302361
S1-102140	S2-201894,S2-201815,S2-202117,S3-301444,S3-301671,S2-202304,S2-201578,S2-201903,S2-201905,S2-202133,S2-201698,S2-201473,S2-202294,S2-201681,S2-202308,S2-201541,S2-201453,S2-201945,S2-202139,S2-201455,S2-201650,S2-201413,S3-301956,S3-301751,S3-301336,S3-301749,S3-302132,S3-302052,S3-301543,S3-301964,S3-301592,S3-301561,S3-301409,S3-301335,S3-301789
S1-102141	S3-301743,S2-201895,S2-201586,S2-202068,S2-201731,S2-201448,S2-202193,S2-202058,S2-201538,S2-201673,S2-201561,S3-301977,S3-301454,S3-301842,S3-301568,S3-301893,S3-301428,S3-301535,S3-301903,S2-202154,S2-202280,S3-301330,S2-202411,S2-202412,S2-202435,S3-302241,S3-302240,S3-302264
S1-102142	S3-301744,S2-201638,S3-301504,S2-202014,S2-201411,S2-201635,S3-301852,S3-301998,S3-301301,S2-202310,S2-201786,S2-202177,S2-201985,S2-201406,S3-302134,S3-301500,S2-202457,S2-202406,S3-302235,S3-302286,S3-301824
S1-102143	S2-201896,S2-201871,S3-302077,S3-301722,S3-301745,S2-202125,S2-201926,S2-201594,S2-202088,S2-202284,S2-201625,S2-201613,S2-201857,S2-202305,S2-201919,S2-201936,S2-202224,S2-201458,S2-201864,S2-201878,S3-301717,S3-301325,S3-301499,S3-301460,S3-301485,S3-301782,S3-301950,S3-301340,S3-301473,S3-302054,S3-301772,S3-301406,S3-301942,S3-301418,S2-202461
S1-102144	S2-201897,S2-201879,S2-202017,S2-201899,S2-202050,S2-202221,S2-201521,S2-201421,S2-201868,S2-202323,S3-302144,S3-301746,S3-302050,S3-302150,S3-301396,S3-301309,S2-202337,S2-202460,S2-202569,S2-202536,S3-302365,S3-302166,S3-302289,S3-302398,S2-201423,S2-202542,S2-201845,S2-201724,S2-202047,S2-202321,S2-202220,S2-202573,S2-201669,S2-201704,S2-202553
S1-102145	S2-201898,S3-301907,S2-202143,S2-202070,S2-202306,S2-201580,S2-202314,S2-202111,S2-201789,S2-201416,S2-201540,S2-202104,S2-202163,S2-201445,S2-202332,S2-201975,S2-202218,S2-201407,S2-201922,S2-201441,S2-202054,S2-201933,S3-301326,S3-301297,S3-301815,S3-301779,S3-301957,S3-302141,S3-301940,S3-301306,S3-301458,S3-301447,S3-301985,S3-301767,S2-202385
S1-102146	S2-201668,S3-301328,S2-201446,S2-201562,S2-202205,S2-201712,S2-201504,S2-201901,S2-201995,S2-201652,S2-201860,S2-202026,S2-201832,S3-301430,S3-301865,S3-301517,S3-301381,S3-301600,S3-301686,S3-301713,S3-302031,S2-202522,S2-202425,S2-202505,S3-302334,S3-302351,S3-302254
S1-102147	S2-201899,S3-301746,S2-202017,S2-201879,S2-202050,S2-202221,S2-201521,S2-201897,S2-201421,S2-201868,S2-202323,S3-302144,S3-302050,S3-302150,S3-301396,S3-301309,S2-202337,S2-202460,S2-202569,S2-202536,S3-302365,S3-302166,S3-302289,S3-302398,S2-201423,S2-202542,S2-201845,S2-201724,S2-202047,S2-202321,S2-202220,S2-202573,S2-201669,S2-201704,S2-202553
S1-102148	S2-201900,S3-301747,S2-202320,S3-302146,S2-201747,S2-201404,S2-201546,S2-201862,S2-201647,S2-201427,S2-202046,S2-202106,S2-201924,S3-301769,S3-301608,S3-301512,S3-301455,S3-301292,S3-301841,S3-301415,S3-301715,S3-301313,S3-301881,S3-301935
S1-102149	S2-201611,S2-201792,S2-202277,S2-201511,S2-202096,S2-201892,S2-202113,S2-202208,S2-202272,S2-202258,S2-202275,S2-201703,S2-201763,S2-202056,S2-201422,S2-202075,S3-302104,S3-302100,S3-301651,S3-301311,S3-301890,S3-301567,S3-301913,S3-302086,S3-302106,S3-301981,S3-301941,S3-301387,S3-302036,S2-202253,S2-202549,S2-202562,S2-202417,S2-202561,S2-202403
S1-102150	S2-201712,S2-201901,S2-201860,S3-301713,S2-201446,S2-201562,S2-202205,S2-201668,S2-201504,S2-201995,S2-201652,S2-202026,S2-201832,S3-301430,S3-301865,S3-301517,S3-301381,S3-301600,S3-301686,S3-301328,S3-302031,S2-202522,S2-202425,S2-202505,S3-302334,S3-302351,S3-302254
S1-102151	S3-301748,S2-201775,S3-301646,S2-201682,S3-301544,S2-201532,S2-202153,S2-202127,S2-202025,S2-201819,S2-201496,S2-202283,S2-201902,S2-202231,S2-202142,S2-201456,S2-202065,S2-202210,S2-201426,S3-301404,S3-302038,S3-301674,S3-302125,S3-301918,S3-301337,S3-302060,S3-301897,S3-301864,S3-301312,S3-302008,S3-301952,S3-302111,S3-301373,S2-202080,S3-301976
S1-102152	S2-201903,S3-301749,S2-201541,S2-201650,S3-301409,S3-301514,S2-202304,S2-201905,S2-202133,S2-201698,S2-201815,S2-201473,S2-202294,S2-201894,S2-201681,S2-202308,S2-202117,S2-201453,S2-201945,S2-202139,S2-201455,S2-201413,S3-301956,S3-301751,S3-301336,S3-302132,S3-302052,S3-301543,S3-301964,S3-301592,S3-301561,S3-301335,S3-301444,S3-301789,S3-301451
S1-102153	S2-201904,S3-301750,S3-301761,S2-201576,S2-201643,S2-201950,S2-201850,S2-202135,S2-202312,S2-202042,S2-201768,S2-201678,S3-301540,S3-301993,S3-301793,S3-301702,S3-301628,S3-301442,S3-301958,S3-301509,S3-302002,S3-302139,S2-202269,S2-201571,S2-201570,S2-201765,S2-201493,S2-201590,S2-202480,S2-202567,S2-201761,S3-301294,S3-301369,S3-301626,S3-302309
S1-102154	S2-201905,S3-301751,S2-202304,S2-201903,S2-202133,S2-201698,S2-201815,S2-201473,S2-202294,S2-201894,S2-201681,S2-202308,S2-202117,S2-201541,S2-201453,S2-201945,S2-202139,S2-201455,S2-201650,S2-201413,S3-301956,S3-301336,S3-301749,S3-302132,S3-302052,S3-301543,S3-301964,S3-301592,S3-301561,S3-301409,S3-301335,S3-301444,S3-301789,S3-301514,S3-301451
S1-102155	S3-301752,S2-201906,S2-201591,S3-301457,S3-301834,S2-201691,S2-201730,S2-201720,S2-201513,S2-201656,S2-201727,S2-201486,S2-202215,S2-201462,S2-202232,S2-201778,S2-201572,S2-201619,S3-301975,S3-302043,S3-302062,S3-301588,S3-301479,S3-301620,S3-301389,S3-302159,S3-301523,S3-301305,S3-301590,S2-201502,S2-201415,S2-202151,S3-301638,S3-301363,S2-202465
S1-102156	S2-201907,S2-201557,S3-301425,S3-301753,S3-301660,S2-202030,S2-202097,S2-202091,S2-202322,S2-201791,S2-202082,S3-301929,S3-301650,S3-301768,S2-202367,S2-202500,S2-202578,S3-302196,S3-302329,S3-302407
S1-102157	S2-201908,S3-301754,S3-301891,S2-201809,S2-201790,S2-202226,S2-201618,S2-201483,S2-202247,S2-201567,S2-202000,S2-201604,S2-202021,S2-201399,S3-301289,S3-301436,S3-301465,S3-301649,S3-301359,S3-301838,S3-301344,S3-301860,S3-301478,S3-302078,S3-302161,S2-202523,S2-202391,S3-302220,S3-302352
S1-102158	S3-301755,S2-201909,S2-201537,S2-201941,S2-201829,S2-201925,S2-201488,S2-201942,S2-202326,S2-201816,S2-202044,S2-201996,S2-201968,S2-202317,S2-202077,S2-201690,S2-201711,S3-301577,S3-301407,S3-301672,S3-301809,S3-302153,S3-301682,S3-301408,S3-301771,S3-301786,S3-301963,S3-301552,S3-301431,S3-301914,S3-302006,S3-301364,S3-301833,S2-202429,S3-302258
S1-102159	S2-201408,S2-201943,S3-301787,S3-301756,S2-201910,S2-201858,S2-202084,S2-201677,S2-201467,S2-201516,S2-201649,S2-202059,S2-202108,S2-201760,S2-202161,S3-301921,S3-301894,S3-301315,S3-301643,S3-301619,S3-301711,S3-301937,S2-201432,S2-201782,S3-302135,S2-202343,S2-202364,S2-202428,S2-202396,S2-202433,S3-302193,S3-302262,S3-302257,S3-302225,S3-302172
S1-102160	S2-201911,S3-301675,S2-201776,S2-201569,S2-202169,S2-201539,S2-201931,S2-201805,S2-201420,S2-201605,S2-202073,S2-202122,S2-202228,S2-202147,S2-201870,S2-201696,S2-201525,S2-202325,S2-201912,S2-201705,S2-202319,S3-301911,S3-302057,S3-301662,S3-301558,S3-301991,S3-302145,S3-301466,S3-302152,S3-301776,S3-301439,S3-301969,S3-301635,S3-301571,S3-301947
S1-102161	S2-201912,S2-202319,S3-302145,S3-301571,S2-201569,S3-301439,S2-201776,S2-202169,S2-201539,S2-201931,S2-201805,S2-201420,S2-201605,S2-202073,S2-202122,S2-202228,S2-202147,S2-201870,S2-201696,S2-201525,S2-201911,S2-202325,S2-201705,S3-301911,S3-302057,S3-301662,S3-301558,S3-301991,S3-301466,S3-302152,S3-301776,S3-301969,S3-301635,S3-301947,S3-301675
S1-102162	S2-201913,S2-202290,S3-301758,S3-302117,S2-201410,S2-201869,S2-201849,S2-201481,S2-201536,S2-201672,S2-201977,S2-202052,S3-301701,S3-301887,S3-301707,S3-301548,S3-301300,S3-301721,S3-301534,S2-201686,S2-202473,S2-202340,S2-202427,S3-302256,S3-302302,S3-302169
S1-102163	S3-301759,S2-202140,S2-201617,S2-201914,S2-202259,S3-301965,S3-301477,S2-201477,S2-202132,S2-201772,S2-201520,S2-202159,S2-201469,S2-202240,S2-201818,S2-201827,S2-201431,S2-201836,S2-202330,S2-201430,S2-201814,S2-201952,S2-201610,S2-202181,S3-301354,S3-301980,S3-301731,S3-301670,S3-301902,S3-301522,S3-301855,S3-301681,S3-302003,S3-301673,S3-301955
S1-102164	S2-201915,S3-301760,S2-202126,S3-301951,S2-202174,S3-301995,S2-201452,S2-202286,S2-201882,S2-202028,S2-202149,S2-201436,S2-201787,S2-201960,S2-201660,S2-202264,S2-202313,S2-202268,S2-201803,S3-301661,S3-302088,S3-301435,S3-302092,S3-301971,S3-301648,S3-301333,S3-301732,S3-301527,S3-302140,S3-302098,S3-301867,S2-202556,S2-202374,S3-302385,S3-302203
S1-102165	S3-301761,S2-201904,S3-301750,S2-201576,S2-201643,S2-201950,S2-201850,S2-202135,S2-202312,S2-202042,S2-201768,S2-201678,S3-301540,S3-301993,S3-301793,S3-301702,S3-301628,S3-301442,S3-301958,S3-301509,S3-302002,S3-302139,S2-202269,S2-201571,S2-201570,S2-201765,S2-201493,S2-201590,S2-202480,S2-202567,S2-201761,S3-301294,S3-301369,S3-301626,S3-302309
S1-102166	S3-301365,S2-201797,S3-301762,S2-201736,S2-202118,S2-202234,S2-201526,S2-201813,S2-201887,S2-201599,S3-301515,S3-301400,S3-302068,S3-301669,S3-301621,S3-301945,S3-301464,S3-301598,S3-301737,S2-202456,S2-202526,S2-202494,S3-302323,S3-302355,S3-302285,S2-201798
S1-102167	S2-201986,S2-201990,S2-201916,S3-301825,S2-201554,S2-201867,S2-202138,S2-201865,S2-202204,S2-202090,S2-201474,S2-201475,S2-202191,S2-201447,S2-201771,S3-302156,S3-301720,S3-301640,S3-301329,S3-302014,S3-301422,S3-301353,S3-301925,S3-301631,S3-301352,S3-301380,S3-302030,S3-301962,S2-202217,S2-201527,S2-201684,S3-301586,S3-301546
S1-102168	S3-301763,S3-301878,S2-202041,S2-201917,S2-201958,S2-201472,S2-201773,S2-201840,S3-301351,S3-301800,S3-301633,S2-202502,S3-302331
S1-102169	S3-301764,S2-201918,S2-201826,S3-301680,S2-201676,S2-201440,S2-201403,S2-202254,S2-201429,S2-202085,S3-301724,S3-301498,S3-301539,S3-301496,S3-301510,S3-301421,S3-301347,S3-302083,S3-301708,S2-201465,S2-201644,S2-201709,S3-301319,S3-302025,S2-201553,S2-202414,S2-202345,S2-202207,S2-202564,S3-302393,S3-302174,S3-302243,S2-202447,S2-202350,S2-201532
S1-102170	S3-301765,S2-201484,S2-202022,S2-202013,S2-201585,S2-202093,S2-202049,S2-201834,S2-201817,S2-202273,S2-201991,S2-202027,S2-201793,S2-201512,S2-202244,S2-201694,S2-201706,S3-301884,S3-301388,S3-302075,S3-301829,S3-301520,S3-301652,S3-301866,S3-301927,S3-301453,S3-302093,S3-301861,S3-301556,S3-301572,S3-302101,S3-301851,S2-201831,S3-301685,S2-202485
S1-102171	S2-201919,S2-202125,S2-201871,S2-201926,S2-201594,S2-202088,S2-202284,S2-201896,S2-201625,S2-201613,S2-201857,S2-202305,S2-201936,S2-202224,S2-201458,S2-201864,S2-201878,S3-301717,S3-301325,S3-301499,S3-301460,S3-301485,S3-302077,S3-301782,S3-301950,S3-301340,S3-301473,S3-302054,S3-301772,S3-301406,S3-301942,S3-301722,S3-301418,S2-202461,S2-202514
S1-102172	S3-302072,S2-201961,S2-201929,S2-202048,S2-202066,S2-201921,S2-201935,S2-202115,S2-201974,S2-201419,S2-202209,S2-201549,S2-202241,S2-202211,S3-302037,S3-301901,S3-301774,S3-301307,S3-301417,S3-301814,S3-301371,S3-301803,S3-301420,S3-301781,S3-302039,S2-201494,S2-201920,S2-201810,S2-201551,S2-201636,S2-201743,S2-201923,S2-202238,S2-202033,S2-201503
S1-102173	S2-201921,S3-301420,S2-201961,S2-201929,S2-202048,S2-202066,S2-201935,S2-202115,S2-201974,S2-201419,S2-202209,S2-201549,S2-202211,S3-301766,S3-302037,S3-301901,S3-301774,S3-301307,S3-301417,S3-301814,S3-302072,S3-301371,S3-301803,S3-301781,S3-302039,S2-201494,S2-202241,S2-201810,S2-201551,S2-201920,S2-201636,S2-201743,S2-201923,S2-202238,S2-202033
S1-102174	S2-202385,S2-202355,S2-202306,S2-202143,S2-201580,S2-202314,S2-202111,S2-201789,S2-201416,S2-202070,S2-201540,S2-202104,S2-202163,S2-201898,S2-201445,S2-202479,S2-202332,S2-201975,S2-202503,S2-202218,S2-202134,S2-201407,S2-201922,S2-201441,S2-202054,S2-201933,S3-301326,S3-301297,S3-302308,S3-301815,S3-301779,S3-301907,S3-301957,S3-302141,S3-301940
S1-102175	S2-201923,S3-301307,S2-201419,S2-201810,S2-201551,S2-201494,S2-201961,S2-201920,S2-201929,S2-202048,S2-202066,S2-201636,S2-201921,S2-201935,S2-202115,S2-201974,S2-201743,S2-202209,S2-201549,S2-202238,S2-202033,S2-202211,S2-201503,S3-301766,S3-302037,S3-301901,S3-301774,S3-301417,S3-301814,S3-301419,S3-302072,S3-301501,S3-301371,S3-301803,S3-301420
S1-102176	S3-301768,S2-201557,S3-301425,S3-301650,S2-202030,S2-202097,S2-202091,S2-201907,S2-202322,S2-201791,S2-202082,S3-301929,S3-301660,S2-202367,S2-202500,S2-202578,S3-302196,S3-302329,S3-302407,S3-301753,S2-202183,S2-201479,S2-202041,S2-201788,S2-202289,S2-201773,S2-201645,S2-201917,S2-201622,S3-301591,S3-302148,S3-301493,S3-301992,S3-302005,S3-301618
S1-102177	S2-201924,S3-301769,S2-201747,S2-201404,S2-201546,S2-201862,S2-201647,S2-201427,S2-202046,S2-201900,S2-202106,S2-202320,S3-301608,S3-301512,S3-301455,S3-301292,S3-301841,S3-301415,S3-301715,S3-301313,S3-302146,S3-301747,S3-301881,S3-301935
S1-102178	S3-301770,S3-301357,S2-201480,S2-201843,S2-201946,S2-201444,S2-202182,S2-201940,S2-201437,S2-201615,S3-301695,S3-301972,S3-301475,S3-301790,S3-301503,S3-301414,S3-301840,S3-301528,S3-302004,S3-301324,S3-302047,S2-201661,S2-202382,S2-202383,S2-202421,S2-202451,S2-202448,S2-202519,S2-202499,S2-202540,S2-202450,S2-202002,S2-202566,S2-202357,S3-302369
S1-102179	S2-201925,S3-301771,S2-201996,S3-301833,S3-301963,S2-201537,S2-201941,S2-201829,S2-201488,S2-201942,S2-202326,S2-201816,S2-202044,S2-201968,S2-201909,S2-202317,S2-202077,S2-201690,S2-201711,S3-301577,S3-301407,S3-301672,S3-301809,S3-302153,S3-301682,S3-301408,S3-301755,S3-301786,S3-301552,S3-301431,S3-301914,S3-302006,S3-301364,S2-202429,S3-302258
S1-102180	S3-301427,S2-202162,S3-301716,S3-301412,S3-301984,S3-302023,S3-301653,S2-202099,S2-202198,S2-201863,S2-201794,S3-301908,S3-302136,S3-301627,S3-301931,S2-201545,S2-201767,S2-202491,S3-302320
S1-102181	S2-201926,S3-301772,S2-202088,S2-201857,S2-201878,S3-301499,S3-301924,S2-202125,S2-201871,S2-201594,S2-202284,S2-201896,S2-201625,S2-201613,S2-202305,S2-201919,S2-201936,S2-202224,S2-201458,S2-201864,S3-301729,S3-301717,S3-301325,S3-301460,S3-301485,S3-302077,S3-301782,S3-301950,S3-301340,S3-301473,S3-302054,S3-301406,S3-301942,S3-301722,S3-301418
S1-102182	S2-201927,S3-301339,S2-202239,S2-201637,S2-201722,S2-201748,S2-202074,S2-201954,S2-201476,S2-202078,S2-201877,S2-202038,S2-202189,S3-301798,S3-302012,S3-301449,S3-301912,S3-301443,S3-301391,S3-301502,S3-301874,S3-301915,S2-201581,S3-301448,S2-202493,S2-202525,S2-202393,S2-202481,S2-202476,S2-202582,S3-302322,S3-302222,S3-301609,S3-302310,S3-302354
S1-102183	S3-301565,S2-201664,S2-201435,S2-201552,S2-201838,S2-202123,S2-201659,S2-201970,S2-201530,S2-201508,S2-201930,S2-202107,S2-202197,S2-201835,S2-201846,S2-201466,S2-201607,S3-301469,S3-301773,S3-301348,S3-301948,S3-301875,S3-301811,S3-301697,S3-301910,S3-301526,S3-301775,S3-301317,S3-302022,S3-301690,S3-301936,S2-202072,S2-202376,S2-202513,S2-202512
S1-102184	S3-301774,S2-201929,S2-201935,S3-301781,S2-202048,S2-201636,S2-201549,S3-301417,S3-301501,S3-302039,S2-201810,S2-201551,S2-201494,S2-201961,S2-201920,S2-202066,S2-201921,S2-202115,S2-201974,S2-201743,S2-201419,S2-202209,S2-201923,S2-202238,S2-202033,S2-202211,S2-201503,S3-301766,S3-302037,S3-301901,S3-301307,S3-301814,S3-301419,S3-302072,S3-301371
S1-102185	S3-301775,S2-201530,S2-201930,S2-201664,S2-201659,S2-202123,S3-301526,S2-201435,S2-201552,S2-201838,S2-202107,S2-202197,S2-201835,S2-201846,S2-201607,S3-301348,S3-301948,S3-301875,S3-301811,S3-301690,S2-201970,S2-201508,S2-201466,S3-301469,S3-301697,S3-301565,S3-301910,S3-301317,S3-302022,S3-301936,S2-202072,S2-202039,S2-202376,S2-202513,S2-202512
S1-102186	S3-301776,S2-201539,S2-201931,S3-302057,S3-302152,S2-202325,S2-202228,S2-201776,S2-201569,S2-202169,S2-201805,S2-201420,S2-201605,S2-202073,S2-202122,S2-202147,S2-201870,S2-201696,S2-201525,S2-201911,S2-201912,S2-201705,S2-202319,S3-301911,S3-301662,S3-301558,S3-301991,S3-302145,S3-301466,S3-301439,S3-301969,S3-301635,S3-301571,S3-301947,S3-301675
S1-102187	S2-201932,S3-301777,S2-201402,S3-301291,S2-201514,S2-201889,S2-202175,S2-202302,S2-202278,S2-201595,S2-201715,S2-202281,S2-201733,S2-202152,S2-201976,S2-201744,S3-301296,S3-301996,S3-301390,S3-302107,S3-301593,S3-301684,S3-302129,S3-301898,S3-301703,S3-301402,S3-301644,S3-302109,S3-301870,S3-301601,S2-201851,S2-201528,S2-202358,S2-202517,S2-202533
S1-102188	S3-301778,S2-201423,S2-202047,S2-202321,S2-201947,S2-201756,S3-301616,S3-302103,S3-302147,S3-301569,S3-301310,S2-202542,S2-201704,S2-202437,S2-202119,S3-302371,S3-302266,S2-201724,S3-301900,S2-202017,S2-201899,S2-201845,S2-201879,S2-202220,S2-202573,S2-201669,S2-202050,S2-202553,S2-201598,S2-202221,S2-202100,S2-202178,S2-202155,S2-201521,S2-201897
S1-102189	S2-201933,S2-202163,S2-202218,S2-201407,S3-301297,S3-301779,S2-201540,S2-201441,S3-301957,S3-301985,S2-202306,S2-202143,S2-201580,S2-202314,S2-202111,S2-201789,S2-201416,S2-202070,S2-202104,S2-201898,S2-201445,S2-202332,S2-201975,S2-201922,S2-202054,S3-301326,S3-301815,S3-301907,S3-302141,S3-301940,S3-301306,S3-301458,S3-301447,S3-301767,S2-202385
S1-102190	S2-201934,S3-301780,S2-202103,S3-301676,S2-201592,S2-201755,S2-201741,S2-201702,S2-201548,S2-202031,S2-201861,S2-201948,S2-202035,S2-202060,S2-201821,S3-301791,S3-301872,S3-301714,S3-301895,S3-301904,S3-301615,S3-302127,S2-202544,S2-202529,S2-202535,S2-202469,S2-202486,S3-302373,S3-302358,S3-302315,S3-302364,S3-301869,S3-302298
S1-102191	S2-201935,S3-301781,S3-301774,S2-201929,S2-202048,S2-201549,S3-301417,S3-302039,S2-201961,S2-202066,S2-201921,S2-202115,S2-201974,S2-201419,S2-202209,S2-202211,S3-302037,S3-301901,S3-301307,S3-301814,S3-302072,S3-301371,S3-301803,S3-301420,S2-201494,S2-202241,S2-201636,S3-301501,S2-201810,S2-201551,S2-201920,S2-201743,S2-201923,S2-202238,S2-202033
S1-102192	S2-201936,S3-301782,S3-301406,S2-202284,S2-202125,S2-201871,S2-201926,S2-201594,S2-202088,S2-201896,S2-201625,S2-201613,S2-201857,S2-202305,S2-201919,S2-202224,S2-201458,S2-201864,S2-201878,S3-301717,S3-301325,S3-301499,S3-301460,S3-301485,S3-302077,S3-301950,S3-301340,S3-301473,S3-302054,S3-301772,S3-301942,S3-301722,S3-301418,S2-202461,S2-202514
S1-102193	S2-201937,S3-301783,S2-201695,S2-202188,S2-202263,S2-201498,S2-201658,S2-201795,S2-202040,S2-201738,S2-201621,S2-201884,S2-201666,S2-201971,S2-202032,S3-302091,S3-302081,S3-301375,S3-301531,S3-301876,S3-301480,S3-301885,S3-301557,S3-301734,S3-301525,S3-301361,S3-301654,S3-301812,S3-301334,S3-302119,S3-302011,S2-202292,S2-202497,S3-302326,S3-301573
S1-102194	S2-201938,S3-301784,S3-301570,S3-301698,S2-201847,S2-202291,S2-201597,S2-201560,S2-201784,S2-202034,S2-202187,S2-202214,S2-201726,S2-201600,S2-201972,S2-201489,S2-202167,S2-201801,S3-301989,S3-301634,S3-301413,S3-301575,S3-301871,S3-301587,S3-301463,S3-301645,S3-301302,S3-301434,S3-302118,S3-301613,S2-202377,S2-202478,S2-202548,S3-302377,S3-302307
S1-102195	S3-301785,S2-201939,S2-201620,S2-202020,S2-201963,S2-202229,S2-202260,S2-201707,S2-202015,S2-201699,S2-202130,S2-201891,S2-201451,S2-201982,S2-201751,S3-301740,S3-301574,S3-301820,S3-301656,S3-301859,S3-302089,S3-301562,S3-301954,S3-301332,S3-301853,S3-301804,S3-301857,S3-302058,S3-301461,S3-301580,S2-202537,S2-202563,S2-202498,S2-202507,S2-202418
S1-102196	S2-201940,S2-201437,S2-201843,S2-201946,S2-201444,S2-202182,S2-201615,S3-301695,S3-301972,S3-301357,S3-301475,S3-301790,S3-301503,S3-301770,S3-301414,S3-301840,S3-301528,S3-302004,S3-301324,S3-302047,S2-201661,S2-202382,S2-202383,S2-201480,S2-202421,S2-202451,S2-202448,S2-202519,S2-202499,S2-202540,S2-202450,S2-202002,S2-202566,S2-202357,S3-302369
S1-102197	S2-201941,S2-201816,S2-201711,S3-301672,S3-301577,S2-201537,S2-201829,S2-201925,S2-201488,S2-201942,S2-202326,S2-202044,S2-201996,S2-201968,S2-201909,S2-202317,S2-202077,S2-201690,S3-301407,S3-301809,S3-302153,S3-301682,S3-301408,S3-301771,S3-301755,S3-301786,S3-301963,S3-301552,S3-301431,S3-301914,S3-302006,S3-301364,S3-301833,S2-202429,S3-302258
S1-102198	S2-201942,S2-202326,S3-301786,S3-302153,S2-201537,S2-201941,S2-201829,S2-201925,S2-201488,S2-201816,S2-202044,S2-201996,S2-201968,S2-201909,S2-202317,S2-202077,S2-201690,S2-201711,S3-301577,S3-301407,S3-301672,S3-301809,S3-301682,S3-301408,S3-301771,S3-301755,S3-301364,S3-301963,S3-301552,S3-301431,S3-301914,S3-302006,S3-301833,S2-202429,S3-302258
S1-102199	S2-201943,S3-301787,S2-201408,S3-301756,S2-201910,S2-201858,S2-202084,S2-201677,S2-201467,S2-201516,S2-201649,S2-202059,S2-202108,S2-201760,S2-202161,S3-301921,S3-301894,S3-301315,S3-301643,S3-301619,S3-301711,S3-301937,S2-201432,S2-201782,S3-302135,S2-202343,S2-202364,S2-202428,S2-202396,S2-202433,S3-302193,S3-302262,S3-302257,S3-302225,S3-302172
S1-102200	S2-201944,S2-201601,S2-201574,S3-301788,S3-301437,S3-301739,S2-201568,S2-201890,S2-202303,S2-201740,S2-201965,S2-201852,S2-201573,S2-201811,S2-201856,S2-201401,S2-201833,S2-201442,S2-202288,S2-202194,S2-201854,S2-201674,S2-202202,S2-201781,S3-301706,S3-301704,S3-302028,S3-302017,S3-301536,S3-302130,S3-301806,S3-302115,S3-301441,S3-301666,S3-301467
S1-102201	S3-301789,S2-201945,S2-201455,S3-301336,S3-301451,S2-202304,S2-201903,S2-201905,S2-202133,S2-201698,S2-201815,S2-201473,S2-202294,S2-201894,S2-201681,S2-202308,S2-202117,S2-201541,S2-201453,S2-202139,S2-201650,S2-201413,S3-301956,S3-301751,S3-301749,S3-302132,S3-302052,S3-301543,S3-301964,S3-301592,S3-301561,S3-301409,S3-301335,S3-301444,S3-301514
S1-102202	S2-201946,S3-301790,S3-301503,S3-302004,S2-202182,S3-302047,S2-201843,S3-301695,S2-201444,S2-201940,S2-201437,S2-201615,S3-301972,S3-301357,S3-301475,S3-301770,S3-301414,S3-301840,S3-301528,S3-301324,S2-201661,S2-202382,S2-202383,S2-201480,S2-202421,S2-202451,S2-202448,S2-202519,S2-202499,S2-202540,S2-202450,S2-202002,S2-202566,S2-202357,S3-302369
S1-102203	S2-201947,S2-201423,S2-202047,S2-202321,S2-201756,S3-301616,S3-301778,S3-302103,S3-302147,S3-301569,S3-301310,S2-202119,S2-202542,S2-201704,S2-202437,S3-302371,S3-302266,S2-201724,S3-301900,S2-202017,S2-201899,S2-201845,S2-201879,S2-202220,S2-202573,S2-201669,S2-202050,S2-202553,S2-201598,S2-202221,S2-202100,S2-202178,S2-202155,S2-201521,S2-201897
S1-102204	S2-201948,S3-301791,S2-201702,S2-201861,S3-301714,S3-302127,S3-301904,S2-201592,S2-201755,S2-201741,S2-201934,S2-201548,S2-202031,S2-202035,S2-202060,S2-202103,S3-301780,S3-301872,S3-301676,S3-301895,S3-301615,S2-202544,S2-202529,S2-202535,S2-202469,S2-202486,S2-201821,S3-302373,S3-302358,S3-302315,S3-302364,S3-301869,S3-302298
S1-102205	S2-201949,S3-301792,S2-202329,S2-202315,S2-202071,S2-202246,S2-202206,S2-201989,S2-201683,S2-201872,S2-202083,S3-301909,S3-301828,S3-301854,S3-301545,S3-301723,S3-302034,S3-302142,S2-202353,S2-202466,S2-202415,S2-202369,S3-302295,S3-302182,S3-302244,S3-302198,S2-201414,S2-202200,S2-201769,S2-201693,S2-201627,S2-202004,S2-202575,S2-201583,S3-301487
S1-102206	S2-201950,S3-301793,S2-201643,S2-201904,S2-201850,S2-202135,S2-202312,S2-202042,S2-201768,S2-201576,S2-201678,S3-301540,S3-301993,S3-301702,S3-301628,S3-301442,S3-301750,S3-301958,S3-301509,S3-302002,S3-302139,S3-301761,S2-202269,S2-201571,S2-201570,S2-201765,S2-201493,S2-201590,S2-202480,S2-202567,S2-201761,S3-301294,S3-301369,S3-301626,S3-302309
S1-102207	S3-301794,S2-201400,S2-201742,S2-202024,S2-201728,S2-202171,S2-201777,S2-201807,S2-201824,S2-202279,S2-201584,S2-202008,S3-301679,S3-301664,S3-302108,S3-301994,S3-301589,S3-301847,S3-301712,S3-301604,S3-301636,S3-301863,S2-202342,S2-202557,S2-202504,S3-302386,S3-302333,S3-302171,S3-301452,S2-201859
S1-102208	S3-301795,S2-201951,S2-202190,S2-201808,S2-201734,S2-202293,S2-202248,S2-202252,S3-301488,S3-301595,S3-301665,S3-301445,S3-301677,S3-302112,S3-302082,S3-302120,S2-201822,S2-202348,S2-202347,S2-202483,S2-202407,S3-302176,S3-302312,S3-302236,S3-302177,S2-201665,S2-202327,S2-202124,S2-202274,S2-202146,S2-202116,S2-202120,S2-201716,S2-202114,S2-202543
S1-102209	S2-201952,S3-301796,S2-202240,S2-202330,S3-302157,S3-302071,S2-201477,S2-202132,S2-201772,S2-202140,S2-201520,S2-202159,S2-201469,S2-201617,S2-201818,S2-201827,S2-201431,S2-202259,S2-201836,S2-201430,S2-201814,S2-201610,S2-202181,S3-301354,S3-301980,S3-301731,S3-301670,S3-301902,S3-301522,S3-301855,S3-301681,S3-302003,S3-301673,S3-301955,S3-301965
S1-102210	S2-201953,S3-301797,S2-201873,S2-202156,S2-201997,S2-201874,S2-202064,S2-202102,S2-202262,S2-201417,S2-202109,S2-201735,S2-201535,S3-301725,S3-301835,S3-301597,S3-302024,S3-302090,S3-301938,S3-301933,S2-202378,S2-202394,S2-202352,S2-202443,S2-202371,S3-302200,S3-302181,S3-302207,S3-302272,S3-302223,S2-202199
S1-102211	S2-201954,S3-301798,S2-202239,S2-201748,S2-202074,S2-201637,S2-201722,S2-201476,S2-202078,S2-201877,S2-202038,S2-202189,S3-302012,S3-301449,S3-301912,S3-301443,S3-301391,S3-301502,S3-301874,S3-301915,S3-301339,S2-201927,S2-201581,S3-301448,S2-202493,S2-202525,S2-202393,S2-202481,S2-202476,S2-202582,S3-302322,S3-302222,S3-301609,S3-302310,S3-302354
S1-102212	S2-201955,S3-302013,S2-201964,S2-201757,S2-201542,S2-201680,S2-202195,S2-202265,S2-202098,S2-201500,S2-201663,S2-202019,S2-201563,S2-201506,S3-302020,S3-301668,S3-301378,S3-301530,S3-301576,S3-302018,S3-302035,S3-301585,S3-301805,S3-302029,S3-301410,S3-302094,S3-301930,S3-301532,S3-301858,S3-301432,S3-301641,S2-202359,S2-202545,S2-202521,S2-202441
S1-102213	S2-201956,S3-301799,S2-201471,S2-201412,S2-201433,S2-201662,S2-202145,S2-201616,S2-201490,S2-201842,S2-202061,S2-201626,S3-301700,S3-302032,S3-301967,S3-301896,S3-301367,S3-301742,S3-301486,S3-301303,S3-301476,S2-202531,S2-202532,S3-302360,S3-302361
S1-102214	S2-201458,S3-301340,S3-301418,S2-202125,S2-201871,S2-201926,S2-201594,S2-202088,S2-202284,S2-201896,S2-201625,S2-201613,S2-201857,S2-202305,S2-201919,S2-201936,S2-202224,S2-201864,S2-201878,S3-301729,S3-301717,S3-301325,S3-301499,S3-301460,S3-301485,S3-302077,S3-301782,S3-301950,S3-301473,S3-301924,S3-302054,S3-301772,S3-301406,S3-301710,S3-301942
S1-102215	S3-301800,S2-201958,S2-202041,S2-201472,S2-201773,S2-201917,S2-201840,S3-301351,S3-301633,S3-301763,S3-301878,S2-202502,S3-302331
S1-102216	S3-301801,S2-201959,S2-202331,S3-302158,S3-301658,S2-201800,S2-202003,S2-202328,S2-202053,S2-202251,S2-202311,S2-202009,S2-202307,S2-202296,S3-302033,S3-301606,S3-302080,S3-302131,S3-301383,S3-301848,S3-302155,S3-302138,S3-301888,S3-302122,S2-201745,S2-202576,S2-202453,S2-202570,S2-202336,S2-202555,S2-202446,S2-202571,S2-202384,S2-202402,S3-302165
S1-102217	S2-201960,S3-302098,S2-201452,S2-201915,S2-202286,S2-201882,S2-202028,S2-202149,S2-201436,S2-201787,S2-201660,S2-202174,S2-202264,S2-202313,S2-202268,S2-202126,S2-201803,S3-301661,S3-301760,S3-302088,S3-301435,S3-302092,S3-301971,S3-301648,S3-301333,S3-301732,S3-301527,S3-301995,S3-302140,S3-301951,S3-301867,S2-202556,S2-202374,S3-302385,S3-302203
S1-102218	S2-201688,S3-301727,S3-301802,S2-201875,S2-201634,S2-202213,S2-202201,S2-201628,S2-202173,S2-202233,S2-201841,S2-201646,S2-201459,S2-201438,S2-202001,S2-202179,S2-201418,S2-201582,S2-201439,S2-201657,S3-301693,S3-301553,S3-302133,S3-302063,S3-302000,S3-301450,S3-301524,S3-301839,S2-202095,S2-201719,S2-201464,S2-201692,S2-202309,S2-201700,S3-301318
S1-102219	S2-201961,S3-301803,S2-201503,S3-301946,S2-201929,S2-202048,S2-202066,S2-201921,S2-201935,S2-202115,S2-201974,S2-201419,S2-202209,S2-201549,S2-202211,S3-302037,S3-301901,S3-301774,S3-301307,S3-301417,S3-301814,S3-301419,S3-302072,S3-301371,S3-301420,S3-301781,S3-302039,S2-201551,S2-201494,S2-202241,S2-201810,S2-201920,S2-201636,S2-201743,S2-201923
S1-102220	S2-202034,S3-301871,S2-201972,S2-201489,S2-202291,S2-201938,S2-201847,S2-201597,S2-201560,S2-201784,S2-202187,S2-202214,S2-201726,S2-201600,S2-202167,S2-201801,S3-301989,S3-301634,S3-301413,S3-301575,S3-301587,S3-301463,S3-301645,S3-301302,S3-301434,S3-301570,S3-301698,S3-302118,S3-301784,S3-301613,S2-202377,S2-202478,S2-202548,S3-302377,S3-302307
S1-102221	S2-201962,S2-201529,S2-202105,S2-201505,S2-201640,S2-202092,S2-201639,S2-201624,S3-302069,S3-301934,S3-301484,S3-301382,S3-302042,S3-301926,S3-301505,S2-201423,S2-202542,S2-201724,S2-202047,S2-202321,S2-201947,S2-201756,S2-202437,S3-301719,S3-301616,S3-301778,S3-302371,S3-302103,S3-302266,S3-302147,S3-301900,S3-301569,S3-301310,S2-202237,S3-301637
S1-102222	S2-201963,S3-301804,S3-301656,S2-202015,S2-201699,S3-301562,S3-301853,S2-202020,S2-201939,S2-202229,S2-202260,S2-201620,S2-201707,S2-202130,S2-201891,S2-201451,S2-201982,S2-201751,S3-301740,S3-301574,S3-301820,S3-301859,S3-302089,S3-301954,S3-301332,S3-301785,S3-301857,S3-302058,S3-301461,S3-301580,S2-202537,S2-202563,S2-202498,S2-202507,S2-202418
S1-102223	S2-201964,S2-201500,S2-201506,S3-301805,S3-301410,S2-201757,S2-201955,S2-201680,S2-202265,S3-301530,S3-302035,S3-302094,S3-301532,S2-202195,S3-301378,S3-302018,S2-201542,S2-202098,S2-201663,S2-202019,S2-201563,S3-302020,S3-301668,S3-301576,S3-301585,S3-302029,S3-302013,S3-301930,S3-301858,S3-301641,S3-301432,S2-202359,S2-202545,S2-202521,S2-202441
S1-102224	S3-301806,S2-201965,S2-201573,S3-301441,S2-202303,S2-201740,S2-201568,S2-201852,S2-201811,S2-201856,S2-201401,S2-201833,S2-201601,S2-201944,S2-201442,S2-202288,S2-202194,S2-201854,S2-201890,S2-201674,S2-202202,S2-201781,S2-201574,S3-301706,S3-301704,S3-302028,S3-301788,S3-302017,S3-301536,S3-302130,S3-302115,S3-301666,S3-301467,S3-301437,S3-301290
S1-102225	S2-201743,S2-202033,S3-301605,S2-201810,S2-201551,S2-201494,S2-201961,S2-201920,S2-201929,S2-202048,S2-202066,S2-201636,S2-201921,S2-201935,S2-202115,S2-201974,S2-201419,S2-202209,S2-201549,S2-201923,S2-202238,S2-202211,S2-201503,S3-301766,S3-302037,S3-301901,S3-301774,S3-301307,S3-301417,S3-301814,S3-301419,S3-302072,S3-301501,S3-301371,S3-301803
S1-102226	S3-301808,S2-201966,S3-301692,S3-301529,S2-201515,S2-202069,S2-201612,S2-201844,S2-202081,S2-201485,S2-201779,S2-201721,S2-201749,S2-201739,S2-201886,S2-202094,S2-201701,S2-201629,S3-301736,S3-301362,S3-301639,S3-301472,S3-301610,S3-301490,S3-301392,S3-301584,S3-301696,S3-301564,S3-301622,S3-301919,S3-301555,S3-301468,S2-202579,S2-202474,S2-202356
S1-102227	S2-201967,S2-202005,S3-301845,S2-201587,S2-201820,S2-201566,S2-201495,S3-301386,S3-301372,S2-202261,S2-201510,S2-202243,S2-202572,S2-202333,S2-202462,S2-202424,S3-302401,S3-302162,S3-302253,S3-302291,S3-302074
S1-102228	S3-301809,S2-201968,S2-201829,S2-202077,S3-301682,S3-301914,S2-201537,S2-201941,S2-201925,S2-201488,S2-201942,S2-202326,S2-201816,S2-202044,S2-201996,S2-201909,S2-202317,S2-201690,S2-201711,S3-301577,S3-301407,S3-301672,S3-302153,S3-301408,S3-301771,S3-301755,S3-301786,S3-301963,S3-301552,S3-301431,S3-302006,S3-301364,S3-301833,S2-202429,S3-302258
S1-102229	S2-201969,S3-301810,S3-302151,S2-202121,S2-201799,S3-301657,S2-201533,S2-202012,S2-202010,S2-201746,S2-202222,S2-202298,S2-201603,S2-202023,S2-201559,S2-202184,S2-201457,S2-202131,S3-301849,S3-301426,S3-301607,S3-301906,S3-301470,S3-302027,S3-301338,S3-302051,S3-301405,S3-301495,S3-302021,S3-302007,S3-302124,S3-301599,S2-201737,S3-301850,S3-301862
S1-102230	S3-301811,S2-202197,S3-301348,S2-201970,S2-201466,S3-302022,S2-201435,S2-201552,S2-201838,S2-202123,S2-201530,S2-202107,S2-201835,S2-201846,S2-201607,S3-301948,S3-301875,S3-301526,S3-301775,S3-301690,S2-201664,S2-201659,S2-201508,S2-201930,S3-301469,S3-301697,S3-301565,S3-301910,S3-301317,S3-301936,S2-202072,S2-202039,S2-202376,S2-202513,S2-202512
S1-102231	S2-201971,S3-301812,S2-202263,S3-302091,S3-302081,S3-302119,S2-201738,S2-202292,S2-202188,S2-201498,S2-201695,S2-201658,S2-201795,S2-202040,S2-201937,S2-201621,S2-201884,S2-201666,S2-202032,S3-301375,S3-301531,S3-301876,S3-301480,S3-301885,S3-301557,S3-301734,S3-301525,S3-301361,S3-301783,S3-301654,S3-301334,S3-302011,S2-202497,S3-302326,S3-301538
S1-102232	S2-201972,S2-202034,S3-301871,S2-201489,S2-202291,S2-201938,S2-201847,S2-201597,S2-201560,S2-201784,S2-202187,S2-202214,S2-201726,S2-201600,S2-202167,S2-201801,S3-301989,S3-301634,S3-301413,S3-301575,S3-301587,S3-301463,S3-301645,S3-301302,S3-301434,S3-301570,S3-301698,S3-302118,S3-301784,S3-301613,S2-202377,S2-202478,S2-202548,S3-302377,S3-302307
S1-102233	S2-201414,S2-202200,S2-201769,S2-201693,S2-201627,S2-202004,S2-201583,S3-301487,S3-301843,S3-301554,S3-302070,S3-301629,S2-202575,S3-302404,S2-202329,S2-201949,S2-202315,S2-202071,S2-202246,S2-202206,S2-201989,S2-201683,S2-201872,S2-202083,S3-301909,S3-301792,S3-301828,S3-301854,S3-301545,S3-301723,S3-302034,S3-302142
S1-102234	S2-201973,S3-301813,S2-201689,S2-201764,S2-201998,S2-202164,S2-202216,S2-201501,S2-202086,S2-201762,S2-201987,S2-202007,S3-301624,S3-301826,S3-301846,S3-301379,S3-301922,S3-301738,S3-301836,S3-301304,S3-302044,S3-301551,S3-301920,S2-201888,S3-301986,S2-202370,S2-202484,S2-202546,S2-202432,S3-302199,S3-302313,S3-302375,S3-302261,S2-201575,S2-201523
S1-102235	S3-301814,S2-201974,S2-202209,S3-302037,S2-202115,S2-201961,S2-201929,S2-202048,S2-202066,S2-201921,S2-201935,S2-201419,S2-201549,S2-202211,S3-301901,S3-301774,S3-301307,S3-301417,S3-302072,S3-301371,S3-301803,S3-301420,S3-301781,S3-302039,S2-201494,S2-202241,S2-201810,S2-201551,S2-201920,S2-201636,S2-201743,S2-201923,S2-202238,S2-202033,S2-201503
S1-102236	S2-201975,S3-301815,S2-201580,S3-301447,S2-202306,S2-202143,S2-202314,S2-202111,S2-201789,S2-201416,S2-202070,S2-201540,S2-202104,S2-202163,S2-201898,S2-201445,S2-202332,S2-202218,S2-201407,S2-201922,S2-201441,S2-202054,S2-201933,S3-301326,S3-301297,S3-301779,S3-301907,S3-301957,S3-302141,S3-301940,S3-301306,S3-301458,S3-301985,S3-301767,S2-202385
S1-102237	S2-201976,S2-201889,S2-201514,S2-202175,S2-202302,S2-202278,S2-201595,S2-201715,S2-202281,S2-201932,S2-201733,S2-202152,S2-201402,S2-201744,S3-301296,S3-301996,S3-301390,S3-302107,S3-301777,S3-301593,S3-301684,S3-302129,S3-301898,S3-301703,S3-301402,S3-301644,S3-302109,S3-301291,S3-301870,S3-301601,S2-201851,S2-201528,S2-202358,S2-202517,S2-202533
S1-102238	S2-201826,S3-301764,S3-301680,S2-201918,S2-201676,S2-201440,S2-201403,S2-202254,S2-201429,S2-202085,S3-301724,S3-301498,S3-301539,S3-301496,S3-301510,S3-301421,S3-301347,S3-302083,S3-301708,S2-201465,S2-201644,S2-201709,S3-301319,S3-302025,S2-201553,S2-202414,S2-202345,S2-202207,S2-202564,S3-302393,S3-302174,S3-302243,S2-202447,S2-202350,S2-201532
S1-102239	S2-201977,S2-201410,S2-201869,S2-201849,S2-202290,S2-201481,S2-201536,S2-201672,S2-201913,S2-202052,S3-301701,S3-301887,S3-301707,S3-301548,S3-301300,S3-301721,S3-301758,S3-301534,S3-302117,S2-201686,S2-202473,S2-202340,S2-202427,S3-302256,S3-302302,S3-302169
S1-102240	S2-201978,S3-301816,S2-201575,S2-201523,S2-201424,S2-202301,S2-201880,S3-301398,S3-301973,S3-302079,S3-301899,S3-301905,S3-301730,S3-302128,S2-202436,S2-202400,S2-202558,S2-202552,S3-302387,S3-302229,S3-302381,S3-302265,S2-201689,S2-201764,S2-201998,S2-202164,S2-202216,S2-201501,S2-202086,S2-201762,S2-201987,S2-202007,S2-201973,S3-301624,S3-301826
S1-102241	S2-201537,S2-201941,S2-201829,S2-201925,S2-201488,S2-201942,S2-202326,S2-201816,S2-202044,S2-201996,S2-201968,S2-201909,S2-202317,S2-202077,S2-201690,S2-201711,S3-301577,S3-301407,S3-301672,S3-301809,S3-302153,S3-301682,S3-301408,S3-301771,S3-301755,S3-301786,S3-301963,S3-301552,S3-301431,S3-301914,S3-302006,S3-301364,S3-301833,S2-202429,S3-302258
S1-102242	S2-201979,S3-301817,S2-201992,S3-301518,S3-301728,S3-301830,S2-201876,S2-201653,S2-201470,S2-201461,S2-201848,S2-201697,S2-201752,S2-201596,S2-202192,S2-202150,S2-202079,S3-301343,S3-301559,S3-301974,S3-301916,S3-302015,S3-301366,S3-301699,S3-301550,S2-202390,S2-202363,S2-202527,S2-202547,S2-202416,S2-202581,S2-202495,S2-202349,S3-302192,S3-301462
S1-102243	S3-301818,S2-201980,S2-202057,S2-202036,S3-301299,S2-202230,S2-201409,S2-202270,S2-202112,S2-201670,S2-201478,S3-302113,S3-302065,S3-302059,S3-301494,S3-301892,S3-301355,S2-202285,S2-202236,S2-202144,S2-202401,S3-302230
S1-102244	S2-201981,S3-301819,S2-202271,S2-201609,S2-201825,S2-201632,S2-202037,S2-202087,S3-302099,S3-301471,S3-301873,S3-301492,S3-301429,S2-202368,S2-202408,S2-202510,S3-302339,S3-302237,S3-302197
S1-102245	S2-201982,S3-301820,S2-201891,S3-301740,S2-202020,S2-201939,S2-201963,S2-202229,S2-202260,S2-201620,S2-201707,S2-202015,S2-201699,S2-202130,S2-201451,S2-201751,S3-301574,S3-301656,S3-301859,S3-302089,S3-301562,S3-301954,S3-301332,S3-301853,S3-301804,S3-301785,S3-301857,S3-302058,S3-301461,S3-301580,S2-202537,S2-202563,S2-202498,S2-202507,S2-202418
S1-102246	S3-301821,S3-301693,S2-201841,S2-202213,S2-202095,S2-202201,S2-201628,S2-201688,S2-202173,S2-201875,S2-202233,S2-201646,S2-201459,S2-201438,S2-202001,S2-202179,S2-201719,S2-201464,S2-201692,S2-201418,S2-202309,S2-201582,S2-201700,S2-201439,S2-201634,S2-201657,S3-301318,S3-302016,S3-301553,S3-301802,S3-302133,S3-302063,S3-301928,S3-302000,S3-301341
S1-102247	S2-201983,S2-202076,S2-202136,S3-301822,S3-301959,S2-202165,S2-201837,S2-202011,S2-201717,S2-201723,S2-201550,S2-202267,S2-201750,S2-202266,S2-202235,S2-201999,S2-202242,S2-201654,S2-201729,S3-301542,S3-301582,S3-301844,S3-302073,S3-301837,S3-301689,S3-301519,S3-301346,S3-301293,S3-301547,S3-302095,S3-301602,S3-301726,S3-301987,S3-302149,S3-302096
S1-102248	S3-301823,S2-201984,S2-202043,S2-201518,S2-202300,S2-201589,S2-202316,S2-201491,S2-201714,S2-201828,S2-201671,S3-301456,S3-302126,S3-301923,S3-302143,S3-301368,S3-301533,S3-301596,S3-301579,S3-301879,S3-301394,S2-202550,S2-202426,S2-202452,S3-302379,S3-302255,S3-302281
S1-102249	S2-201985,S2-201786,S2-202310,S2-202177,S2-201406,S3-301744,S3-302134,S3-301500,S2-202014,S2-201411,S2-201638,S2-201635,S3-301852,S3-301998,S3-301504,S3-301301,S3-301824,S2-202457,S2-202406,S3-302235,S3-302286
S1-102250	S2-201986,S3-301825,S2-201916,S2-201990,S2-201554,S2-201867,S2-202138,S2-201865,S2-202204,S2-202090,S2-201474,S2-201475,S2-202191,S2-201447,S2-201771,S3-302156,S3-301720,S3-301640,S3-301329,S3-302014,S3-301422,S3-301353,S3-301925,S3-301631,S3-301352,S3-301380,S3-302030,S3-301962,S2-202217,S2-201527,S2-201684,S3-301586,S3-301546
S1-102251	S3-301826,S2-201987,S3-301379,S2-201501,S2-201689,S2-201764,S2-201998,S2-202164,S2-202216,S2-202086,S2-201762,S2-202007,S2-201973,S3-301624,S3-301846,S3-301922,S3-301738,S3-301836,S3-301304,S3-302044,S3-301551,S3-301920,S3-301813,S2-201888,S3-301986,S2-202370,S2-202484,S2-202546,S2-202432,S3-302199,S3-302313,S3-302375,S3-302261,S2-201575,S2-201523
S1-102252	S2-201988,S3-301827,S2-201830,S2-202180,S2-201623,S2-202185,S2-202016,S2-202276,S2-201522,S2-201881,S2-201524,S2-202256,S2-201544,S2-201687,S2-201994,S2-202129,S2-202029,S3-301482,S3-302001,S3-301403,S3-301399,S3-301683,S3-302009,S3-301868,S3-301549,S3-301397,S3-301953,S2-202341,S2-202551,S2-202458,S2-202565,S2-202511,S2-202397,S2-202381,S2-202413
S1-102253	S2-201989,S3-301828,S2-201683,S3-301909,S2-202071,S3-301545,S2-202329,S2-201949,S2-202315,S2-202246,S2-202206,S2-201872,S2-202083,S3-301792,S3-301854,S3-301723,S3-302034,S3-302142,S2-202353,S2-202466,S2-202415,S2-202369,S3-302295,S3-302182,S3-302244,S3-302198,S2-201414,S2-202200,S2-201769,S2-201693,S2-201627,S2-202004,S2-202575,S2-201583,S3-301487
S1-102254	S2-201990,S2-201986,S2-201916,S3-301825,S2-201554,S2-201867,S2-202138,S2-201865,S2-202204,S2-202090,S2-201474,S2-201475,S2-202191,S2-201447,S2-201771,S3-302156,S3-301720,S3-301640,S3-301329,S3-302014,S3-301422,S3-301353,S3-301925,S3-301631,S3-301352,S3-301380,S3-302030,S3-301962,S2-202217,S2-201527,S2-201684,S3-301586,S3-301546
S1-102255	S3-301829,S2-201991,S2-201484,S2-202022,S2-202013,S2-201585,S2-202093,S2-202049,S2-201834,S2-201817,S2-202273,S2-202027,S2-201793,S2-201512,S2-202244,S2-201694,S2-201706,S3-301884,S3-301388,S3-302075,S3-301765,S3-301520,S3-301652,S3-301866,S3-301927,S3-301453,S3-302093,S3-301861,S3-301556,S3-301572,S3-302101,S3-301851,S2-202485,S3-301685,S3-302314
S1-102256	S2-201992,S3-301830,S2-201979,S3-301518,S3-301728,S3-301817,S2-201876,S2-201653,S2-201470,S2-201461,S2-201848,S2-201697,S2-201752,S2-201596,S2-202192,S2-202150,S2-202079,S3-301343,S3-301559,S3-301974,S3-301916,S3-302015,S3-301366,S3-301699,S3-301550,S2-202390,S2-202363,S2-202527,S2-202547,S2-202416,S2-202581,S2-202495,S2-202349,S3-302192,S3-301462
S1-102257	S2-201993,S3-301831,S2-201454,S2-202172,S2-201853,S2-202089,S2-201507,S2-201642,S2-201606,S2-201855,S2-201588,S2-201675,S2-201866,S2-202297,S2-202186,S2-201766,S3-301508,S3-301705,S3-302114,S3-301566,S3-301384,S3-301537,S3-301735,S3-302010,S3-301718,S3-301612,S2-202287,S2-201885,S2-201753,S3-302123,S3-301694,S2-202520,S2-202489,S2-202449,S2-202459
S1-102258	S2-201405,S2-201655,S2-202128,S2-201725,S3-301521,S3-302045,S3-302049,S3-301401,S3-301295,S2-202399,S2-202217,S2-201527,S2-201684,S3-302228,S3-301586,S3-301546,S3-301832
S1-102259	S2-201994,S2-201881,S2-202256,S2-201830,S2-202180,S2-201623,S2-202185,S2-202016,S2-202276,S2-201522,S2-201524,S2-201988,S2-201544,S2-201687,S2-202129,S2-202029,S3-301482,S3-302001,S3-301403,S3-301399,S3-301827,S3-301683,S3-302009,S3-301868,S3-301549,S3-301397,S3-301953,S2-201531,S2-202341,S2-202551,S2-202458,S2-202565,S2-202511,S2-202397,S2-202381
S1-102260	S2-201995,S2-202205,S3-302031,S2-201446,S2-201562,S2-201712,S2-201668,S2-201504,S2-201901,S2-201652,S2-201860,S2-202026,S2-201832,S3-301430,S3-301865,S3-301517,S3-301381,S3-301600,S3-301686,S3-301328,S3-301713,S2-202522,S2-202425,S2-202505,S3-302334,S3-302351,S3-302254
S1-102261	S2-201996,S2-201925,S3-301771,S3-301833,S2-201537,S2-201941,S2-201829,S2-201488,S2-201942,S2-202326,S2-201816,S2-202044,S2-201968,S2-201909,S2-202317,S2-202077,S2-201690,S2-201711,S3-301577,S3-301407,S3-301672,S3-301809,S3-302153,S3-301682,S3-301408,S3-301755,S3-301786,S3-301963,S3-301552,S3-301431,S3-301914,S3-302006,S3-301364,S2-202429,S3-302258
S1-102262	S2-201591,S3-301834,S3-301752,S3-301457,S2-201906,S2-201691,S2-201730,S2-201720,S2-201513,S2-201656,S2-201727,S2-201486,S2-202215,S2-201462,S2-202232,S2-201778,S2-201572,S2-201619,S3-301975,S3-302043,S3-302062,S3-301588,S3-301479,S3-301620,S3-301389,S3-302159,S3-301523,S3-301305,S3-301590,S2-201502,S2-201415,S2-202151,S3-301638,S3-301363,S2-202465
S1-102263	S3-301835,S2-201997,S2-202156,S2-201953,S2-201873,S2-201874,S2-202064,S2-202102,S2-202262,S2-201417,S2-202109,S2-201735,S2-201535,S3-301725,S3-301797,S3-301597,S3-302024,S3-302090,S3-301938,S3-301933,S2-202378,S2-202394,S2-202352,S2-202443,S2-202371,S3-302200,S3-302181,S3-302207,S3-302272,S3-302223,S2-202199
S1-102264	S2-201998,S3-301836,S3-301738,S2-201689,S2-201888,S2-201764,S2-202164,S2-202216,S2-201501,S2-202086,S2-201762,S2-201987,S2-202007,S2-201973,S3-301624,S3-301826,S3-301846,S3-301379,S3-301922,S3-301304,S3-302044,S3-301551,S3-301920,S3-301813,S3-301986,S2-202370,S2-202484,S2-202546,S2-202432,S3-302199,S3-302313,S3-302375,S3-302261,S2-201575,S2-201523
S1-102265	S3-301837,S2-201999,S2-201550,S3-301346,S2-202165,S2-202076,S2-201837,S2-202011,S2-201717,S2-201723,S2-202267,S2-201750,S2-202266,S2-202235,S2-201983,S2-202242,S2-201654,S2-202136,S2-201729,S3-301542,S3-301582,S3-301844,S3-302073,S3-301689,S3-301519,S3-301293,S3-301547,S3-302095,S3-301602,S3-301726,S3-301987,S3-302149,S3-302096,S3-301377,S3-301959
S1-102266	S3-301838,S2-202000,S2-201618,S3-301344,S3-301478,S2-201809,S2-201908,S2-201790,S2-202226,S2-201483,S2-202247,S2-201567,S2-201604,S2-202021,S2-201399,S3-301754,S3-301289,S3-301436,S3-301465,S3-301649,S3-301359,S3-301860,S3-301891,S3-302078,S3-302161,S2-202523,S2-202391,S3-302220,S3-302352
S1-102267	S3-301839,S2-202001,S2-201464,S3-302026,S2-202201,S2-202213,S2-202095,S2-201628,S2-201688,S2-202173,S2-201875,S2-202233,S2-201841,S2-201646,S2-201459,S2-201438,S2-202179,S2-201719,S2-201692,S2-201418,S2-202309,S2-201582,S2-201700,S2-201439,S2-201634,S2-201657,S3-301318,S3-301693,S3-302016,S3-301553,S3-301802,S3-302133,S3-302063,S3-301928,S3-302000
S1-102268	S3-301840,S3-301972,S3-301414,S2-202002,S2-201843,S2-201946,S2-201444,S2-202182,S2-201940,S2-201437,S2-201615,S3-301695,S3-301357,S3-301475,S3-301790,S3-301503,S3-301770,S3-301528,S3-302004,S3-301324,S3-302047,S2-201661,S2-202382,S2-202383,S2-201480,S2-202421,S2-202451,S2-202448,S2-202519,S2-202499,S2-202540,S2-202450,S2-202566,S2-202357,S3-302369
S1-102269	S2-202003,S2-201745,S3-301606,S2-202328,S2-202053,S2-202251,S2-202311,S2-202009,S2-202331,S2-201800,S2-202307,S2-202296,S2-201959,S3-302033,S3-302158,S3-302080,S3-302131,S3-301383,S3-301658,S3-301848,S3-302155,S3-301801,S3-302138,S3-301888,S3-302122,S2-202576,S2-202453,S2-202570,S2-202336,S2-202555,S2-202446,S2-202571,S2-202384,S2-202402,S3-302165
S1-102270	S3-301841,S2-201404,S3-301292,S2-201747,S2-201546,S2-201862,S2-201647,S2-201427,S2-202046,S2-201900,S2-202106,S2-201924,S2-202320,S3-301769,S3-301608,S3-301512,S3-301455,S3-301415,S3-301715,S3-301313,S3-302146,S3-301747,S3-301881,S3-301935
S1-102271	S3-301842,S2-201586,S2-202068,S2-201731,S2-201448,S2-202193,S2-202058,S2-201538,S2-201895,S2-201673,S2-202154,S2-202280,S2-201561,S3-301977,S3-301454,S3-301568,S3-301893,S3-301428,S3-301535,S3-301743,S3-301903,S2-202411,S2-202412,S2-202435,S3-302241,S3-302240,S3-302264,S3-301330
S1-102272	S3-301843,S2-202004,S2-201414,S2-202200,S2-201769,S2-201693,S2-201627,S2-201583,S3-301487,S3-301554,S3-302070,S3-301629,S2-202575,S3-302404,S2-202329,S2-201949,S2-202315,S2-202071,S2-202246,S2-202206,S2-201989,S2-201683,S2-201872,S2-202083,S3-301909,S3-301792,S3-301828,S3-301854,S3-301545,S3-301723,S3-302034,S3-302142
S1-102273	S3-301844,S2-201837,S2-201654,S3-301689,S3-302149,S3-301519,S3-301726,S2-202165,S2-202076,S2-202011,S2-201717,S2-201723,S2-201550,S2-202267,S2-201750,S2-202266,S2-202235,S2-201983,S2-201999,S2-202242,S2-202136,S2-201729,S3-301542,S3-301582,S3-302073,S3-301837,S3-301346,S3-301293,S3-301547,S3-302095,S3-301602,S3-301987,S3-302096,S3-301377,S3-301959
S1-102274	S3-301845,S2-202005,S2-201967,S2-201587,S2-201820,S2-201566,S2-201495,S3-301386,S3-301372,S2-202261,S2-201510,S2-202243,S2-202572,S2-202333,S2-202462,S2-202424,S3-302401,S3-302162,S3-302253,S3-302291,S3-302074
S1-102275	S2-202006,S3-302053,S2-201482,S2-202148,S2-201785,S2-202196,S2-202101,S2-201802,S3-301647,S3-301659,S3-301358,S3-301970,S3-302019,S2-202158,S3-301979,S2-202430,S3-302259
S1-102276	S2-202007,S3-301846,S2-202216,S3-302044,S2-201689,S2-201764,S2-201998,S2-202164,S2-201501,S2-202086,S2-201762,S2-201987,S2-201973,S3-301624,S3-301826,S3-301379,S3-301922,S3-301738,S3-301836,S3-301304,S3-301551,S3-301920,S3-301813,S2-201888,S3-301986,S2-202370,S2-202484,S2-202546,S2-202432,S3-302199,S3-302313,S3-302375,S3-302261,S2-201575,S2-201523
S1-102277	S3-301847,S2-202008,S2-202279,S3-302108,S2-201742,S2-202024,S2-201728,S2-202171,S2-201777,S2-201807,S2-201824,S2-201400,S2-201584,S3-301679,S3-301664,S3-301994,S3-301589,S3-301712,S3-301604,S3-301794,S3-301636,S3-301863,S2-202342,S2-202557,S2-202504,S3-302386,S3-302333,S3-302171,S3-301452,S2-201859
S1-102278	S3-301383,S3-302138,S2-202053,S2-202251,S2-202311,S2-202009,S2-201800,S2-202296,S2-201959,S3-302033,S3-302158,S3-302080,S3-302131,S3-301658,S3-301848,S3-302155,S3-301888,S2-202328,S2-202003,S2-202331,S2-202307,S3-301606,S3-301801,S3-302122,S2-202576,S2-202453,S2-202570,S2-201745,S2-202336,S2-202555,S2-202446,S2-202571,S2-202384,S2-202402,S3-302165
S1-102279	S2-202010,S3-301849,S2-202131,S2-201969,S2-201533,S2-202012,S2-201746,S2-202121,S2-202222,S2-201799,S2-202298,S2-201603,S2-202023,S2-201559,S2-202184,S2-201457,S3-301426,S3-301607,S3-302151,S3-301906,S3-301470,S3-301810,S3-302027,S3-301338,S3-302051,S3-301405,S3-301495,S3-301657,S3-302021,S3-302007,S3-302124,S3-301599,S2-201737,S3-301850,S3-301862
S1-102280	S2-202011,S2-202235,S2-202165,S2-202076,S2-201837,S2-201717,S2-201723,S2-201550,S2-202267,S2-201750,S2-202266,S2-201983,S2-201999,S2-202242,S2-201654,S2-202136,S2-201729,S3-301542,S3-301582,S3-301844,S3-302073,S3-301837,S3-301689,S3-301519,S3-301346,S3-301293,S3-301547,S3-302095,S3-301602,S3-301726,S3-301987,S3-302149,S3-302096,S3-301377,S3-301959
S1-102281	S2-202012,S2-201603,S3-301850,S2-201969,S2-201533,S2-202010,S2-201746,S2-202121,S2-202222,S2-201799,S2-202298,S2-202023,S2-201559,S2-202184,S2-201457,S2-202131,S3-301849,S3-301426,S3-301607,S3-302151,S3-301906,S3-301470,S3-301810,S3-302027,S3-301338,S3-302051,S3-301405,S3-301495,S3-301657,S3-302021,S3-302007,S3-302124,S3-301599,S2-201737,S3-301862
S1-102282	S2-202013,S2-202049,S3-302093,S3-301851,S3-301884,S2-201484,S2-202022,S2-201585,S2-202093,S2-201834,S2-201817,S2-202273,S2-201991,S2-202027,S2-201831,S2-201793,S2-201512,S2-202244,S2-201694,S2-201706,S3-301388,S3-302075,S3-301765,S3-301829,S3-301520,S3-301652,S3-301866,S3-301927,S3-301453,S3-301861,S3-301556,S3-301572,S3-302101,S3-301685,S2-202485
S1-102283	S2-202014,S3-301852,S2-201411,S2-201638,S2-201635,S3-301998,S3-301504,S3-301301,S2-202310,S2-201786,S2-202177,S2-201985,S2-201406,S3-301744,S3-302134,S3-301500,S2-202457,S2-202406,S3-302235,S3-302286,S3-301824
S1-102284	S2-202015,S3-301853,S2-201963,S3-301656,S2-201699,S3-301562,S3-301804,S2-202020,S2-201939,S2-202229,S2-202260,S2-201620,S2-201707,S2-202130,S2-201891,S2-201451,S2-201982,S2-201751,S3-301740,S3-301574,S3-301820,S3-301859,S3-302089,S3-301954,S3-301332,S3-301785,S3-301857,S3-302058,S3-301461,S3-301580,S2-202537,S2-202563,S2-202498,S2-202507,S2-202418
S1-102285	S3-301854,S2-202246,S2-202083,S2-202329,S2-201949,S2-202315,S2-202071,S2-202206,S2-201989,S2-201683,S2-201872,S3-301909,S3-301792,S3-301828,S3-301545,S3-301723,S3-302034,S3-302142,S2-202353,S2-202466,S2-202415,S2-202369,S3-302295,S3-302182,S3-302244,S3-302198,S2-201414,S2-202200,S2-201769,S2-201693,S2-201627,S2-202004,S2-202575,S2-201583,S3-301487
S1-102286	S3-301855,S2-201477,S2-202132,S2-201772,S2-202140,S2-201520,S2-202159,S2-201469,S2-202240,S2-201617,S2-201818,S2-201827,S2-201431,S2-202259,S2-201836,S2-202330,S2-201430,S2-201814,S2-201952,S2-201610,S2-202181,S3-301354,S3-301980,S3-301731,S3-301670,S3-301902,S3-301522,S3-301681,S3-302003,S3-301673,S3-301955,S3-302157,S3-301796,S3-301965,S3-301350
S1-102287	S2-202016,S2-201623,S3-301482,S3-301403,S2-201531,S2-201830,S2-202180,S2-202185,S2-202276,S2-201522,S2-201881,S2-201524,S2-202256,S2-201988,S2-201544,S2-201687,S2-201994,S2-202129,S2-202029,S3-302001,S3-301399,S3-301827,S3-301683,S3-302009,S3-301868,S3-301549,S3-301397,S3-301953,S2-202341,S2-202551,S2-202458,S2-202565,S2-202511,S2-202397,S2-202381
S1-102288	S2-202017,S2-202050,S2-201868,S2-201899,S2-201879,S2-202221,S2-201521,S2-201897,S2-201421,S2-202323,S3-302144,S3-301746,S3-302050,S3-302150,S3-301396,S3-301309,S2-202337,S2-202460,S2-202569,S2-202536,S3-302365,S3-302166,S3-302289,S3-302398,S2-201423,S2-202542,S2-201845,S2-201724,S2-202047,S2-202321,S2-202220,S2-202573,S2-201669,S2-201704,S2-202553
S1-102289	S3-301856,S2-202018,S3-302046,S2-202219,S2-201463,S2-201783,S2-201497,S2-201651,S2-201602,S2-201614,S2-201558,S2-201428,S3-301374,S3-301883,S3-301560,S3-301474,S3-301516,S3-301917,S3-301314,S3-301345,S2-202405,S2-202338,S2-202339,S3-302167,S3-302168,S3-302234
S1-102290	S3-301857,S2-201451,S3-301332,S2-202020,S2-201939,S2-201963,S2-202229,S2-202260,S2-201620,S2-201707,S2-202015,S2-201699,S2-202130,S2-201891,S2-201982,S2-201751,S3-301740,S3-301574,S3-301820,S3-301656,S3-301859,S3-302089,S3-301562,S3-301954,S3-301853,S3-301804,S3-301785,S3-302058,S3-301461,S3-301580,S2-202537,S2-202563,S2-202498,S2-202507,S2-202418
S1-102291	S2-202019,S2-202098,S3-301930,S2-201563,S3-302020,S3-301858,S2-201964,S2-201757,S2-201542,S2-201955,S2-201680,S2-202195,S2-202265,S2-201500,S2-201663,S2-201506,S3-301668,S3-301378,S3-301530,S3-301576,S3-302018,S3-302035,S3-301585,S3-301805,S3-302029,S3-301410,S3-302094,S3-302013,S3-301532,S3-301432,S2-202359,S2-202545,S2-202521,S2-202441,S3-302350
S1-102292	S2-202020,S3-301859,S2-201939,S2-201963,S2-202229,S2-202260,S2-201620,S2-201707,S2-202015,S2-201699,S2-202130,S2-201891,S2-201451,S2-201982,S2-201751,S3-301740,S3-301574,S3-301820,S3-301656,S3-302089,S3-301562,S3-301954,S3-301332,S3-301853,S3-301804,S3-301785,S3-301857,S3-302058,S3-301461,S3-301580,S2-202537,S2-202563,S2-202498,S2-202507,S2-202418
S1-102293	S2-202021,S3-301860,S2-201809,S2-201908,S2-201790,S2-202226,S2-201618,S2-201483,S2-202247,S2-201567,S2-202000,S2-201604,S2-201399,S3-301754,S3-301289,S3-301436,S3-301465,S3-301649,S3-301359,S3-301838,S3-301344,S3-301478,S3-301891,S3-302078,S3-302161,S2-202523,S2-202391,S3-302220,S3-302352
S1-102294	S2-202022,S3-301861,S2-202093,S2-202027,S2-201706,S3-301927,S3-301572,S3-301866,S2-201484,S2-202013,S2-201585,S2-202049,S2-201834,S2-201817,S2-202273,S2-201991,S2-201793,S2-201512,S2-202244,S2-201694,S3-301884,S3-301388,S3-302075,S3-301765,S3-301829,S3-301520,S3-301652,S3-301453,S3-302093,S3-301556,S3-302101,S3-301851,S2-202485,S3-301685,S3-302314
S1-102295	S3-301862,S2-202023,S2-201969,S2-201533,S2-202012,S2-202010,S2-201746,S2-202121,S2-202222,S2-201799,S2-202298,S2-201603,S2-201559,S2-202184,S2-201457,S2-202131,S3-301849,S3-301426,S3-301607,S3-302151,S3-301906,S3-301470,S3-301810,S3-302027,S3-301338,S3-302051,S3-301405,S3-301495,S3-301657,S3-302021,S3-302007,S3-302124,S3-301599,S2-201737,S3-301850
S1-102296	S2-202024,S3-301863,S2-201584,S3-301452,S2-201742,S2-201728,S2-202171,S2-201777,S2-201807,S2-201824,S2-201400,S2-202279,S2-202008,S3-301679,S3-301664,S3-302108,S3-301994,S3-301589,S3-301847,S3-301712,S3-301604,S3-301794,S3-301636,S2-202342,S2-202557,S2-202504,S3-302386,S3-302333,S3-302171,S2-201859
S1-102297	S3-301864,S2-202025,S2-201496,S3-301373,S2-201532,S2-202153,S2-202127,S2-201819,S2-202283,S2-201775,S2-202231,S2-202142,S2-201682,S2-201456,S2-202065,S2-202210,S2-201426,S3-301404,S3-302038,S3-301674,S3-302125,S3-301646,S3-301918,S3-301337,S3-302060,S3-301748,S3-301897,S3-301544,S3-301312,S3-302008,S3-301952,S3-302111,S2-202080,S2-201902,S3-301976
S1-102298	S2-202026,S3-301865,S2-201446,S2-202205,S2-201995,S2-201652,S2-201860,S2-201832,S3-301430,S3-301517,S3-301381,S3-301686,S3-301713,S3-302031,S2-201562,S2-201712,S2-201668,S2-201504,S2-201901,S3-301600,S3-301328,S2-202522,S2-202425,S2-202505,S3-302334,S3-302351,S3-302254
S1-102299	S2-202027,S3-301866,S2-202093,S3-301927,S3-301861,S3-301572,S2-202022,S2-201706,S2-201484,S2-202013,S2-201585,S2-202049,S2-201834,S2-201817,S2-202273,S2-201991,S2-201793,S2-201512,S2-202244,S2-201694,S3-301884,S3-301388,S3-302075,S3-301765,S3-301829,S3-301520,S3-301652,S3-301453,S3-302093,S3-301556,S3-302101,S3-301851,S2-202485,S3-301685,S3-302314
S1-102300	S3-301867,S2-202028,S3-301527,S2-201660,S2-201452,S2-201915,S2-202286,S2-201882,S2-202149,S2-201436,S2-201787,S2-201960,S2-202174,S2-202264,S2-202313,S2-202268,S2-202126,S2-201803,S3-301661,S3-301760,S3-302088,S3-301435,S3-302092,S3-301971,S3-301648,S3-301333,S3-301732,S3-301995,S3-302140,S3-301951,S3-302098,S2-202556,S2-202374,S3-302385,S3-302203
S1-102301	S3-301868,S2-202029,S2-201830,S2-202180,S2-201623,S2-202185,S2-202016,S2-202276,S2-201522,S2-201881,S2-201524,S2-202256,S2-201988,S2-201544,S2-201687,S2-201994,S2-202129,S3-301482,S3-302001,S3-301403,S3-301399,S3-301827,S3-301683,S3-302009,S3-301549,S3-301397,S3-301953,S2-201531,S2-202341,S2-202551,S2-202458,S2-202565,S2-202511,S2-202397,S2-202381
S1-102302	S2-202030,S2-202097,S2-202322,S3-301929,S2-201557,S2-202091,S2-201907,S2-201791,S2-202082,S3-301425,S3-301660,S3-301650,S3-301768,S2-202367,S2-202500,S2-202578,S3-302196,S3-302329,S3-302407,S3-301753
S1-102303	S2-202031,S2-201592,S2-202060,S3-301895,S3-301869,S2-201755,S2-201741,S2-201934,S2-201702,S2-201548,S2-201861,S2-201948,S2-202035,S2-202103,S3-301791,S3-301780,S3-301872,S3-301676,S3-301714,S3-301904,S3-301615,S3-302127,S2-202544,S2-202529,S2-202535,S2-202469,S2-202486,S2-201821,S3-302373,S3-302358,S3-302315,S3-302364,S3-302298
S1-102304	S2-202032,S3-301654,S2-201795,S2-202188,S2-202263,S2-201498,S2-201695,S2-201658,S2-202040,S2-201738,S2-201937,S2-201621,S2-201884,S2-201666,S2-201971,S3-302091,S3-302081,S3-301375,S3-301531,S3-301876,S3-301480,S3-301885,S3-301557,S3-301734,S3-301525,S3-301361,S3-301783,S3-301812,S3-301334,S3-302119,S3-302011,S2-202292,S2-202497,S3-302326,S3-301573
S1-102305	S2-202189,S3-301391,S3-301443,S3-302012,S2-202239,S2-201748,S2-202074,S2-201637,S2-201722,S2-201954,S2-201476,S2-202078,S2-201877,S2-202038,S3-301798,S3-301449,S3-301912,S3-301502,S3-301874,S3-301915,S3-301339,S2-201927,S2-201581,S3-301448,S2-202493,S2-202525,S2-202393,S2-202481,S2-202476,S2-202582,S2-201577,S3-302322,S3-302222,S3-301609,S3-302310
S1-102306	S2-201494,S2-201961,S2-201929,S2-202048,S2-202066,S2-201921,S2-201935,S2-202115,S2-201974,S2-201743,S2-201419,S2-202209,S2-201549,S2-202033,S2-202211,S3-302037,S3-301901,S3-301774,S3-301307,S3-301417,S3-301814,S3-302072,S3-301371,S3-301803,S3-301420,S3-301781,S3-301605,S3-302039,S2-202241,S2-201810,S2-201551,S2-201920,S2-201636,S2-201923,S2-202238
S1-102307	S3-301870,S3-302107,S2-202278,S2-201514,S2-201889,S2-202175,S2-202302,S2-201595,S2-201715,S2-202281,S2-201932,S2-201733,S2-202152,S2-201976,S2-201402,S2-201744,S3-301296,S3-301996,S3-301390,S3-301777,S3-301593,S3-301684,S3-302129,S3-301898,S3-301703,S3-301402,S3-301644,S3-302109,S3-301291,S3-301601,S2-201851,S2-201528,S2-202358,S2-202517,S2-202533
S1-102308	S2-202034,S3-301871,S2-201972,S2-201489,S2-202291,S2-201938,S2-201847,S2-201597,S2-201560,S2-201784,S2-202187,S2-202214,S2-201726,S2-201600,S2-202167,S2-201801,S3-301989,S3-301634,S3-301413,S3-301575,S3-301587,S3-301463,S3-301645,S3-301302,S3-301434,S3-301570,S3-301698,S3-302118,S3-301784,S3-301613,S2-202377,S2-202478,S2-202548,S3-302377,S3-302307
S1-102309	S3-301872,S2-202035,S2-201548,S2-201592,S2-201755,S2-201741,S2-201934,S2-201702,S2-202031,S2-201861,S2-201948,S2-202060,S2-202103,S3-301791,S3-301780,S3-301676,S3-301714,S3-301895,S3-301904,S3-301615,S3-302127,S2-202544,S2-202529,S2-202535,S2-202469,S2-202486,S2-201821,S3-302373,S3-302358,S3-302315,S3-302364,S3-301869,S3-302298
S1-102310	S2-202093,S2-202027,S3-301927,S3-301861,S3-301572,S3-301866,S2-202022,S2-201706,S2-201484,S2-202013,S2-201585,S2-202049,S2-201834,S2-201817,S2-202273,S2-201991,S2-201793,S2-201512,S2-202244,S2-201694,S3-301884,S3-301388,S3-302075,S3-301765,S3-301829,S3-301520,S3-301652,S3-301453,S3-302093,S3-301556,S3-302101,S3-301851,S2-202485,S3-301685,S3-302314
S1-102311	S2-202036,S2-202230,S2-201980,S2-201409,S2-202270,S2-202112,S2-201670,S3-302113,S3-302065,S3-302059,S3-301494,S3-301892,S2-202285,S2-202057,S2-201478,S3-301299,S3-301818,S2-202236,S3-301355,S2-202144,S2-202401,S3-302230
S1-102312	S2-202037,S3-301873,S2-202271,S2-201609,S2-201825,S2-201632,S2-202087,S2-201981,S3-301819,S3-302099,S3-301471,S3-301492,S3-301429,S2-202368,S2-202408,S2-202510,S3-302339,S3-302237,S3-302197
S1-102313	S2-202038,S3-301874,S2-202239,S2-201748,S2-202074,S2-201637,S2-201722,S2-201954,S2-201476,S2-202078,S2-201877,S2-202189,S3-301798,S3-302012,S3-301449,S3-301912,S3-301443,S3-301391,S3-301502,S3-301915,S3-301339,S2-201927,S2-201581,S3-301448,S2-202493,S2-202525,S2-202393,S2-202481,S2-202476,S2-202582,S3-302322,S3-302222,S3-301609,S3-302310,S3-302354
S1-102314	S2-201810,S2-201551,S2-201494,S2-201961,S2-201920,S2-201929,S2-202048,S2-202066,S2-201636,S2-201921,S2-201935,S2-202115,S2-201974,S2-201743,S2-201419,S2-202209,S2-201549,S2-201923,S2-202238,S2-202033,S2-202211,S2-201503,S3-301766,S3-302037,S3-301901,S3-301774,S3-301307,S3-301417,S3-301814,S3-301419,S3-302072,S3-301501,S3-301371,S3-301803,S3-301420
S1-102315	S2-201552,S3-301875,S2-201838,S3-301469,S2-201664,S2-201435,S2-202123,S2-201659,S2-201970,S2-201530,S2-201508,S2-202039,S2-201930,S2-202107,S2-202197,S2-201835,S2-201846,S2-201466,S2-201607,S3-301348,S3-301948,S3-301811,S3-301697,S3-301565,S3-301910,S3-301526,S3-301775,S3-301317,S3-302022,S3-301690,S3-301936,S3-301773,S2-202072,S2-202376,S2-202513
S1-102316	S3-301876,S2-202188,S2-202263,S2-201498,S2-202497,S2-201695,S2-201658,S2-201795,S2-202040,S2-201738,S2-201937,S2-201621,S2-201884,S2-201666,S2-201971,S2-202032,S3-302326,S3-302091,S3-302081,S3-301375,S3-301531,S3-301480,S3-301885,S3-301557,S3-301734,S3-301525,S3-301361,S3-301783,S3-301654,S3-301812,S3-301538,S3-301334,S3-302119,S3-301573,S3-302011
S1-102317	S2-202274,S2-202114,S3-301949,S3-301882,S2-202124,S3-302102,S3-301943,S2-202327,S2-202146,S2-202116,S2-202120,S3-301968,S3-301298,S3-301944,S3-301360,S3-302154,S3-301581,S3-301877,S2-202543,S2-202351,S3-302180,S3-302372,S2-201716,S2-202190,S2-201808,S2-201822,S2-202348,S2-202347,S2-201734,S2-201665,S2-202483,S2-201951,S2-202293,S2-202248,S2-202407
S1-102318	S2-202041,S3-301878,S2-201917,S3-301763,S2-201472,S2-201773,S2-201840,S3-301351,S3-301800,S3-301633,S2-201958,S2-202502,S3-302331
S1-102319	S2-202042,S2-201678,S3-301540,S2-201643,S2-201904,S2-201950,S2-201850,S2-202135,S2-202312,S2-201768,S2-201576,S3-301993,S3-301793,S3-301702,S3-301628,S3-301442,S3-301750,S3-301958,S3-301509,S3-302002,S3-302139,S3-301761,S2-202269,S2-201571,S2-201570,S2-201765,S2-201493,S2-201590,S2-202480,S2-202567,S2-201761,S3-301294,S3-301369,S3-301626,S3-302309
S1-102320	S2-202043,S2-202316,S3-302143,S3-301879,S2-201984,S2-201589,S2-201491,S2-201714,S2-201671,S3-301456,S3-302126,S3-301923,S3-301533,S3-301579,S3-301394,S2-201518,S2-202300,S2-201828,S3-301823,S3-301368,S3-301596,S2-202550,S2-202426,S2-202452,S3-302379,S3-302255,S3-302281
S1-102321	S2-202300,S2-201828,S3-302126,S2-202043,S2-201984,S2-201518,S2-201589,S2-202316,S2-201491,S2-201714,S2-201671,S3-301456,S3-301823,S3-301923,S3-302143,S3-301368,S3-301533,S3-301596,S3-301579,S3-301879,S3-301394,S2-202550,S2-202426,S2-202452,S3-302379,S3-302255,S3-302281
S1-102322	S2-202044,S3-301431,S3-301408,S2-201537,S2-201941,S2-201829,S2-201925,S2-201488,S2-201942,S2-202326,S2-201816,S2-201996,S2-201968,S2-201909,S2-202317,S2-202077,S2-201690,S2-201711,S3-301577,S3-301407,S3-301672,S3-301809,S3-302153,S3-301682,S3-301771,S3-301755,S3-301786,S3-301963,S3-301552,S3-301914,S3-302006,S3-301364,S3-301833,S2-202429,S3-302258
S1-102323	S3-301880,S2-202176,S3-301997,S3-301617,S2-202045,S2-201758,S2-202137,S2-201565,S2-201804,S3-301960,S3-301433,S2-201555,S2-201449,S2-202160,S2-202203,S2-202324,S2-201667,S2-201579,S2-201839,S2-202249,S2-201443,S3-301691,S3-301370,S3-301423,S3-301446,S3-301411,S3-301331,S3-301982,S2-201543,S3-301322,S2-202431,S2-202501,S3-302260,S3-302330
S1-102324	S3-301881,S2-202046,S2-201747,S2-201404,S2-201546,S2-201862,S2-201647,S2-201427,S2-201900,S2-202106,S2-201924,S2-202320,S3-301769,S3-301608,S3-301512,S3-301455,S3-301292,S3-301841,S3-301415,S3-301715,S3-301313,S3-302146,S3-301747,S3-301935
S1-102325	S2-202137,S2-201555,S2-201758,S2-201565,S2-202176,S2-201449,S2-202160,S2-202045,S2-201804,S2-202203,S2-202324,S2-201667,S2-201579,S2-201839,S2-202249,S2-201443,S3-301691,S3-301370,S3-301997,S3-301617,S3-301423,S3-301446,S3-301960,S3-301880,S3-301411,S3-301331,S3-301982,S3-301433,S2-201543,S3-301322,S2-202431,S2-202501,S3-302260,S3-302330
S1-102326	S2-202047,S2-201423,S2-202321,S2-201947,S2-201756,S3-301616,S3-301778,S3-302103,S3-302147,S3-301569,S3-301310,S2-202542,S2-201704,S2-202437,S2-202119,S3-302371,S3-302266,S2-201724,S3-301900,S2-202017,S2-201899,S2-201845,S2-201879,S2-202220,S2-202573,S2-201669,S2-202050,S2-202553,S2-201598,S2-202221,S2-202100,S2-202178,S2-202155,S2-201521,S2-201897
S1-102327	S3-301882,S2-202274,S2-202114,S3-302102,S3-301949,S2-202124,S3-301943,S2-202327,S2-202146,S2-202116,S2-202120,S3-301968,S3-301298,S3-301944,S3-301360,S3-302154,S3-301581,S2-202543,S2-202351,S3-302180,S3-302372,S2-201716,S3-301877,S2-202190,S2-201808,S2-201822,S2-202348,S2-202347,S2-201734,S2-201665,S2-202483,S2-201951,S2-202293,S2-202248,S2-202407
S1-102328	S2-201636,S3-301417,S3-301501,S3-302039,S2-202048,S2-202211,S2-201549,S2-201929,S3-301774,S3-301781,S2-201810,S2-201551,S2-201494,S2-201961,S2-201920,S2-202066,S2-201921,S2-201935,S2-202115,S2-201974,S2-201743,S2-201419,S2-202209,S2-201923,S2-202238,S2-202033,S2-201503,S3-301766,S3-302037,S3-301901,S3-301307,S3-301814,S3-301419,S3-302072,S3-301371
S1-102329	S3-301883,S3-301917,S3-301345,S2-201463,S2-201783,S2-201497,S2-201651,S2-202018,S2-202219,S2-201602,S2-201614,S2-201558,S2-201428,S3-301856,S3-301374,S3-301560,S3-301474,S3-301516,S3-302046,S3-301314,S2-202405,S2-202338,S2-202339,S3-302167,S3-302168,S3-302234
S1-102330	S2-201958,S3-301763,S3-301878,S2-202041,S2-201472,S2-201773,S2-201917,S2-201840,S3-301351,S3-301800,S3-301633,S2-202502,S3-302331
S1-102331	S2-201516,S3-301315,S3-301643,S2-201858,S2-201408,S2-201677,S2-202059,S2-202108,S2-201943,S2-201910,S3-301921,S3-301787,S3-301756,S3-301711,S3-301937,S2-201432,S2-201782,S2-202084,S2-201467,S2-201649,S2-201760,S2-202161,S3-301894,S3-301619,S3-302135,S2-202343,S2-202364,S2-202428,S2-202396,S2-202433,S3-302193,S3-302262,S3-302257,S3-302225,S3-302172
S1-102332	S2-202049,S2-202013,S3-301884,S3-302093,S3-301851,S2-201484,S2-202022,S2-201585,S2-202093,S2-201834,S2-201817,S2-202273,S2-201991,S2-202027,S2-201831,S2-201793,S2-201512,S2-202244,S2-201694,S2-201706,S3-301388,S3-302075,S3-301765,S3-301829,S3-301520,S3-301652,S3-301866,S3-301927,S3-301453,S3-301861,S3-301556,S3-301572,S3-302101,S2-202485,S3-302314
S1-102333	S2-202050,S2-202017,S2-201868,S2-201899,S2-201879,S2-202221,S2-201521,S2-201897,S2-201421,S2-202323,S3-302144,S3-301746,S3-302050,S3-302150,S3-301396,S3-301309,S2-202337,S2-202460,S2-202569,S2-202536,S3-302365,S3-302166,S3-302289,S3-302398,S2-201423,S2-202542,S2-201845,S2-201724,S2-202047,S2-202321,S2-202220,S2-202573,S2-201669,S2-201704,S2-202553
S1-102334	S3-301885,S3-301557,S2-201695,S2-202188,S2-202263,S2-201498,S2-201658,S2-201795,S2-202040,S2-201738,S2-201937,S2-201621,S2-201884,S2-201666,S2-201971,S2-202032,S3-302091,S3-302081,S3-301375,S3-301531,S3-301876,S3-301480,S3-301734,S3-301525,S3-301361,S3-301783,S3-301654,S3-301812,S3-301334,S3-302119,S3-302011,S2-202292,S2-202497,S3-302326,S3-301573
S1-102335	S2-202051,S3-301886,S2-202220,S2-201669,S2-201598,S2-202100,S2-202178,S2-202155,S2-202255,S3-301932,S3-302084,S3-301999,S3-302048,S2-202573,S2-202553,S3-302382,S3-302402,S2-201423,S2-202017,S2-202542,S2-201899,S2-201845,S2-201879,S2-201724,S2-202047,S2-202321,S2-201704,S2-202050,S2-201947,S2-202221,S2-201756,S2-201521,S2-201897,S2-201421,S2-201868
S1-102336	S2-202052,S3-301887,S3-301707,S2-201849,S3-301701,S3-301548,S2-201686,S2-201410,S2-201869,S2-202290,S2-201481,S2-201536,S2-201672,S2-201977,S2-201913,S3-301300,S3-301721,S3-301758,S3-301534,S3-302117,S2-202473,S2-202340,S2-202427,S3-302256,S3-302302,S3-302169
S1-102337	S2-202053,S3-301888,S2-202251,S2-202311,S2-202009,S2-201800,S2-202296,S2-201959,S3-302033,S3-302158,S3-302080,S3-302131,S3-301383,S3-301658,S3-301848,S3-302155,S3-302138,S2-202328,S2-202003,S2-202331,S2-202307,S3-301606,S3-301801,S3-302122,S2-201745,S2-202576,S2-202453,S2-202570,S2-202336,S2-202555,S2-202446,S2-202571,S2-202384,S2-202402,S3-302165
S1-102338	S2-202054,S2-201789,S2-202306,S2-202143,S2-201580,S2-202314,S2-202111,S2-201416,S2-202070,S2-201540,S2-202104,S2-202163,S2-201898,S2-201445,S2-202332,S2-201975,S2-202218,S2-201407,S2-201922,S2-201441,S2-201933,S3-301326,S3-301297,S3-301815,S3-301779,S3-301907,S3-301957,S3-302141,S3-301940,S3-301306,S3-301458,S3-301447,S3-301985,S3-301767,S2-202385
S1-102339	S2-202055,S3-301889,S2-202250,S3-301483,S2-201718,S2-201434,S2-202141,S2-202245,S2-201812,S2-201679,S2-202063,S2-202282,S2-201492,S2-201823,S2-202166,S2-202318,S2-201450,S2-201630,S2-202110,S2-201517,S2-201468,S2-201893,S2-201806,S2-201780,S3-301988,S3-301663,S3-302110,S3-301491,S3-301741,S3-301349,S3-301583,S3-301939,S3-301541,S3-301667,S3-301316
S1-102340	S3-301890,S2-202056,S2-202096,S2-201422,S2-201792,S2-202277,S2-201511,S2-201892,S2-202113,S2-202208,S2-202272,S2-202258,S2-202275,S2-201703,S2-201763,S2-201611,S2-202075,S3-302104,S3-302100,S3-301651,S3-301311,S3-301567,S3-301913,S3-302086,S3-302106,S3-301981,S3-301941,S3-301387,S3-302036,S2-202253,S2-202549,S2-202562,S2-202417,S2-202561,S2-202403
S1-102341	S3-301891,S2-201908,S3-301754,S2-201809,S2-201790,S2-202226,S2-201618,S2-201483,S2-202247,S2-201567,S2-202000,S2-201604,S2-202021,S2-201399,S3-301289,S3-301436,S3-301465,S3-301649,S3-301359,S3-301838,S3-301344,S3-301860,S3-301478,S3-302078,S3-302161,S2-202523,S2-202391,S3-302220,S3-302352
S1-102342	S2-202057,S3-301892,S2-202036,S3-301299,S3-301818,S2-202230,S2-201980,S2-201409,S2-202270,S2-202112,S2-201670,S2-201478,S3-302113,S3-302065,S3-302059,S3-301494,S3-301355,S2-202285,S2-202236,S2-202144,S2-202401,S3-302230
S1-102343	S2-202058,S3-301893,S3-301903,S2-202068,S2-202280,S2-201586,S2-201731,S2-201448,S2-202193,S2-201538,S2-201895,S2-201673,S2-201561,S3-301977,S3-301454,S3-301842,S3-301568,S3-301428,S3-301535,S3-301743,S2-202154,S3-301330,S2-202411,S2-202412,S2-202435,S3-302241,S3-302240,S3-302264
S1-102344	S3-301894,S2-202059,S2-202084,S2-201467,S3-301921,S2-201677,S2-201858,S2-201408,S2-201516,S2-201649,S2-202108,S2-201760,S2-201943,S2-202161,S2-201910,S3-301787,S3-301315,S3-301756,S3-301643,S3-301619,S3-301711,S3-301937,S2-201432,S2-201782,S3-302135,S2-202343,S2-202364,S2-202428,S2-202396,S2-202433,S3-302193,S3-302262,S3-302257,S3-302225,S3-302172
S1-102345	S2-202060,S3-301895,S2-201592,S2-202031,S3-301869,S2-201755,S2-201741,S2-201934,S2-201702,S2-201548,S2-201861,S2-201948,S2-202035,S2-202103,S3-301791,S3-301780,S3-301872,S3-301676,S3-301714,S3-301904,S3-301615,S3-302127,S2-202544,S2-202529,S2-202535,S2-202469,S2-202486,S2-201821,S3-302373,S3-302358,S3-302315,S3-302364,S3-302298
S1-102346	S3-301896,S2-202061,S2-201956,S2-201471,S2-201412,S2-201433,S2-201662,S2-202145,S2-201616,S2-201490,S2-201842,S2-201626,S3-301700,S3-301799,S3-302032,S3-301967,S3-301367,S3-301742,S3-301486,S3-301303,S3-301476,S2-202531,S2-202532,S3-302360,S3-302361
S1-102347	S2-202062,S3-302137,S2-202157,S2-201509,S2-201556,S2-201713,S2-202257,S2-201499,S2-202225,S2-201460,S2-201519,S2-202067,S2-201564,S3-301424,S3-302055,S3-301578,S3-301395,S3-301342,S3-301376,S3-301978,S3-301385,S3-302085,S2-202438,S3-302267
S1-102348	S2-202063,S2-202141,S3-302110,S2-202282,S3-301966,S2-201718,S2-201434,S2-202245,S2-201812,S2-202250,S2-201679,S2-201492,S2-201823,S2-202166,S2-202055,S2-202318,S2-201450,S2-201630,S2-202110,S2-201517,S2-201468,S2-201893,S2-201806,S2-201780,S3-301988,S3-301663,S3-301889,S3-301491,S3-301741,S3-301349,S3-301583,S3-301939,S3-301541,S3-301667,S3-301316
S1-102349	S2-202064,S2-202156,S2-201953,S2-201873,S2-201997,S2-201874,S2-202102,S2-202262,S2-201417,S2-202109,S2-201735,S2-201535,S3-301725,S3-301797,S3-301835,S3-301597,S3-302024,S3-302090,S3-301938,S3-301933,S2-202378,S2-202394,S2-202352,S2-202443,S2-202371,S3-302200,S3-302181,S3-302207,S3-302272,S3-302223,S2-202199
S1-102350	S2-202065,S3-301897,S2-201532,S2-202153,S2-202127,S2-202025,S2-201819,S2-201496,S2-202283,S2-201775,S2-202231,S2-202142,S2-201682,S2-201456,S2-202210,S2-201426,S3-301404,S3-302038,S3-301674,S3-302125,S3-301646,S3-301918,S3-301337,S3-302060,S3-301748,S3-301864,S3-301544,S3-301312,S3-302008,S3-301952,S3-302111,S3-301373,S2-202080,S2-201902,S3-301976
S1-102351	S3-301898,S2-201595,S2-201514,S2-201889,S2-202175,S2-202302,S2-202278,S2-201715,S2-202281,S2-201932,S2-201733,S2-202152,S2-201976,S2-201402,S2-201744,S3-301296,S3-301996,S3-301390,S3-302107,S3-301777,S3-301593,S3-301684,S3-302129,S3-301703,S3-301402,S3-301644,S3-302109,S3-301291,S3-301870,S3-301601,S2-201851,S2-201528,S2-202358,S2-202517,S2-202533
S1-102352	S3-301899,S3-302079,S2-201575,S2-201523,S2-201978,S2-201424,S2-202301,S2-201880,S3-301398,S3-301973,S3-301905,S3-301730,S3-302128,S3-301816,S2-202436,S2-202400,S2-202558,S2-202552,S3-302387,S3-302229,S3-302381,S3-302265,S2-201689,S2-201764,S2-201998,S2-202164,S2-202216,S2-201501,S2-202086,S2-201762,S2-201987,S2-202007,S2-201973,S3-301624,S3-301826
S1-102353	S2-201423,S2-202047,S2-202321,S2-201947,S2-201756,S3-301616,S3-301778,S3-302103,S3-302147,S3-301569,S3-301310,S2-202542,S2-201704,S2-202437,S2-202119,S3-302371,S3-302266,S2-201724,S3-301900,S2-202017,S2-201899,S2-201845,S2-201879,S2-202220,S2-202573,S2-201669,S2-202050,S2-202553,S2-201598,S2-202221,S2-202100,S2-202178,S2-202155,S2-201521,S2-201897
S1-102354	S2-202066,S3-301901,S2-201810,S2-201551,S2-201494,S2-201961,S2-201920,S2-201929,S2-202048,S2-201636,S2-201921,S2-201935,S2-202115,S2-201974,S2-201743,S2-201419,S2-202209,S2-201549,S2-201923,S2-202238,S2-202033,S2-202211,S2-201503,S3-301766,S3-302037,S3-301774,S3-301307,S3-301417,S3-301814,S3-301419,S3-302072,S3-301501,S3-301371,S3-301803,S3-301420
S1-102355	S2-202067,S2-202157,S2-201509,S2-201556,S2-201713,S2-202257,S2-201499,S2-202062,S2-202225,S2-201460,S2-201519,S2-201564,S3-301424,S3-302055,S3-301578,S3-301395,S3-301342,S3-301376,S3-301978,S3-302137,S3-301385,S3-302085,S2-202438,S3-302267
S1-102356	S3-301902,S2-201477,S2-201814,S3-301354,S3-301670,S2-202132,S2-201772,S2-202140,S2-201520,S2-202159,S2-201469,S2-202240,S2-201617,S2-201818,S2-201827,S2-201431,S2-202259,S2-201836,S2-202330,S2-201430,S2-201952,S2-201610,S2-202181,S3-301980,S3-301731,S3-301522,S3-301855,S3-301681,S3-302003,S3-301673,S3-301955,S3-302157,S3-301796,S3-301965,S3-301350
S1-102357	S2-202068,S3-301903,S2-202058,S3-301893,S2-202280,S2-201586,S2-201731,S2-201448,S2-202193,S2-201538,S2-201895,S2-201673,S2-201561,S3-301977,S3-301454,S3-301842,S3-301568,S3-301428,S3-301535,S3-301743,S2-202154,S3-301330,S2-202411,S2-202412,S2-202435,S3-302241,S3-302240,S3-302264
S1-102358	S3-301904,S2-201702,S2-201861,S3-301714,S3-302127,S2-201592,S2-201755,S2-201741,S2-201934,S2-201548,S2-202031,S2-201948,S2-202035,S2-202060,S2-202103,S3-301791,S3-301780,S3-301872,S3-301676,S3-301895,S3-301615,S2-202544,S2-202529,S2-202535,S2-202469,S2-202486,S2-201821,S3-302373,S3-302358,S3-302315,S3-302364,S3-301869,S3-302298
S1-102359	S2-202069,S2-201515,S2-201612,S2-201966,S2-201844,S2-202081,S2-201485,S2-201779,S2-201721,S2-201749,S2-201739,S2-201886,S2-202094,S2-201701,S2-201629,S3-301692,S3-301736,S3-301362,S3-301639,S3-301472,S3-301610,S3-301490,S3-301808,S3-301392,S3-301584,S3-301696,S3-301529,S3-301564,S3-301622,S3-301919,S3-301555,S3-301468,S2-202579,S2-202474,S2-202356
S1-102360	S2-202146,S3-301968,S3-301360,S2-202327,S2-202274,S2-202116,S2-202120,S2-202114,S3-302102,S3-301298,S3-301944,S3-301949,S3-302154,S3-301581,S3-301882,S2-202124,S3-301943,S2-202543,S2-202351,S3-302180,S3-302372,S2-201716,S3-301877,S2-202190,S2-201808,S2-201822,S2-202348,S2-202347,S2-201734,S2-201665,S2-202483,S2-201951,S2-202293,S2-202248,S2-202407
S1-102361	S3-301905,S2-201575,S2-201523,S2-201978,S2-201424,S2-202301,S2-201880,S3-301398,S3-301973,S3-302079,S3-301899,S3-301730,S3-302128,S3-301816,S2-202436,S2-202400,S2-202558,S2-202552,S3-302387,S3-302229,S3-302381,S3-302265,S2-201689,S2-201764,S2-201998,S2-202164,S2-202216,S2-201501,S2-202086,S2-201762,S2-201987,S2-202007,S2-201973,S3-301624,S3-301826
S1-102362	S2-201559,S3-301495,S3-301906,S3-301426,S2-201969,S2-201533,S2-202012,S2-202010,S2-201746,S2-202121,S2-202222,S2-201799,S2-202298,S2-201603,S2-202023,S2-202184,S2-201457,S2-202131,S3-301849,S3-301607,S3-302151,S3-301470,S3-301810,S3-302027,S3-301338,S3-302051,S3-301405,S3-301657,S3-302021,S3-302007,S3-302124,S3-301599,S2-201737,S3-301850,S3-301862
S1-102363	S3-301907,S2-202070,S2-201898,S2-202143,S2-202306,S2-201580,S2-202314,S2-202111,S2-201789,S2-201416,S2-201540,S2-202104,S2-202163,S2-201445,S2-202332,S2-201975,S2-202218,S2-201407,S2-201922,S2-201441,S2-202054,S2-201933,S3-301326,S3-301297,S3-301815,S3-301779,S3-301957,S3-302141,S3-301940,S3-301306,S3-301458,S3-301447,S3-301985,S3-301767,S2-202385
S1-102364	S3-301908,S2-201794,S3-301653,S3-301627,S2-202099,S2-202198,S2-201767,S2-202162,S2-201863,S3-301716,S3-302136,S3-301412,S3-301984,S3-301427,S3-302023,S3-301931,S2-201545,S2-202491,S3-302320
S1-102365	S2-202071,S3-301909,S3-301545,S2-201989,S2-201683,S3-301828,S2-202329,S2-201949,S2-202315,S2-202246,S2-202206,S2-201872,S2-202083,S3-301792,S3-301854,S3-301723,S3-302034,S3-302142,S2-202353,S2-202466,S2-202415,S2-202369,S3-302295,S3-302182,S3-302244,S3-302198,S2-201414,S2-202200,S2-201769,S2-201693,S2-201627,S2-202004,S2-202575,S2-201583,S3-301487
S1-102366	S3-301910,S2-202072,S2-202123,S3-301948,S2-201664,S2-201435,S2-201552,S2-201838,S2-201659,S2-201970,S2-201530,S2-201508,S2-201930,S2-202107,S2-202197,S2-201835,S2-201846,S2-201466,S2-201607,S3-301469,S3-301348,S3-301875,S3-301811,S3-301697,S3-301565,S3-301526,S3-301775,S3-301317,S3-302022,S3-301690,S3-301936,S2-202376,S2-202513,S2-202512,S2-202039
S1-102367	S3-301911,S2-202073,S2-202122,S3-301558,S2-201696,S3-301947,S2-201776,S2-201569,S2-202169,S2-201539,S2-201931,S2-201805,S2-201420,S2-201605,S2-202228,S2-202147,S2-201870,S2-201525,S2-201911,S2-202325,S2-201912,S2-201705,S2-202319,S3-302057,S3-301662,S3-301991,S3-302145,S3-301466,S3-302152,S3-301776,S3-301439,S3-301969,S3-301635,S3-301571,S3-301675
S1-102368	S2-202074,S3-301912,S3-301448,S2-201581,S2-202239,S2-201748,S2-201637,S2-201722,S2-201954,S2-201476,S2-202078,S2-201877,S2-202038,S2-202189,S3-301798,S3-302012,S3-301449,S3-301443,S3-301391,S3-301502,S3-301874,S3-301915,S3-301339,S2-201927,S2-202493,S2-202525,S2-202393,S2-202481,S2-202476,S2-202582,S3-302322,S3-302222,S3-301609,S3-302310,S3-302354
S1-102369	S2-202075,S3-301913,S2-202258,S2-202113,S3-302086,S3-301941,S2-201792,S2-202277,S2-201511,S2-202096,S2-201892,S2-202208,S2-202272,S2-202275,S2-201703,S2-201763,S2-201611,S2-202056,S2-201422,S3-302104,S3-302100,S3-301651,S3-301311,S3-301890,S3-301567,S3-302106,S3-301981,S3-301387,S3-302036,S2-202253,S2-202549,S2-202562,S2-202417,S2-202561,S2-202403
S1-102370	S2-202076,S2-201983,S2-202136,S3-301959,S2-202165,S2-201837,S2-202011,S2-201717,S2-201723,S2-201550,S2-202267,S2-201750,S2-202266,S2-202235,S2-201999,S2-202242,S2-201654,S2-201729,S3-301542,S3-301582,S3-301844,S3-302073,S3-301837,S3-301689,S3-301519,S3-301346,S3-301293,S3-301822,S3-301547,S3-302095,S3-301602,S3-301726,S3-301987,S3-302149,S3-302096
S1-102371	S3-301365,S2-201797,S3-301762,S2-201736,S2-202118,S2-202234,S2-201526,S2-201813,S2-201887,S2-201599,S3-301515,S3-301400,S3-302068,S3-301669,S3-301621,S3-301945,S3-301464,S3-301598,S3-301737,S2-202456,S2-202526,S2-202494,S3-302323,S3-302355,S3-302285,S2-201798
S1-102372	S2-202165,S2-202076,S2-201837,S2-202011,S2-201717,S2-201723,S2-201550,S2-202267,S2-201750,S2-202266,S2-202235,S2-201983,S2-201999,S2-202242,S2-201654,S2-202136,S2-201729,S3-301542,S3-301582,S3-301844,S3-302073,S3-301837,S3-301689,S3-301519,S3-301346,S3-301293,S3-301547,S3-302095,S3-301602,S3-301726,S3-301987,S3-302149,S3-302096,S3-301377,S3-301959
S1-102373	S2-202077,S3-301914,S2-201829,S2-201968,S3-301809,S3-301682,S2-201537,S2-201941,S2-201925,S2-201488,S2-201942,S2-202326,S2-201816,S2-202044,S2-201996,S2-201909,S2-202317,S2-201690,S2-201711,S3-301577,S3-301407,S3-301672,S3-302153,S3-301408,S3-301771,S3-301755,S3-301786,S3-301963,S3-301552,S3-301431,S3-302006,S3-301364,S3-301833,S2-202429,S3-301323
S1-102374	S2-202078,S3-301915,S2-201748,S2-202239,S2-202074,S2-201637,S2-201722,S2-201954,S2-201476,S2-201877,S2-202038,S2-202189,S3-301798,S3-302012,S3-301449,S3-301912,S3-301443,S3-301391,S3-301502,S3-301874,S3-301339,S2-201927,S2-201581,S3-301609,S3-301448,S2-202493,S2-202525,S2-202393,S2-202481,S2-202476,S2-202582,S3-302322,S3-302222,S3-302310,S3-302354
S1-102375	S2-202079,S3-301916,S2-201697,S3-301559,S2-201470,S2-201653,S2-201461,S2-201979,S2-201848,S2-201752,S2-201596,S2-202192,S2-202150,S2-201992,S3-301518,S3-301343,S3-301728,S3-301974,S3-301817,S3-301830,S3-302015,S3-301366,S3-301699,S3-301550,S2-201876,S2-202390,S2-202363,S2-202527,S2-202547,S2-202416,S2-202581,S2-202495,S2-202349,S3-302192,S3-301462
S1-102376	S3-301917,S3-301345,S2-201463,S2-201783,S2-201497,S2-201651,S2-202018,S2-202219,S2-201602,S2-201614,S2-201558,S2-201428,S3-301856,S3-301374,S3-301883,S3-301560,S3-301474,S3-301516,S3-302046,S3-301314,S2-202405,S2-202338,S2-202339,S3-302167,S3-302168,S3-302234
S1-102377	S3-301918,S2-201426,S3-301312,S2-202080,S2-201532,S2-202153,S2-202127,S2-202025,S2-201819,S2-201496,S2-202283,S2-201775,S2-202231,S2-202142,S2-201682,S2-201456,S2-202065,S2-202210,S3-301404,S3-302038,S3-301674,S3-302125,S3-301646,S3-301337,S3-302060,S3-301748,S3-301897,S3-301864,S3-301544,S3-302008,S3-301952,S3-302111,S3-301373,S2-201902,S3-301976
S1-102378	S2-202081,S3-301919,S2-201701,S3-301564,S2-201612,S2-201515,S2-202069,S2-201966,S2-201844,S2-201485,S2-201779,S2-201721,S2-201749,S2-201739,S2-201886,S2-202094,S2-201629,S3-301692,S3-301736,S3-301362,S3-301639,S3-301472,S3-301610,S3-301490,S3-301808,S3-301392,S3-301584,S3-301696,S3-301529,S3-301622,S3-301555,S3-301468,S2-202579,S2-202474,S2-202356
S1-102379	S2-202082,S2-202030,S2-201557,S2-202097,S2-202091,S2-201907,S2-202322,S2-201791,S3-301425,S3-301929,S3-301660,S3-301650,S3-301768,S2-202367,S2-202500,S2-202578,S3-302196,S3-302329,S3-302407,S3-301753
S1-102380	S2-202083,S2-202246,S3-301854,S2-202329,S2-201949,S2-202315,S2-202071,S2-202206,S2-201989,S2-201683,S2-201872,S3-301909,S3-301792,S3-301828,S3-301545,S3-301723,S3-302034,S3-302142,S2-202353,S2-202466,S2-202415,S2-202369,S3-302295,S3-302182,S3-302244,S3-302198,S2-201414,S2-202200,S2-201769,S2-201693,S2-201627,S2-202004,S2-202575,S2-201583,S3-301487
S1-102381	S3-301920,S2-202086,S3-301922,S2-201689,S2-201764,S2-201998,S2-202164,S2-202216,S2-201501,S2-201762,S2-201987,S2-202007,S2-201973,S3-301624,S3-301826,S3-301846,S3-301379,S3-301738,S3-301836,S3-301304,S3-302044,S3-301551,S3-301813,S2-201888,S3-301986,S2-202370,S2-202484,S2-202546,S2-202432,S3-302199,S3-302313,S3-302375,S3-302261,S2-201575,S2-201523
S1-102382	S2-202084,S3-301921,S2-201467,S2-202059,S2-201677,S3-301894,S2-201858,S2-201408,S2-201516,S2-201649,S2-202108,S2-201760,S2-201943,S2-202161,S2-201910,S3-301787,S3-301315,S3-301756,S3-301643,S3-301619,S3-301711,S3-301937,S2-201432,S2-202343,S2-201782,S2-202364,S2-202428,S2-202396,S2-202433,S3-302193,S3-302262,S3-302135,S3-302257,S3-302225,S3-302172
S1-102383	S2-202085,S2-201918,S2-201676,S2-201440,S2-201403,S2-201826,S2-202254,S2-201429,S3-301724,S3-301764,S3-301498,S3-301539,S3-301680,S3-301496,S3-301510,S3-301421,S3-301347,S3-302083,S3-301708,S2-201465,S2-201644,S2-201709,S3-301319,S3-302025,S2-201553,S2-202414,S2-202345,S2-202207,S2-202564,S3-302393,S3-302174,S3-302243,S2-202447,S2-202350,S2-201532
S1-102384	S2-202086,S3-301922,S3-301920,S2-201689,S2-201764,S2-201998,S2-202164,S2-202216,S2-201501,S2-201762,S2-201987,S2-202007,S2-201973,S3-301624,S3-301826,S3-301846,S3-301379,S3-301738,S3-301836,S3-301304,S3-302044,S3-301551,S3-301813,S2-201888,S3-301986,S2-202370,S2-202484,S2-202546,S2-202432,S3-302199,S3-302313,S3-302375,S3-302261,S2-201575,S2-201523
S1-102385	S2-202087,S2-201825,S2-202271,S2-201609,S2-201632,S2-202037,S2-201981,S3-301819,S3-302099,S3-301471,S3-301873,S3-301492,S3-301429,S2-202368,S2-202408,S2-202510,S3-302339,S3-302237,S3-302197
S1-102386	S3-301923,S3-301394,S2-202043,S2-201984,S2-201518,S2-201589,S2-202316,S2-201491,S2-201714,S2-201671,S3-301456,S3-302126,S3-302143,S3-301533,S3-301579,S2-202300,S2-201828,S3-301823,S3-301368,S3-301596,S3-301879,S2-202550,S2-202426,S2-202452,S3-302379,S3-302255,S3-302281
S1-102387	S2-202088,S2-201926,S2-201857,S3-301499,S3-301772,S2-201878,S3-301924,S2-202125,S2-201871,S2-201594,S2-202284,S2-201896,S2-201625,S2-201613,S2-202305,S2-201919,S2-201936,S2-202224,S2-201458,S2-201864,S3-301729,S3-301717,S3-301325,S3-301460,S3-301485,S3-302077,S3-301782,S3-301950,S3-301340,S3-301473,S3-302054,S3-301406,S3-301942,S3-301722,S3-301418
S1-102388	S2-202089,S2-201853,S2-201507,S2-201642,S2-201606,S2-201855,S2-202172,S2-201588,S2-201675,S2-201866,S2-201993,S2-202297,S2-202186,S2-201766,S3-301508,S3-301705,S3-301831,S3-302114,S3-301566,S3-301384,S3-301537,S3-301735,S3-302010,S3-301718,S3-301612,S2-202287,S2-201885,S2-201753,S2-201454,S3-302123,S3-301694,S2-202520,S2-202489,S2-202449,S2-202459
S1-102389	S2-202003,S2-202328,S2-202053,S2-202251,S2-202311,S2-202009,S2-202331,S2-201800,S2-202307,S2-202296,S2-201959,S3-302033,S3-302158,S3-301606,S3-302080,S3-302131,S3-301383,S3-301658,S3-301848,S3-302155,S3-301801,S3-302138,S3-301888,S3-302122,S2-201745,S2-202576,S2-202453,S2-202570,S2-202336,S2-202555,S2-202446,S2-202571,S2-202384,S2-202402,S3-302165
S1-102390	S2-202090,S3-301925,S2-201474,S2-201771,S3-301631,S3-301352,S2-201986,S2-201554,S2-201916,S2-201867,S2-202138,S2-201865,S2-201990,S2-202204,S2-201475,S2-202191,S2-201447,S3-301825,S3-302156,S3-301720,S3-301640,S3-301329,S3-302014,S3-301422,S3-301353,S3-301380,S3-302030,S3-301962,S2-202217,S2-201527,S2-201684,S3-301586,S3-301546
S1-102391	S3-302148,S2-202183,S2-201479,S2-202041,S2-201788,S2-201557,S2-202289,S2-201773,S2-201645,S2-201917,S2-201622,S3-301425,S3-301591,S3-301650,S3-301493,S3-301992,S3-302005,S3-301618,S3-301513,S3-301356,S3-301633
S1-102392	S3-301480,S2-201621,S2-202188,S2-202263,S2-201498,S2-201695,S2-201658,S2-201795,S2-202040,S2-201738,S2-201937,S2-201884,S2-201666,S2-201971,S2-202032,S3-302091,S3-302081,S3-301375,S3-301531,S3-301876,S3-301885,S3-301557,S3-301734,S3-301525,S3-301361,S3-301783,S3-301654,S3-301812,S3-301334,S3-302119,S3-302011,S2-202292,S2-202497,S3-302326,S3-301573
S1-102393	S2-202092,S3-301926,S2-201529,S2-202105,S2-201962,S2-201505,S2-201640,S2-201639,S2-201624,S3-302069,S3-301934,S3-301484,S3-301382,S3-302042,S3-301505,S2-201423,S2-202542,S2-201724,S2-202047,S2-202321,S2-201947,S2-201756,S2-202437,S3-301719,S3-301616,S3-301778,S3-302371,S3-302103,S3-302266,S3-302147,S3-301900,S3-301569,S3-301310,S2-202237,S3-301637
S1-102394	S2-202093,S3-301927,S2-202027,S3-301861,S3-301572,S3-301866,S2-202022,S2-201706,S2-201484,S2-202013,S2-201585,S2-202049,S2-201834,S2-201817,S2-202273,S2-201991,S2-201793,S2-201512,S2-202244,S2-201694,S3-301884,S3-301388,S3-302075,S3-301765,S3-301829,S3-301520,S3-301652,S3-301453,S3-302093,S3-301556,S3-302101,S3-301851,S2-202485,S3-301685,S3-302314
S1-102395	S2-202094,S2-201485,S2-201629,S3-301490,S3-301362,S2-201515,S2-202069,S2-201612,S2-201966,S2-201844,S2-202081,S2-201779,S2-201721,S2-201749,S2-201739,S2-201886,S2-201701,S3-301692,S3-301736,S3-301639,S3-301472,S3-301610,S3-301808,S3-301392,S3-301584,S3-301696,S3-301529,S3-301564,S3-301622,S3-301919,S3-301555,S3-301468,S2-202579,S2-202474,S2-202356
S1-102396	S2-202095,S3-301928,S3-301553,S2-201692,S2-202213,S2-202201,S2-201628,S2-201688,S2-202173,S2-201875,S2-202233,S2-201841,S2-201646,S2-201459,S2-201438,S2-202001,S2-202179,S2-201719,S2-201464,S2-201418,S2-202309,S2-201582,S2-201700,S2-201439,S2-201634,S2-201657,S3-301318,S3-301693,S3-302016,S3-301802,S3-302133,S3-302063,S3-302000,S3-301821,S3-301341
S1-102397	S2-202096,S2-201422,S3-301890,S2-202056,S2-201792,S2-202277,S2-201511,S2-201892,S2-202113,S2-202208,S2-202272,S2-202258,S2-202275,S2-201703,S2-201763,S2-201611,S2-202075,S3-302104,S3-302100,S3-301651,S3-301311,S3-301567,S3-301913,S3-302086,S3-302106,S3-301981,S3-301941,S3-301387,S3-302036,S2-202253,S2-202549,S2-202562,S2-202417,S2-202561,S2-202403
S1-102398	S2-202097,S3-301929,S2-202322,S2-202030,S2-201557,S2-202091,S2-201907,S2-201791,S2-202082,S3-301425,S3-301660,S3-301650,S3-301768,S2-202367,S2-202500,S2-202578,S3-302196,S3-302329,S3-302407,S3-301753
S1-102399	S2-202098,S3-301930,S2-202019,S2-201563,S3-302020,S3-301858,S2-201964,S2-201757,S2-201542,S2-201955,S2-201680,S2-202195,S2-202265,S2-201500,S2-201663,S2-201506,S3-301668,S3-301378,S3-301530,S3-301576,S3-302018,S3-302035,S3-301585,S3-301805,S3-302029,S3-301410,S3-302094,S3-302013,S3-301532,S3-301432,S3-301641,S2-202359,S2-202545,S2-202521,S2-202441
S1-102400	S3-301931,S2-202099,S2-202198,S2-202162,S2-201863,S2-201794,S3-301908,S3-301716,S3-302136,S3-301627,S3-301412,S3-301984,S3-301427,S3-302023,S3-301653,S2-201545,S2-201767,S2-202491,S3-302320
S1-102401	S2-202100,S3-301932,S2-202220,S2-201669,S2-201598,S2-202178,S2-202155,S2-202255,S2-202051,S3-301886,S3-302084,S3-301999,S3-302048,S2-202573,S2-202553,S3-302382,S3-302402,S2-201423,S2-202017,S2-202542,S2-201899,S2-201845,S2-201879,S2-201724,S2-202047,S2-202321,S2-201704,S2-202050,S2-201947,S2-202221,S2-201756,S2-201521,S2-201897,S2-201421,S2-201868
S1-102402	S2-202101,S2-201785,S3-301647,S2-201482,S2-202148,S2-202196,S2-202006,S2-201802,S3-302053,S3-301659,S3-301358,S3-301970,S3-302019,S2-202158,S3-301979,S2-202430,S3-302259
S1-102403	S2-202102,S3-301933,S2-201874,S2-201417,S2-201735,S3-301725,S3-301597,S2-202156,S2-201953,S2-201873,S2-201997,S2-202064,S2-202262,S2-202109,S2-201535,S3-301797,S3-301835,S3-302024,S3-302090,S3-301938,S2-202378,S2-202394,S2-202352,S2-202443,S2-202371,S3-302200,S3-302181,S3-302207,S3-302272,S3-302223,S2-202199
S1-102404	S2-202103,S2-201934,S3-301780,S3-301676,S2-201592,S2-201755,S2-201741,S2-201702,S2-201548,S2-202031,S2-201861,S2-201948,S2-202035,S2-202060,S2-201821,S3-301791,S3-301872,S3-301714,S3-301895,S3-301904,S3-301615,S3-302127,S2-202544,S2-202529,S2-202535,S2-202469,S2-202486,S3-302373,S3-302358,S3-302315,S3-302364,S3-301869,S3-302298
S1-102405	S2-202104,S2-201445,S2-201922,S3-301458,S3-301767,S3-301326,S2-202306,S2-202143,S2-201580,S2-202314,S2-202111,S2-201789,S2-201416,S2-202070,S2-201540,S2-202163,S2-201898,S2-202332,S2-201975,S2-202218,S2-201407,S2-201441,S2-202054,S2-201933,S3-301297,S3-301815,S3-301779,S3-301907,S3-301957,S3-302141,S3-301940,S3-301306,S3-301447,S3-301985,S2-202385
S1-102406	S2-202105,S3-301934,S2-201505,S3-301382,S2-201529,S2-201962,S2-201640,S2-202092,S2-201639,S2-201624,S3-302069,S3-301484,S3-302042,S3-301926,S3-301505,S2-201423,S2-202542,S2-201724,S2-202047,S2-202321,S2-201947,S2-201756,S2-202437,S3-301719,S3-301616,S3-301778,S3-302371,S3-302103,S3-302266,S3-302147,S3-301900,S3-301569,S3-301310,S2-202237,S3-301637
S1-102407	S3-301935,S2-202106,S2-201862,S3-301715,S2-201747,S2-201404,S2-201546,S2-201647,S2-201427,S2-202046,S2-201900,S2-201924,S2-202320,S3-301769,S3-301608,S3-301512,S3-301455,S3-301292,S3-301841,S3-301415,S3-301313,S3-302146,S3-301747,S3-301881
S1-102408	S3-301936,S2-201508,S2-202107,S2-201664,S2-201435,S2-201552,S2-201838,S2-202123,S2-201659,S2-201970,S2-201530,S2-201930,S2-202197,S2-201835,S2-201846,S2-201466,S2-201607,S3-301469,S3-301348,S3-301948,S3-301875,S3-301811,S3-301697,S3-301565,S3-301910,S3-301526,S3-301775,S3-301317,S3-302022,S3-301690,S2-202072,S2-202376,S2-202513,S2-202512,S2-202039
S1-102409	S2-202108,S2-201760,S3-301937,S3-301619,S2-201432,S2-201858,S2-201408,S2-201782,S2-202084,S2-201677,S2-201467,S2-201516,S2-201649,S2-202059,S2-201943,S2-202161,S2-201910,S3-301921,S3-301894,S3-301787,S3-301315,S3-301756,S3-302135,S3-301643,S3-301711,S2-202343,S2-202364,S2-202428,S2-202396,S2-202433,S3-302193,S3-302262,S3-302257,S3-302225,S3-302172
S1-102410	S2-202109,S3-301938,S2-202156,S2-201953,S2-201873,S2-201997,S2-201874,S2-202064,S2-202102,S2-202262,S2-201417,S2-201735,S2-201535,S3-301725,S3-301797,S3-301835,S3-301597,S3-302024,S3-302090,S3-301933,S2-202378,S2-202394,S2-202352,S2-202443,S2-202371,S3-302200,S3-302181,S3-302207,S3-302272,S3-302223,S2-202199
S1-102411	S3-301939,S2-202110,S2-201517,S2-201780,S3-301393,S2-201718,S2-201434,S2-202141,S2-202245,S2-201812,S2-202250,S2-201679,S2-202063,S2-202282,S2-201492,S2-201823,S2-202166,S2-202055,S2-202318,S2-201450,S2-201630,S2-201468,S2-201893,S2-201806,S3-301988,S3-301663,S3-302110,S3-301889,S3-301491,S3-301741,S3-301349,S3-301583,S3-301541,S3-301667,S3-301316
S1-102412	S2-202111,S3-301940,S2-202332,S2-202306,S2-202143,S2-201580,S2-202314,S2-201789,S2-201416,S2-202070,S2-201540,S2-202104,S2-202163,S2-201898,S2-201445,S2-201975,S2-202218,S2-201407,S2-201922,S2-201441,S2-202054,S2-201933,S3-301326,S3-301297,S3-301815,S3-301779,S3-301907,S3-301957,S3-302141,S3-301306,S3-301458,S3-301447,S3-301985,S3-301767,S2-202385
S1-102413	S2-202112,S2-201670,S2-202057,S2-202036,S3-301299,S3-301818,S2-202230,S2-201980,S2-201409,S2-202270,S2-201478,S3-302113,S3-302065,S3-302059,S3-301494,S3-301892,S3-301355,S2-202285,S2-202236,S2-202144,S2-202401,S3-302230
S1-102414	S2-202113,S3-301941,S2-202258,S2-202075,S3-301913,S3-302086,S2-201792,S2-202277,S2-201511,S2-202096,S2-201892,S2-202208,S2-202272,S2-202275,S2-201703,S2-201763,S2-201611,S2-202056,S2-201422,S3-302104,S3-302100,S3-301651,S3-301311,S3-301890,S3-301567,S3-302106,S3-301981,S3-301387,S3-302036,S2-202253,S2-202549,S2-202562,S2-202417,S2-202561,S2-202403
S1-102415	S3-301942,S2-202125,S2-201613,S3-301950,S2-201864,S3-301717,S3-301325,S3-301473,S2-201871,S2-201926,S2-201594,S2-202088,S2-202284,S2-201896,S2-201625,S2-201857,S2-202305,S2-201919,S2-201936,S2-202224,S2-201458,S2-201878,S3-301499,S3-301460,S3-301485,S3-302077,S3-301782,S3-301340,S3-302054,S3-301772,S3-301406,S3-301722,S3-301418,S2-202461,S2-202514
S1-102416	S2-202114,S2-202274,S3-301949,S3-301882,S2-202124,S3-302102,S3-301943,S2-202327,S2-202146,S2-202116,S2-202120,S3-301968,S3-301298,S3-301944,S3-301360,S3-302154,S3-301581,S3-301877,S2-202543,S2-202351,S3-302180,S3-302372,S2-201716,S2-202190,S2-201808,S2-201822,S2-202348,S2-202347,S2-201734,S2-201665,S2-202483,S2-201951,S2-202293,S2-202248,S2-202407
S1-102417	S2-201412,S2-201662,S3-301303,S3-301742,S2-201956,S2-201471,S2-201433,S2-202145,S2-201616,S2-201490,S2-201842,S2-202061,S2-201626,S3-301700,S3-301799,S3-302032,S3-301967,S3-301896,S3-301367,S3-301486,S3-301476,S2-202531,S2-202532,S3-302360,S3-302361
S1-102418	S2-202209,S3-302037,S3-301814,S2-202115,S2-201974,S2-201810,S2-201551,S2-201494,S2-201961,S2-201920,S2-201929,S2-202048,S2-202066,S2-201636,S2-201921,S2-201935,S2-201743,S2-201419,S2-201549,S2-201923,S2-202238,S2-202033,S2-202211,S2-201503,S3-301766,S3-301901,S3-301774,S3-301307,S3-301417,S3-301419,S3-302072,S3-301501,S3-301371,S3-301803,S3-301420
S1-102419	S3-301944,S2-202116,S2-202327,S2-202274,S2-202146,S2-202120,S2-202114,S3-301968,S3-302102,S3-301298,S3-301949,S3-301360,S3-302154,S3-301581,S3-301882,S2-202124,S3-301943,S2-202543,S2-202351,S3-302180,S3-302372,S2-201716,S3-301877,S2-202190,S2-201822,S2-201734,S2-202252,S3-301595,S2-201808,S2-202348,S2-202347,S2-201665,S2-202483,S2-201951,S2-202293
S1-102420	S2-202117,S2-201894,S3-301671,S2-201815,S3-301444,S2-202304,S2-201578,S2-201903,S2-201905,S2-202133,S2-201698,S2-201473,S2-202294,S2-201681,S2-202308,S2-201541,S2-201453,S2-201945,S2-202139,S2-201455,S2-201650,S2-201413,S3-301956,S3-301751,S3-301336,S3-301749,S3-302132,S3-302052,S3-301543,S3-301964,S3-301592,S3-301561,S3-301409,S3-301335,S3-301789
S1-102421	S3-301945,S2-202118,S2-201599,S3-301400,S3-301464,S2-201526,S2-201736,S2-202234,S2-201813,S2-201887,S2-201797,S3-301515,S3-301365,S3-302068,S3-301669,S3-301621,S3-301762,S3-301598,S3-301737,S2-202456,S2-202526,S2-202494,S3-302323,S3-302355,S3-302285,S2-201798
S1-102422	S3-301946,S2-201961,S2-201503,S3-301803,S3-301419,S2-201551,S2-201810,S2-201494,S2-201920,S2-201929,S2-202048,S2-202066,S2-201636,S2-201921,S2-201935,S2-202115,S2-201974,S2-201743,S2-201419,S2-202209,S2-201549,S2-201923,S2-202238,S2-202033,S2-202211,S3-301766,S3-302037,S3-301901,S3-301774,S3-301307,S3-301417,S3-301814,S3-302072,S3-301501,S3-301371
S1-102423	S2-201423,S2-202047,S2-202321,S2-201947,S2-201756,S2-202119,S3-301616,S3-301778,S3-302103,S3-302147,S3-301569,S3-301310,S2-202542,S2-201704,S2-202437,S3-302371,S3-302266,S2-201529,S2-201724,S2-202105,S2-201962,S2-201505,S2-201640,S2-202092,S2-201639,S2-201624,S3-302069,S3-301934,S3-301719,S3-301484,S3-301382,S3-302042,S3-301926,S3-301900,S3-301505
S1-102424	S2-202327,S2-202274,S2-202146,S2-202116,S2-202120,S2-202114,S3-301968,S3-302102,S3-301298,S3-301944,S3-301949,S3-301360,S3-302154,S3-301581,S3-301882,S2-202124,S3-301943,S2-202543,S2-202351,S3-302180,S3-302372,S2-201716,S3-301877,S2-202248,S2-202190,S2-201808,S2-201822,S2-202348,S2-202347,S2-201734,S2-201665,S2-202483,S2-201951,S2-202293,S2-202407
S1-102425	S2-201742,S2-202024,S2-201728,S2-202171,S2-202342,S2-201777,S2-202557,S2-201807,S2-201824,S2-201859,S2-201400,S2-202279,S2-201584,S2-202504,S2-202008,S3-301679,S3-301664,S3-302108,S3-301994,S3-301589,S3-302386,S3-301847,S3-302333,S3-302171,S3-301712,S3-301604,S3-301794,S3-301636,S3-301863,S3-301452
S1-102426	S2-201969,S3-302151,S3-301810,S2-202121,S2-201799,S3-301657,S2-201533,S2-202012,S2-202010,S2-201746,S2-202222,S2-202298,S2-201603,S2-202023,S2-201559,S2-202184,S2-201457,S2-202131,S3-301849,S3-301426,S3-301607,S3-301906,S3-301470,S3-302027,S3-301338,S3-302051,S3-301405,S3-301495,S3-302021,S3-302007,S3-302124,S3-301599,S2-201737,S3-301850,S3-301862
S1-102427	S2-202122,S3-301911,S3-301558,S2-202073,S2-201696,S3-301947,S2-201776,S2-201569,S2-202169,S2-201539,S2-201931,S2-201805,S2-201420,S2-201605,S2-202228,S2-202147,S2-201870,S2-201525,S2-201911,S2-202325,S2-201912,S2-201705,S2-202319,S3-302057,S3-301662,S3-301991,S3-302145,S3-301466,S3-302152,S3-301776,S3-301439,S3-301969,S3-301635,S3-301571,S3-301675
S1-102428	S2-202123,S3-301948,S3-301910,S2-202072,S2-201664,S2-201435,S2-201552,S2-201838,S2-201659,S2-201970,S2-201530,S2-201508,S2-201930,S2-202107,S2-202197,S2-201835,S2-201846,S2-201466,S2-201607,S3-301469,S3-301348,S3-301875,S3-301811,S3-301697,S3-301565,S3-301526,S3-301775,S3-301317,S3-302022,S3-301690,S3-301936,S2-202376,S2-202513,S2-202512,S2-202039
S1-102429	S3-301949,S2-202274,S2-202114,S3-301882,S2-202124,S3-302102,S2-202327,S2-202146,S2-202116,S2-202120,S3-301968,S3-301298,S3-301943,S3-301944,S3-301360,S3-302154,S3-301581,S3-301877,S2-202543,S2-202351,S3-302180,S3-302372,S2-201716,S2-202190,S2-201808,S2-201822,S2-202348,S2-202347,S2-201734,S2-201665,S2-202483,S2-201951,S2-202293,S2-202248,S2-202407
S1-102430	S2-202125,S3-301950,S2-201613,S2-201864,S3-301717,S3-301325,S3-301473,S3-301942,S2-201871,S2-201926,S2-201594,S2-202088,S2-202284,S2-201896,S2-201625,S2-201857,S2-202305,S2-201919,S2-201936,S2-202224,S2-201458,S2-201878,S3-301499,S3-301460,S3-301485,S3-302077,S3-301782,S3-301340,S3-302054,S3-301772,S3-301406,S3-301722,S3-301418,S2-202461,S2-202514
S1-102431	S2-202126,S3-301951,S2-201915,S2-202174,S3-301760,S3-301995,S2-201452,S2-202286,S2-201882,S2-202028,S2-202149,S2-201436,S2-201787,S2-201960,S2-201660,S2-202264,S2-202313,S2-202268,S2-201803,S3-301661,S3-302088,S3-301435,S3-302092,S3-301971,S3-301648,S3-301333,S3-301732,S3-301527,S3-302140,S3-302098,S3-301867,S2-202556,S2-202374,S3-302385,S3-302203
S1-102432	S2-202127,S3-301952,S2-202283,S2-202231,S3-302111,S3-302060,S2-201532,S2-202153,S2-202025,S2-201819,S2-201496,S2-201775,S2-202142,S2-201682,S2-201456,S2-202065,S2-202210,S2-201426,S3-301404,S3-302038,S3-301674,S3-302125,S3-301646,S3-301918,S3-301337,S3-301748,S3-301897,S3-301864,S3-301544,S3-301312,S3-302008,S3-301373,S2-202080,S2-201902,S3-301976
S1-102433	S2-202128,S2-201405,S2-201655,S2-201725,S3-301521,S3-302045,S3-302049,S3-301401,S3-301295,S2-202399,S2-202217,S2-201527,S2-201684,S3-302228,S3-301586,S3-301546,S3-301832
S1-102434	S2-202129,S3-301953,S2-201830,S2-202180,S2-201623,S2-202185,S2-202016,S2-202276,S2-201522,S2-201881,S2-201524,S2-202256,S2-201988,S2-201544,S2-201687,S2-201994,S2-202029,S3-301482,S3-302001,S3-301403,S3-301399,S3-301827,S3-301683,S3-302009,S3-301868,S3-301549,S3-301397,S2-201531,S2-202341,S2-202551,S2-202458,S2-202565,S2-202511,S2-202397,S2-202381
S1-102435	S2-202130,S3-301954,S2-202020,S2-201939,S2-201963,S2-202229,S2-202260,S2-201620,S2-201707,S2-202015,S2-201699,S2-201891,S2-201451,S2-201982,S2-201751,S3-301740,S3-301574,S3-301820,S3-301656,S3-301859,S3-302089,S3-301562,S3-301332,S3-301853,S3-301804,S3-301785,S3-301857,S3-302058,S3-301461,S3-301580,S2-202537,S2-202563,S2-202498,S2-202507,S2-202418
S1-102436	S2-202131,S2-201533,S2-202222,S3-302007,S2-202184,S3-302051,S3-301405,S2-201969,S2-202012,S2-202010,S2-201746,S2-202121,S2-201799,S2-202298,S2-201603,S2-202023,S2-201559,S2-201457,S3-301849,S3-301426,S3-301607,S3-302151,S3-301906,S3-301470,S3-301810,S3-302027,S3-301338,S3-301495,S3-301657,S3-302021,S3-302124,S3-301599,S2-201737,S3-301850,S3-301862
S1-102437	S3-301955,S2-202132,S2-202159,S2-201836,S3-301980,S3-301350,S3-301688,S2-201469,S2-201477,S2-201772,S2-202140,S2-201520,S2-202240,S2-201617,S2-201818,S2-201827,S2-201431,S2-202259,S2-202330,S2-201430,S2-201814,S2-201952,S2-201610,S2-202181,S3-301354,S3-301731,S3-301670,S3-301902,S3-301522,S3-301855,S3-301681,S3-302003,S3-301673,S3-302157,S3-301796
S1-102438	S2-202133,S3-301956,S2-202294,S3-302052,S2-202304,S2-201903,S2-201905,S2-201698,S2-201815,S2-201473,S2-201894,S2-201681,S2-202308,S2-202117,S2-201541,S2-201453,S2-201945,S2-202139,S2-201455,S2-201650,S2-201413,S3-302121,S3-301751,S3-301336,S3-301749,S3-302132,S3-301543,S3-301964,S3-301592,S3-301561,S3-301409,S3-301335,S3-301444,S3-301789,S3-301514
S1-102439	S3-301957,S2-202163,S2-202218,S2-201407,S2-201933,S3-301297,S2-201540,S2-201441,S3-301779,S3-301985,S2-202306,S2-202143,S2-201580,S2-202314,S2-202111,S2-201789,S2-201416,S2-202070,S2-202104,S2-201898,S2-201445,S2-202332,S2-201975,S2-201922,S2-202054,S3-301326,S3-301815,S3-301907,S3-302141,S3-301940,S3-301306,S3-301458,S3-301447,S3-301767,S2-202385
S1-102440	S3-301958,S2-202135,S2-202312,S3-302139,S2-201643,S2-201904,S2-201950,S2-201850,S2-202042,S2-201768,S2-201576,S2-201678,S3-301540,S3-301993,S3-301793,S3-301702,S3-301628,S3-301442,S3-301750,S3-301509,S3-302002,S3-301761,S2-202269,S2-201571,S2-201570,S2-201765,S2-201493,S2-201590,S2-202480,S2-202567,S2-201761,S3-301294,S3-301369,S3-301626,S3-302309
S1-102441	S2-202136,S3-301959,S2-202076,S2-201983,S2-202165,S2-201837,S2-202011,S2-201717,S2-201723,S2-201550,S2-202267,S2-201750,S2-202266,S2-202235,S2-201999,S2-202242,S2-201654,S2-201729,S3-301542,S3-301582,S3-301844,S3-302073,S3-301837,S3-301689,S3-301519,S3-301346,S3-301293,S3-301547,S3-302095,S3-301602,S3-301726,S3-301987,S3-302149,S3-302096,S3-301377
S1-102442	S2-201794,S3-301908,S3-301627,S3-301653,S2-202099,S2-202198,S2-202162,S2-201863,S3-301716,S3-302136,S3-301412,S3-301984,S3-301427,S3-302023,S3-301931,S2-201767,S2-201545,S2-202491,S3-302320
S1-102443	S2-201550,S3-301837,S3-301346,S2-201999,S2-202165,S2-202076,S2-201837,S2-202011,S2-201717,S2-201723,S2-202267,S2-201750,S2-202266,S2-202235,S2-201983,S2-202242,S2-201654,S2-202136,S2-201729,S3-301542,S3-301582,S3-301844,S3-302073,S3-301689,S3-301519,S3-301293,S3-301547,S3-302095,S3-301602,S3-301726,S3-301987,S3-302149,S3-302096,S3-301377,S3-301959
S1-102444	S2-202137,S3-301960,S2-201565,S2-201804,S3-301433,S2-201758,S2-202176,S2-202045,S3-301997,S3-301617,S3-301880,S2-201555,S2-201449,S2-202160,S2-202203,S2-202324,S2-201667,S2-201579,S2-201839,S2-202249,S2-201443,S3-301691,S3-301370,S3-301423,S3-301446,S3-301411,S3-301331,S3-301982,S2-201543,S3-301322,S2-202431,S2-202501,S3-302260,S3-302330
S1-102445	S2-202220,S3-302048,S2-201669,S2-201598,S2-202100,S2-202178,S2-202155,S2-202255,S2-202051,S3-301886,S3-301932,S3-302084,S3-301999,S2-202573,S2-202553,S3-302382,S3-302402,S2-201423,S2-202017,S2-202542,S2-201899,S2-201845,S2-201879,S2-201724,S2-202047,S2-202321,S2-201704,S2-202050,S2-201947,S2-202221,S2-201756,S2-201521,S2-201897,S2-201421,S2-201868
S1-102446	S2-202138,S3-301962,S2-201475,S2-202191,S3-302014,S3-301422,S3-301353,S2-201554,S2-201986,S2-201916,S2-201867,S2-201865,S2-201990,S2-202204,S2-202090,S2-201474,S2-201447,S2-201771,S3-301825,S3-302156,S3-301720,S3-301640,S3-301329,S3-301925,S3-301631,S3-301352,S3-301380,S3-302030,S2-202217,S2-201527,S2-201684,S3-301586,S3-301546
S1-102447	S3-301963,S2-201925,S3-301771,S2-201996,S3-301833,S2-201537,S2-201941,S2-201829,S2-201488,S2-201942,S2-202326,S2-201816,S2-202044,S2-201968,S2-201909,S2-202317,S2-202077,S2-201690,S2-201711,S3-301577,S3-301407,S3-301672,S3-301809,S3-302153,S3-301682,S3-301408,S3-301755,S3-301786,S3-301552,S3-301431,S3-301914,S3-302006,S3-301364,S2-202429,S3-302258
S1-102448	S2-202139,S3-301964,S3-301335,S2-201453,S2-201413,S2-202304,S2-201903,S2-201905,S2-202133,S2-201698,S2-201815,S2-201473,S2-202294,S2-201894,S2-201681,S2-202308,S2-202117,S2-201541,S2-201945,S2-201455,S2-201650,S3-301956,S3-301751,S3-301336,S3-301749,S3-302132,S3-302052,S3-301543,S3-301592,S3-301561,S3-301409,S3-301444,S3-301789,S3-301514,S3-301451
S1-102449	S2-202140,S3-301965,S2-201617,S2-202259,S3-301477,S3-301759,S2-201477,S2-202132,S2-201772,S2-201520,S2-202159,S2-201469,S2-202240,S2-201818,S2-201827,S2-201431,S2-201836,S2-202330,S2-201430,S2-201814,S2-201952,S2-201610,S2-202181,S3-301354,S3-301980,S3-301731,S3-301670,S3-301902,S3-301522,S3-301855,S3-301681,S3-302003,S3-301673,S3-301955,S3-302157
S1-102450	S3-301966,S2-202141,S3-302110,S2-202063,S2-202282,S2-201718,S2-201434,S2-202245,S2-201812,S2-202250,S2-201679,S2-201492,S2-201823,S2-202166,S2-202055,S2-202318,S2-201450,S2-201630,S2-202110,S2-201517,S2-201468,S2-201893,S2-201806,S2-201780,S3-301988,S3-301663,S3-301889,S3-301491,S3-301741,S3-301349,S3-301583,S3-301939,S3-301541,S3-301667,S3-301316
S1-102451	S2-202142,S2-202210,S3-302038,S2-201532,S2-202153,S2-202127,S2-202025,S2-201819,S2-201496,S2-202283,S2-201775,S2-202231,S2-201682,S2-201456,S2-202065,S2-201426,S3-301404,S3-301674,S3-302125,S3-301646,S3-301918,S3-301337,S3-302060,S3-301748,S3-301897,S3-301864,S3-301544,S3-301312,S3-302008,S3-301952,S3-302111,S3-301373,S2-202080,S2-201902,S3-301976
S1-102452	S2-202143,S3-301907,S2-201898,S2-202070,S2-202306,S2-201580,S2-202314,S2-202111,S2-201789,S2-201416,S2-201540,S2-202104,S2-202163,S2-201445,S2-202332,S2-201975,S2-202218,S2-201407,S2-201922,S2-201441,S2-202054,S2-201933,S3-301326,S3-301297,S3-301815,S3-301779,S3-301957,S3-302141,S3-301940,S3-301306,S3-301458,S3-301447,S3-301985,S3-301767,S2-202385
S1-102453	S2-201769,S2-201627,S3-301487,S3-301629,S2-201414,S2-202200,S2-201693,S2-202004,S2-201583,S3-301843,S3-301554,S3-302070,S2-202575,S3-302404,S2-202329,S2-201949,S2-202315,S2-202071,S2-202246,S2-202206,S2-201989,S2-201683,S2-201872,S2-202083,S3-301909,S3-301792,S3-301828,S3-301854,S3-301545,S3-301723,S3-302034,S3-302142
S1-102454	S2-202057,S2-202036,S3-301299,S3-301818,S2-202230,S2-201980,S2-201409,S2-202270,S2-202112,S2-201670,S2-201478,S3-302113,S3-302065,S3-302059,S3-301494,S3-301892,S3-301355,S2-202144,S2-202285,S2-202236,S2-202401,S3-302230
S1-102455	S3-301967,S2-202145,S2-201956,S2-201471,S2-201412,S2-201433,S2-201662,S2-201616,S2-201490,S2-201842,S2-202061,S2-201626,S3-301700,S3-301799,S3-302032,S3-301896,S3-301367,S3-301742,S3-301486,S3-301303,S3-301476,S2-202531,S2-202532,S3-302360,S3-302361
S1-102456	S2-202146,S3-301968,S3-301360,S2-202327,S2-202274,S2-202116,S2-202120,S2-202114,S3-302102,S3-301298,S3-301944,S3-301949,S3-302154,S3-301581,S3-301882,S2-202124,S3-301943,S2-202543,S2-202351,S3-302180,S3-302372,S2-201716,S3-301877,S2-202190,S2-201808,S2-201822,S2-202348,S2-202347,S2-201734,S2-201665,S2-202483,S2-201951,S2-202293,S2-202248,S2-202407
S1-102457	S3-301969,S2-202147,S2-201776,S2-201569,S2-202169,S2-201539,S2-201931,S2-201805,S2-201420,S2-201605,S2-202073,S2-202122,S2-202228,S2-201870,S2-201696,S2-201525,S2-201911,S2-202325,S2-201912,S2-201705,S2-202319,S3-301911,S3-302057,S3-301662,S3-301558,S3-301991,S3-302145,S3-301466,S3-302152,S3-301776,S3-301439,S3-301635,S3-301571,S3-301947,S3-301675
S1-102458	S3-301970,S2-202148,S2-201482,S2-201785,S2-202196,S2-202101,S2-202006,S2-201802,S3-302053,S3-301647,S3-301659,S3-301358,S3-302019,S2-202158,S3-301979,S2-202430,S3-302259
S1-102459	S2-202030,S2-201557,S2-202097,S2-202091,S2-201907,S2-202322,S2-201791,S2-202082,S3-301425,S3-301929,S3-301660,S3-301650,S3-301768,S2-202367,S2-202500,S2-202578,S3-302196,S3-302329,S3-302407,S3-301753
S1-102460	S2-202149,S3-301971,S2-202268,S3-301648,S2-201787,S2-201452,S2-201915,S2-202286,S2-201882,S2-202028,S2-201436,S2-201960,S2-201660,S2-202174,S2-202264,S2-202313,S2-202126,S2-201803,S3-301661,S3-301760,S3-302088,S3-301435,S3-302092,S3-301333,S3-301732,S3-301527,S3-301995,S3-302140,S3-301951,S3-302098,S3-301867,S2-202556,S2-202374,S3-302385,S3-302203
S1-102461	S3-301972,S3-301414,S3-301840,S2-201843,S2-201946,S2-201444,S2-202182,S2-201940,S2-202002,S2-201437,S2-201615,S3-301695,S3-301357,S3-301475,S3-301790,S3-301503,S3-301770,S3-301528,S3-302004,S3-301324,S3-302047,S2-201661,S2-202382,S2-202383,S2-201480,S2-202421,S2-202451,S2-202448,S2-202519,S2-202499,S2-202540,S2-202450,S2-202566,S2-202357,S3-302369
S1-102462	S3-301973,S2-201575,S2-201523,S2-201978,S2-201424,S2-202301,S2-201880,S3-301398,S3-302079,S3-301899,S3-301905,S3-301730,S3-302128,S3-301816,S2-202436,S2-202400,S2-202558,S2-202552,S3-302387,S3-302229,S3-302381,S3-302265,S2-201689,S2-201764,S2-201998,S2-202164,S2-202216,S2-201501,S2-202086,S2-201762,S2-201987,S2-202007,S2-201973,S3-301624,S3-301826
S1-102463	S2-202150,S3-301974,S2-201752,S3-301366,S3-301611,S2-201470,S2-201653,S2-201461,S2-201979,S2-201848,S2-201697,S2-201596,S2-202192,S2-201992,S2-202079,S3-301518,S3-301343,S3-301728,S3-301559,S3-301916,S3-301817,S3-301830,S3-302015,S3-301699,S3-301550,S2-201876,S2-202390,S2-202363,S2-202527,S2-202547,S2-202416,S2-202581,S2-202495,S2-202349,S3-302192
S1-102464	S3-301975,S2-202151,S3-302043,S2-201730,S2-201591,S2-201720,S2-201513,S2-201656,S2-201727,S2-201486,S2-202215,S2-201462,S2-202232,S2-201778,S2-201572,S2-201619,S2-201691,S2-201906,S3-301752,S3-302062,S3-301588,S3-301479,S3-301620,S3-301457,S3-301389,S3-302159,S3-301523,S3-301305,S3-301590,S2-201502,S2-201415,S3-301834,S3-301638,S3-301363,S2-202465
S1-102465	S2-202152,S2-201733,S3-301296,S3-301593,S3-301684,S2-201514,S2-201889,S2-202175,S2-202302,S2-202278,S2-201595,S2-201715,S2-202281,S2-201932,S2-201976,S2-201402,S2-201744,S3-301996,S3-301390,S3-302107,S3-301594,S3-301777,S3-302129,S3-301898,S3-301703,S3-301402,S3-301644,S3-302109,S3-301291,S3-301870,S3-301601,S2-201851,S2-201528,S2-202358,S2-202517
S1-102466	S2-202153,S3-301337,S3-301976,S2-201456,S2-201532,S2-202127,S2-202025,S2-201819,S2-201496,S2-202283,S2-201775,S2-202231,S2-202142,S2-201682,S2-202065,S2-202210,S2-201426,S3-301404,S3-302038,S3-301674,S3-302125,S3-301646,S3-301918,S3-302060,S3-301748,S3-301897,S3-301864,S3-301544,S3-301312,S3-302008,S3-301952,S3-302111,S3-301373,S2-202080,S2-201902
S1-102467	S3-301977,S2-202154,S2-201586,S2-202068,S2-201731,S2-201448,S2-202193,S2-202058,S2-201538,S2-201895,S2-201673,S2-201561,S3-301454,S3-301842,S3-301568,S3-301893,S3-301428,S3-301535,S3-301743,S3-301903,S2-202280,S3-301330,S2-202411,S2-202412,S2-202435,S3-302241,S3-302240,S3-302264
S1-102468	S2-202155,S2-201669,S2-201598,S2-202220,S2-202100,S2-202178,S2-202255,S2-202051,S3-301886,S3-301932,S3-302084,S3-301999,S3-302048,S2-202573,S2-202553,S3-302382,S3-302402,S2-201423,S2-202017,S2-202542,S2-201899,S2-201845,S2-201879,S2-201724,S2-202047,S2-202321,S2-201704,S2-202050,S2-201947,S2-202221,S2-201756,S2-201521,S2-201897,S2-201421,S2-201868
S1-102469	S2-202156,S2-201953,S2-201873,S3-301797,S2-201997,S2-201874,S2-202064,S2-202102,S2-202262,S2-201417,S2-202199,S2-202109,S2-201735,S2-201535,S3-301725,S3-301835,S3-301597,S3-302024,S3-302090,S3-301938,S3-301933,S2-202378,S2-202394,S2-202352,S2-202443,S2-202371,S3-302200,S3-302181,S3-302207,S3-302272,S3-302223
S1-102470	S3-301978,S2-202157,S2-201509,S2-201556,S2-201713,S2-202257,S2-201499,S2-202062,S2-202225,S2-201460,S2-201519,S2-202067,S2-201564,S3-301424,S3-302055,S3-301578,S3-301395,S3-301342,S3-301376,S3-302137,S3-301385,S3-302085,S2-202438,S3-302267
S1-102471	S2-201802,S3-301659,S3-301979,S2-202158,S2-201482,S2-202148,S2-201785,S2-202196,S2-202101,S2-202006,S3-302053,S3-301647,S3-301358,S3-301970,S3-302019,S2-202430,S3-302259
S1-102472	S2-202159,S3-301980,S2-202132,S2-201836,S3-301955,S3-301350,S3-301688,S2-201469,S2-201477,S2-201772,S2-202140,S2-201520,S2-202240,S2-201617,S2-201818,S2-201827,S2-201431,S2-202259,S2-202330,S2-201430,S2-201814,S2-201952,S2-201610,S2-202181,S3-301354,S3-301731,S3-301670,S3-301902,S3-301522,S3-301855,S3-301681,S3-302003,S3-301673,S3-302157,S3-301796
S1-102473	S2-202328,S3-302155,S2-202053,S2-202251,S2-202311,S2-202009,S2-201800,S2-202296,S2-201959,S3-302033,S3-302158,S3-302080,S3-302131,S3-301383,S3-301658,S3-301848,S3-302138,S3-301888,S2-202003,S2-202331,S2-202307,S3-301606,S3-301801,S3-302122,S2-201745,S2-202576,S2-202453,S2-202570,S2-202336,S2-202555,S2-202446,S2-202571,S2-202384,S2-202402,S3-302165
S1-102474	S2-202013,S2-202049,S3-301884,S3-302093,S3-301851,S2-201484,S2-202022,S2-201585,S2-202093,S2-201834,S2-201817,S2-202273,S2-201991,S2-202027,S2-201793,S2-201512,S2-202244,S2-201694,S2-201706,S3-301388,S3-302075,S3-301765,S3-301829,S3-301520,S3-301652,S3-301866,S3-301927,S3-301453,S3-301861,S3-301556,S3-301572,S3-302101,S2-201831,S3-301685,S2-202485
S1-102475	S3-301981,S2-201792,S2-202277,S2-201511,S2-202096,S2-201892,S2-202113,S2-202208,S2-202272,S2-202258,S2-202275,S2-201703,S2-201763,S2-201611,S2-202056,S2-201422,S2-202075,S3-302104,S3-302100,S3-301651,S3-301311,S3-301890,S3-301567,S3-301913,S3-302086,S3-302106,S3-301941,S3-301387,S3-302036,S2-202253,S2-202549,S2-202562,S2-202417,S2-202561,S2-202403
S1-102476	S2-202160,S3-301982,S3-301411,S2-201543,S2-201667,S2-202137,S2-201555,S2-201758,S2-201565,S2-202176,S2-201449,S2-202045,S2-201804,S2-202203,S2-202324,S2-201579,S2-201839,S2-202249,S2-201443,S3-301691,S3-301370,S3-301997,S3-301617,S3-301423,S3-301446,S3-301960,S3-301880,S3-301331,S3-301433,S3-301322,S2-202431,S2-202501,S3-302260,S3-302330
S1-102477	S2-202161,S2-201858,S2-201408,S2-201677,S2-202059,S2-202108,S2-201943,S2-201910,S3-301921,S3-301787,S3-301756,S3-301643,S3-301711,S3-301937,S2-202084,S2-201467,S2-201516,S2-201649,S2-201760,S3-301894,S3-301315,S3-301619,S2-201782,S3-302135,S2-201432,S2-202343,S2-202364,S2-202428,S2-202396,S2-202433,S3-302193,S3-302262,S3-302257,S3-302225,S3-302172
S1-102478	S2-202162,S2-201545,S3-301984,S2-201767,S3-301716,S3-301412,S3-302023,S3-301653,S2-202099,S2-202198,S2-201863,S2-201794,S3-301908,S3-302136,S3-301627,S3-301427,S3-301931,S2-202491,S3-302320
S1-102479	S2-202163,S3-301985,S2-202218,S2-201407,S2-201933,S3-301297,S2-201540,S2-201441,S3-301779,S3-301957,S2-202306,S2-202143,S2-201580,S2-202314,S2-202111,S2-201789,S2-201416,S2-202070,S2-202104,S2-201898,S2-201445,S2-202332,S2-201975,S2-201922,S2-202054,S3-301326,S3-301815,S3-301907,S3-302141,S3-301940,S3-301306,S3-301458,S3-301447,S3-301767,S2-202385
S1-102480	S2-202164,S3-301986,S3-301304,S2-201689,S2-201764,S2-201998,S2-202216,S2-201501,S2-202086,S2-201762,S2-201987,S2-202007,S2-201973,S3-301624,S3-301826,S3-301846,S3-301379,S3-301922,S3-301738,S3-301836,S3-302044,S3-301551,S3-301920,S3-301813,S2-201888,S2-202370,S2-202484,S2-202546,S2-202432,S3-302199,S3-302313,S3-302375,S3-302261,S2-201575,S2-201523
S1-102481	S2-202165,S3-301987,S2-202242,S2-201729,S3-302073,S2-202076,S2-201837,S2-202011,S2-201717,S2-201723,S2-201550,S2-202267,S2-201750,S2-202266,S2-202235,S2-201983,S2-201999,S2-201654,S2-202136,S3-301542,S3-301582,S3-301844,S3-301837,S3-301689,S3-301519,S3-301346,S3-301293,S3-301547,S3-302095,S3-301602,S3-301726,S3-302149,S3-302096,S3-301377,S3-301959
S1-102482	S2-202166,S3-301988,S2-201450,S2-202318,S2-201718,S2-201434,S2-202141,S2-202245,S2-201812,S2-202250,S2-201679,S2-202063,S2-202282,S2-201492,S2-201823,S2-202055,S2-201630,S2-202110,S2-201517,S2-201468,S2-201893,S2-201806,S2-201780,S3-301663,S3-302110,S3-301889,S3-301491,S3-301741,S3-301349,S3-301583,S3-301939,S3-301541,S3-301667,S3-301316,S3-301483
S1-102483	S3-301413,S3-301989,S2-202167,S2-202291,S3-302118,S2-201938,S2-201847,S2-201597,S2-201560,S2-201784,S2-202034,S2-202187,S2-202214,S2-201726,S2-201600,S2-201972,S2-201489,S2-201801,S3-301634,S3-301575,S3-301871,S3-301587,S3-301463,S3-301645,S3-301302,S3-301434,S3-301570,S3-301698,S3-301784,S3-301613,S2-202377,S2-202478,S2-202548,S3-302377,S3-302307
S1-102484	S2-201905,S3-301751,S2-202304,S2-201903,S2-202133,S2-201698,S2-201815,S2-201473,S2-202294,S2-201894,S2-201681,S2-202308,S2-202117,S2-201541,S2-201453,S2-201945,S2-202139,S2-201455,S2-201650,S2-201413,S3-301956,S3-301336,S3-301749,S3-302132,S3-302052,S3-301543,S3-301964,S3-301592,S3-301561,S3-301409,S3-301335,S3-301444,S3-301789,S3-301514,S3-301451
S1-102485	S2-202169,S3-301991,S2-201525,S2-201776,S2-201569,S2-201539,S2-201931,S2-201805,S2-201420,S2-201605,S2-202073,S2-202122,S2-202228,S2-202147,S2-201870,S2-201696,S2-201911,S2-202325,S2-201912,S2-201705,S2-202319,S3-301911,S3-302057,S3-301662,S3-301558,S3-302145,S3-301466,S3-302152,S3-301776,S3-301439,S3-301969,S3-301635,S3-301571,S3-301947,S3-301675
S1-102486	S3-301992,S2-202170,S2-202183,S2-201479,S2-201788,S2-201633,S2-201732,S2-201648,S2-201645,S2-201759,S2-201622,S3-301591,S3-302116,S3-301493,S3-301614,S3-302005,S3-301513,S3-301356,S2-202289,S3-301618,S2-202344,S2-202395,S2-202404,S3-302233,S3-302173,S3-302224
S1-102487	S3-301993,S2-201643,S2-201904,S2-201950,S2-201850,S2-202135,S2-202312,S2-202042,S2-201768,S2-201576,S2-201678,S3-301540,S3-301793,S3-301702,S3-301628,S3-301442,S3-301750,S3-301958,S3-301509,S3-302002,S3-302139,S3-301761,S2-202269,S2-201571,S2-201570,S2-201765,S2-201493,S2-201590,S2-202480,S2-202567,S2-201761,S3-301294,S3-301369,S3-301626,S3-302309
S1-102488	S3-301994,S2-201728,S2-202171,S3-301589,S2-201742,S2-202024,S2-201777,S2-201807,S2-201824,S2-201400,S2-202279,S2-201584,S2-202008,S3-301679,S3-301664,S3-302108,S3-301847,S3-301712,S3-301604,S3-301794,S3-301636,S3-301863,S2-202342,S2-202557,S2-202504,S3-302386,S3-302333,S3-302171,S3-301452,S2-201859
S1-102489	S2-202172,S3-301831,S2-201454,S2-201993,S2-201853,S2-202089,S2-201507,S2-201642,S2-201606,S2-201855,S2-201588,S2-201675,S2-201866,S2-202297,S2-202186,S2-201766,S3-301508,S3-301705,S3-302114,S3-301566,S3-301384,S3-301537,S3-301735,S3-302010,S3-301718,S3-301612,S2-202287,S2-201885,S2-201753,S3-302123,S3-301694,S2-202520,S2-202489,S2-202449,S2-202459
S1-102490	S2-202213,S2-201628,S2-202173,S2-202233,S2-201657,S3-302063,S2-202179,S3-302000,S3-301524,S3-302041,S2-202095,S2-202201,S2-201688,S2-201875,S2-201841,S2-201646,S2-201459,S2-201438,S2-202001,S2-201719,S2-201464,S2-201692,S2-201418,S2-202309,S2-201582,S2-201700,S2-201439,S2-201634,S3-301318,S3-301693,S3-302016,S3-301553,S3-301802,S3-302133,S3-301928
S1-102491	S3-301995,S2-201915,S2-202126,S3-301760,S3-301951,S2-202174,S2-201452,S2-202286,S2-201882,S2-202028,S2-202149,S2-201436,S2-201787,S2-201960,S2-201660,S2-202264,S2-202313,S2-202268,S2-201803,S3-301661,S3-302088,S3-301435,S3-302092,S3-301971,S3-301648,S3-301333,S3-301732,S3-301527,S3-302140,S3-302098,S3-301867,S2-202556,S2-202374,S3-302385,S3-302203
S1-102492	S2-202175,S3-301996,S2-201514,S2-201889,S2-202302,S2-202278,S2-201595,S2-201715,S2-202281,S2-201932,S2-201733,S2-202152,S2-201976,S2-201402,S2-201744,S3-301296,S3-301390,S3-302107,S3-301777,S3-301593,S3-301684,S3-302129,S3-301898,S3-301703,S3-301402,S3-301644,S3-302109,S3-301291,S3-301870,S3-301601,S2-201851,S2-201528,S2-202358,S2-202517,S2-202533
S1-102493	S2-202176,S3-301997,S3-301617,S2-201758,S2-202045,S3-301880,S2-202137,S2-201565,S2-201804,S3-301960,S3-301433,S2-201555,S2-201449,S2-202160,S2-202203,S2-202324,S2-201667,S2-201579,S2-201839,S2-202249,S2-201443,S3-301691,S3-301370,S3-301423,S3-301446,S3-301411,S3-301331,S3-301982,S2-201543,S3-301322,S2-202431,S2-202501,S3-302260,S3-302330
S1-102494	S3-301998,S2-202177,S3-301301,S2-201411,S2-202310,S2-201406,S3-302134,S2-202014,S2-201638,S2-201635,S3-301852,S3-301504,S2-201786,S2-201985,S3-301744,S3-301500,S2-202457,S2-202406,S3-302235,S3-302286,S3-301824
S1-102495	S2-202178,S3-301999,S2-202220,S2-201669,S2-201598,S2-202100,S2-202155,S2-202255,S2-202051,S3-301886,S3-301932,S3-302084,S3-302048,S2-202573,S2-202553,S3-302382,S3-302402,S2-201423,S2-202017,S2-202542,S2-201899,S2-201845,S2-201879,S2-201724,S2-202047,S2-202321,S2-201704,S2-202050,S2-201947,S2-202221,S2-201756,S2-201521,S2-201897,S2-201421,S2-201868
S1-102496	S2-202213,S2-201628,S2-202233,S2-201657,S2-202173,S3-302063,S2-202179,S3-302000,S3-301524,S3-302041,S2-202095,S2-202201,S2-201688,S2-201875,S2-201841,S2-201646,S2-201459,S2-201438,S2-202001,S2-201719,S2-201464,S2-201692,S2-201418,S2-202309,S2-201582,S2-201700,S2-201439,S2-201634,S3-301318,S3-301693,S3-302016,S3-301553,S3-301802,S3-302133,S3-301928
S1-102497	S2-202180,S3-302001,S3-301549,S2-201687,S2-201830,S2-201623,S2-202185,S2-202016,S2-202276,S2-201522,S2-201881,S2-201524,S2-202256,S2-201988,S2-201544,S2-201994,S2-202129,S2-202029,S3-301482,S3-301403,S3-301399,S3-301827,S3-301683,S3-302009,S3-301868,S3-301397,S3-301953,S2-201531,S2-202341,S2-202551,S2-202458,S2-202565,S2-202511,S2-202397,S2-202381
S1-102498	S2-202003,S2-202328,S2-202053,S2-202251,S2-202311,S2-202009,S2-202331,S2-201800,S2-202307,S2-202296,S2-201959,S3-302033,S3-302158,S3-301606,S3-302080,S3-302131,S3-301383,S3-301658,S3-301848,S3-302155,S3-301801,S3-302138,S3-301888,S3-302122,S2-201745,S2-202576,S2-202453,S2-202570,S2-202336,S2-202555,S2-202446,S2-202571,S2-202384,S2-202402,S3-302165
S1-102499	S3-302002,S3-301442,S2-201576,S2-201768,S3-301628,S2-201643,S2-201904,S2-201950,S2-201850,S2-202135,S2-202312,S2-202042,S2-201678,S3-301540,S3-301993,S3-301793,S3-301702,S3-301750,S3-301958,S3-301509,S3-302139,S3-301761,S2-202269,S2-201571,S2-201570,S2-201765,S2-201493,S2-201590,S2-202480,S2-202567,S2-201761,S3-301294,S3-301369,S3-301626,S3-302309
S1-102500	S2-202181,S3-302003,S2-201477,S2-202132,S2-201772,S2-202140,S2-201520,S2-202159,S2-201469,S2-202240,S2-201617,S2-201818,S2-201827,S2-201431,S2-202259,S2-201836,S2-202330,S2-201430,S2-201814,S2-201952,S2-201610,S3-301354,S3-301980,S3-301731,S3-301670,S3-301902,S3-301522,S3-301855,S3-301681,S3-301673,S3-301955,S3-302157,S3-301796,S3-301965,S3-301350
S1-102501	S2-202182,S3-302004,S2-201946,S3-301790,S3-301503,S3-302047,S2-201843,S3-301695,S2-201444,S2-201940,S2-201437,S2-201615,S3-301972,S3-301357,S3-301475,S3-301770,S3-301414,S3-301840,S3-301528,S3-301324,S2-201661,S2-201480,S2-202002,S2-202382,S2-202383,S2-202421,S2-202451,S2-202448,S2-202519,S2-202499,S2-202540,S2-202450,S2-202566,S2-202357,S3-302369
S1-102502	S2-202183,S3-302005,S2-201479,S2-201788,S2-201633,S2-201732,S2-201648,S2-201645,S2-201759,S2-201622,S2-202170,S3-301591,S3-302116,S3-301493,S3-301992,S3-301614,S3-301513,S3-301356,S2-202289,S3-301618,S2-202344,S2-202395,S2-202404,S3-302233,S3-302173,S3-302224
S1-102503	S2-201537,S3-302006,S2-201488,S3-301407,S2-201941,S2-201829,S2-201925,S2-201942,S2-202326,S2-201816,S2-202044,S2-201996,S2-201968,S2-201909,S2-202317,S2-202077,S2-201690,S2-201711,S3-301577,S3-301672,S3-301809,S3-302153,S3-301682,S3-301408,S3-301771,S3-301755,S3-301786,S3-301364,S3-301963,S3-301552,S3-301431,S3-301914,S3-301833,S2-202429,S3-301323
S1-102504	S2-202184,S3-302007,S2-201533,S2-202222,S3-302051,S3-301405,S2-202131,S2-201969,S2-202012,S2-202010,S2-201746,S2-202121,S2-201799,S2-202298,S2-201603,S2-202023,S2-201559,S2-201457,S3-301849,S3-301426,S3-301607,S3-302151,S3-301906,S3-301470,S3-301810,S3-302027,S3-301338,S3-301495,S3-301657,S3-302021,S3-302124,S3-301599,S2-201737,S3-301850,S3-301862
S1-102505	S3-302008,S2-201532,S2-202153,S2-202127,S2-202025,S2-201819,S2-201496,S2-202283,S2-201775,S2-202231,S2-202142,S2-201682,S2-201456,S2-202065,S2-202210,S2-201426,S3-301404,S3-302038,S3-301674,S3-302125,S3-301646,S3-301918,S3-301337,S3-302060,S3-301748,S3-301897,S3-301864,S3-301544,S3-301312,S3-301952,S3-302111,S3-301373,S2-202080,S2-201902,S3-301976
S1-102506	S2-202185,S3-302009,S2-202276,S2-201544,S2-201830,S2-202180,S2-201623,S2-202016,S2-201522,S2-201881,S2-201524,S2-202256,S2-201988,S2-201687,S2-201994,S2-202129,S2-202029,S3-301482,S3-302001,S3-301403,S3-301399,S3-301827,S3-301683,S3-301868,S3-301549,S3-301397,S3-301953,S2-201531,S2-202341,S2-202551,S2-202458,S2-202565,S2-202511,S2-202397,S2-202381
S1-102507	S2-202186,S3-302010,S2-201675,S2-201853,S2-202089,S2-201507,S2-201642,S2-201606,S2-201855,S2-202172,S2-201588,S2-201866,S2-201993,S2-202297,S2-201766,S3-301508,S3-301705,S3-301831,S3-302114,S3-301566,S3-301384,S3-301537,S3-301735,S3-301718,S3-301612,S2-202287,S2-201885,S2-201753,S2-201454,S3-302123,S3-301694,S2-202520,S2-202489,S2-202449,S2-202459
S1-102508	S2-202187,S2-202214,S2-202291,S2-201938,S2-201847,S2-201597,S2-201560,S2-201784,S2-202034,S2-201726,S2-201600,S2-201972,S2-201489,S2-202167,S2-201801,S3-301989,S3-301634,S3-301413,S3-301575,S3-301871,S3-301587,S3-301463,S3-301645,S3-301302,S3-301434,S3-301570,S3-301698,S3-302118,S3-301784,S3-301613,S2-202377,S2-202478,S2-202548,S3-302377,S3-302307
S1-102509	S2-202188,S3-302011,S2-201498,S2-201666,S3-301375,S3-301531,S3-301334,S2-202263,S2-201695,S2-201658,S2-201795,S2-202040,S2-201738,S2-201937,S2-201621,S2-201884,S2-201971,S2-202032,S3-302091,S3-302081,S3-301876,S3-301480,S3-301885,S3-301557,S3-301734,S3-301525,S3-301361,S3-301783,S3-301654,S3-301812,S3-302119,S2-202292,S2-202497,S3-302326,S3-301573
S1-102510	S2-202189,S3-302012,S3-301391,S3-301443,S2-202239,S2-201748,S2-202074,S2-201637,S2-201722,S2-201954,S2-201476,S2-202078,S2-201877,S2-202038,S3-301798,S3-301449,S3-301912,S3-301502,S3-301874,S3-301915,S3-301339,S2-201927,S2-201581,S3-301448,S2-202493,S2-202525,S2-202393,S2-202481,S2-202476,S2-202582,S2-201577,S3-302322,S3-302222,S3-301609,S3-302310
S1-102511	S2-202190,S2-201734,S2-202252,S3-301595,S2-201822,S3-301677,S3-302082,S2-201808,S2-201951,S2-202293,S2-202248,S3-301488,S3-301665,S3-301445,S3-302112,S3-301795,S3-302120,S2-202348,S2-202347,S2-202483,S2-202407,S3-302176,S3-302312,S3-302236,S3-302177,S2-201665,S2-202116,S3-301944,S2-202327,S2-202124,S2-202274,S2-202146,S2-202120,S2-201716,S2-202114
S1-102512	S3-302013,S2-201955,S2-201964,S2-201757,S2-201542,S2-201680,S2-202195,S2-202265,S2-202098,S2-201500,S2-201663,S2-202019,S2-201563,S2-201506,S3-302020,S3-301668,S3-301378,S3-301530,S3-301576,S3-302018,S3-302035,S3-301585,S3-301805,S3-302029,S3-301410,S3-302094,S3-301930,S3-301532,S3-301858,S3-301432,S3-301641,S2-202359,S2-202545,S2-202521,S2-202441
S1-102513	S2-202191,S3-302014,S2-202138,S2-201475,S3-301422,S3-301353,S3-301962,S2-201554,S2-201986,S2-201916,S2-201867,S2-201865,S2-201990,S2-202204,S2-202090,S2-201474,S2-201447,S2-201771,S3-301825,S3-302156,S3-301720,S3-301640,S3-301329,S3-301925,S3-301631,S3-301352,S3-301380,S3-302030,S2-202217,S2-201527,S2-201684,S3-301586,S3-301546
S1-102514	S3-302015,S2-202192,S2-201470,S2-201653,S2-201461,S2-201979,S2-201848,S2-201697,S2-201752,S2-201596,S2-202150,S2-201992,S2-202079,S3-301518,S3-301343,S3-301728,S3-301559,S3-301974,S3-301916,S3-301817,S3-301830,S3-301366,S3-301699,S3-301550,S2-201876,S2-202390,S2-202363,S2-202527,S2-202547,S2-202416,S2-202581,S2-202495,S2-202349,S3-302192,S3-301462
S1-102515	S3-302016,S2-201438,S2-202213,S2-202095,S2-202201,S2-201628,S2-201688,S2-202173,S2-201875,S2-202233,S2-201841,S2-201646,S2-201459,S2-202001,S2-202179,S2-201719,S2-201464,S2-201692,S2-201418,S2-202309,S2-201582,S2-201700,S2-201439,S2-201634,S2-201657,S3-301318,S3-301693,S3-301553,S3-301802,S3-302133,S3-302063,S3-301928,S3-302000,S3-301821,S3-301341
S1-102516	S2-202193,S2-201673,S3-301535,S2-201586,S2-202068,S2-201731,S2-201448,S2-202058,S2-201538,S2-201895,S2-201561,S3-301977,S3-301454,S3-301842,S3-301568,S3-301893,S3-301428,S3-301743,S3-301903,S2-202154,S2-202280,S3-301330,S2-202411,S2-202412,S2-202435,S3-302241,S3-302240,S3-302264
S1-102517	S2-202194,S3-302017,S2-201833,S2-202303,S2-202288,S2-201854,S3-301706,S3-302130,S3-302115,S3-301666,S2-201740,S2-201568,S2-201965,S2-201852,S2-201573,S2-201811,S2-201856,S2-201401,S2-201601,S2-201944,S2-201442,S2-201890,S2-201674,S2-202202,S2-201781,S2-201574,S3-301687,S3-301704,S3-302028,S3-301788,S3-301536,S3-301806,S3-301441,S3-301467,S3-301437
S1-102518	S2-201964,S2-201500,S3-302018,S2-201506,S2-202195,S3-301378,S3-301805,S2-201757,S2-201955,S2-201680,S2-202265,S3-301530,S3-302035,S3-302094,S3-301532,S2-201542,S2-202098,S2-201663,S2-202019,S2-201563,S3-302020,S3-301668,S3-301576,S3-301585,S3-302029,S3-301410,S3-302013,S3-301930,S3-301858,S3-301641,S3-301432,S2-202359,S2-202545,S2-202521,S2-202441
S1-102519	S2-202196,S3-302019,S2-201482,S2-202148,S2-201785,S2-202101,S2-202006,S2-201802,S3-302053,S3-301647,S3-301659,S3-301358,S3-301970,S2-202430,S3-302259,S2-202158,S3-301979
S1-102520	S2-202098,S3-301930,S2-202019,S2-201563,S3-302020,S3-301858,S2-201964,S2-201757,S2-201955,S2-201680,S2-202265,S2-201500,S2-201506,S3-301530,S3-302035,S3-302094,S3-301532,S2-201542,S2-202195,S2-201663,S3-301668,S3-301378,S3-301576,S3-302018,S3-301585,S3-301805,S3-302029,S3-301410,S3-302013,S3-301641,S3-301432,S2-202359,S2-202545,S2-202521,S2-202441
S1-102521	S3-302021,S3-301607,S3-301470,S2-201746,S2-201608,S2-201969,S2-201533,S2-202012,S2-202010,S2-202121,S2-202222,S2-201799,S2-202298,S2-201603,S2-202023,S2-201559,S2-202184,S2-201457,S2-202131,S3-301849,S3-301426,S3-302151,S3-301906,S3-301810,S3-302027,S3-301338,S3-302051,S3-301405,S3-301495,S3-301657,S3-302007,S3-302124,S3-301599,S2-201737,S3-301850
S1-102522	S3-302022,S2-202197,S2-201970,S2-201466,S3-301348,S3-301811,S2-201664,S2-201435,S2-201552,S2-201838,S2-202123,S2-201659,S2-201530,S2-201508,S2-201930,S2-202107,S2-201835,S2-201846,S2-201607,S3-301469,S3-301948,S3-301875,S3-301697,S3-301565,S3-301910,S3-301526,S3-301775,S3-301317,S3-301690,S3-301936,S2-202072,S2-202376,S2-202513,S2-202512,S2-202039
S1-102523	S3-302023,S2-202198,S2-202162,S3-301716,S3-301412,S3-301984,S3-301653,S2-202099,S2-201863,S2-201794,S3-301908,S3-302136,S3-301627,S3-301427,S3-301931,S2-201545,S2-201767,S2-202491,S3-302320
S1-102524	S3-302024,S2-202156,S2-201953,S2-201873,S2-201997,S2-201874,S2-202064,S2-202102,S2-202262,S2-201417,S2-202109,S2-201735,S2-201535,S3-301725,S3-301797,S3-301835,S3-301597,S3-302090,S3-301938,S3-301933,S2-202199,S2-202378,S2-202394,S2-202352,S2-202443,S2-202371,S3-302200,S3-302181,S3-302207,S3-302272,S3-302223
S1-102525	S3-302025,S2-201465,S3-301347,S2-201644,S3-301510,S2-201918,S2-201676,S2-201440,S2-201403,S2-201826,S2-202254,S2-201429,S2-202085,S3-301724,S3-301764,S3-301498,S3-301539,S3-301680,S3-301496,S3-301421,S3-302083,S3-301708,S2-202207,S2-201709,S3-301319,S2-201553,S2-202414,S2-202345,S2-202564,S3-302393,S3-302174,S3-302243,S2-202447,S2-202350,S2-201532
S1-102526	S2-202200,S3-301554,S2-201693,S2-201414,S2-201769,S2-201627,S2-202004,S2-201583,S3-301487,S3-301843,S3-302070,S3-301629,S2-202575,S3-302404,S2-202329,S2-201949,S2-202315,S2-202071,S2-202246,S2-202206,S2-201989,S2-201683,S2-201872,S2-202083,S3-301909,S3-301792,S3-301828,S3-301854,S3-301545,S3-301723,S3-302034,S3-302142
S1-102527	S3-302026,S2-202201,S2-202001,S2-201464,S3-301839,S2-202213,S2-202095,S2-201628,S2-201688,S2-202173,S2-201875,S2-202233,S2-201841,S2-201646,S2-201459,S2-201438,S2-202179,S2-201719,S2-201692,S2-201418,S2-202309,S2-201582,S2-201700,S2-201439,S2-201634,S2-201657,S3-301318,S3-301693,S3-302016,S3-301553,S3-301802,S3-302133,S3-302063,S3-301928,S3-302000
S1-102528	S3-302027,S2-201969,S2-201533,S2-202012,S2-202010,S2-201746,S2-202121,S2-202222,S2-201799,S2-202298,S2-201603,S2-202023,S2-201559,S2-202184,S2-201457,S2-202131,S3-301849,S3-301426,S3-301607,S3-302151,S3-301906,S3-301470,S3-301810,S3-301338,S3-302051,S3-301405,S3-301495,S3-301657,S3-302021,S3-302007,S3-302124,S3-301599,S2-201737,S3-301850,S3-301862
S1-102529	S2-201442,S3-302028,S2-202202,S3-301321,S2-202303,S2-201740,S2-201568,S2-201965,S2-201852,S2-201573,S2-201811,S2-201856,S2-201401,S2-201833,S2-201601,S2-201944,S2-202288,S2-202194,S2-201854,S2-201890,S2-201674,S2-201781,S2-201574,S3-301706,S3-301704,S3-301788,S3-302017,S3-301536,S3-302130,S3-301806,S3-302115,S3-301441,S3-301666,S3-301467,S3-301437
S1-102530	S2-201757,S3-302029,S2-201964,S2-201955,S2-201680,S2-202265,S2-201500,S2-201506,S3-301530,S3-302035,S3-302094,S3-301532,S2-201542,S2-202195,S2-202098,S2-201663,S2-202019,S2-201563,S3-302020,S3-301668,S3-301378,S3-301576,S3-302018,S3-301585,S3-301805,S3-301410,S3-302013,S3-301930,S3-301858,S3-301641,S3-301432,S2-202359,S2-202545,S2-202521,S2-202441
S1-102531	S2-202203,S2-202137,S2-201555,S2-201758,S2-201565,S2-202176,S2-201449,S2-202160,S2-202045,S2-201804,S2-202324,S2-201667,S2-201579,S2-201839,S2-202249,S2-201443,S3-301691,S3-301370,S3-301997,S3-301617,S3-301423,S3-301446,S3-301960,S3-301880,S3-301411,S3-301331,S3-301982,S3-301433,S2-201543,S3-301322,S2-202431,S2-202501,S3-302260,S3-302330
S1-102532	S3-302030,S2-202204,S2-201865,S3-301640,S2-201447,S3-301329,S2-201986,S2-201554,S2-201916,S2-201867,S2-202138,S2-201990,S2-202090,S2-201474,S2-201475,S2-202191,S2-201771,S3-301825,S3-302156,S3-301720,S3-302014,S3-301422,S3-301353,S3-301925,S3-301631,S3-301352,S3-301380,S3-301962,S2-202217,S2-201527,S2-201684,S3-301586,S3-301546
S1-102533	S2-202205,S3-302031,S2-201995,S2-201446,S2-201562,S2-201712,S2-201668,S2-201504,S2-201901,S2-201652,S2-201860,S2-202026,S2-201832,S3-301430,S3-301865,S3-301517,S3-301381,S3-301600,S3-301686,S3-301328,S3-301713,S2-202522,S2-202425,S2-202505,S3-302334,S3-302351,S3-302254
S1-102534	S3-302032,S2-201956,S2-201471,S2-201412,S2-201433,S2-201662,S2-202145,S2-201616,S2-201490,S2-201842,S2-202061,S2-201626,S3-301700,S3-301799,S3-301967,S3-301896,S3-301367,S3-301742,S3-301486,S3-301303,S3-301476,S2-202531,S2-202532,S3-302360,S3-302361
S1-102535	S3-302033,S2-202296,S3-302122,S2-202053,S2-202251,S2-202311,S2-202009,S2-201800,S2-201959,S3-302158,S3-302080,S3-302131,S3-301383,S3-301658,S3-301848,S3-302155,S3-302138,S3-301888,S2-202328,S2-202003,S2-202331,S2-202307,S3-301606,S3-301801,S2-201745,S2-202576,S2-202453,S2-202570,S2-202336,S2-202555,S2-202446,S2-202571,S2-202384,S2-202402,S3-302165
S1-102536	S3-302034,S2-202206,S2-202329,S2-201949,S2-202315,S2-202071,S2-202246,S2-201989,S2-201683,S2-201872,S2-202083,S3-301909,S3-301792,S3-301828,S3-301854,S3-301545,S3-301723,S3-302142,S2-202353,S2-202466,S2-202415,S2-202369,S3-302295,S3-302182,S3-302244,S3-302198,S2-201414,S2-202200,S2-201769,S2-201693,S2-201627,S2-202004,S2-202575,S2-201583,S3-301487
S1-102537	S2-201465,S3-302025,S3-301347,S2-201644,S3-301510,S2-202207,S2-201918,S2-201676,S2-201440,S2-201403,S2-201826,S2-202254,S2-201429,S2-202085,S3-301724,S3-301764,S3-301498,S3-301539,S3-301680,S3-301496,S3-301421,S3-302083,S3-301708,S2-201709,S3-301319,S2-201553,S2-202414,S2-202345,S2-202564,S3-302393,S3-302174,S3-302243,S2-202447,S2-202350,S2-201532
S1-102538	S3-301668,S3-301576,S3-302035,S3-301585,S3-301532,S3-302094,S2-202265,S2-201964,S2-201757,S2-201542,S2-201955,S2-201680,S2-202195,S2-202098,S2-201500,S2-201663,S2-202019,S2-201563,S2-201506,S3-302020,S3-301378,S3-301530,S3-302018,S3-301805,S3-302029,S3-301410,S3-302013,S3-301930,S2-202359,S2-202545,S2-202521,S2-202441,S3-302350,S3-301858,S3-302270
S1-102539	S2-202208,S3-302036,S2-201703,S3-301567,S2-201892,S2-201792,S2-202277,S2-201511,S2-202096,S2-202113,S2-202272,S2-202258,S2-202275,S2-201763,S2-201611,S2-202056,S2-201422,S2-202075,S3-302104,S3-302100,S3-301651,S3-301311,S3-301890,S3-301913,S3-302086,S3-302106,S3-301981,S3-301941,S3-301387,S2-202253,S2-202549,S2-202562,S2-202417,S2-202561,S2-202403
S1-102540	S2-202209,S3-302037,S3-301814,S2-201974,S2-202115,S2-201961,S2-201929,S2-202048,S2-202066,S2-201921,S2-201935,S2-201419,S2-201549,S2-202211,S3-301901,S3-301774,S3-301307,S3-301417,S3-302072,S3-301371,S3-301803,S3-301420,S3-301781,S3-302039,S2-201494,S2-202241,S2-201810,S2-201551,S2-201920,S2-201636,S2-201743,S2-201923,S2-202238,S2-202033,S2-201503
S1-102541	S2-202142,S2-202210,S3-302038,S2-201532,S2-202153,S2-202127,S2-202025,S2-201819,S2-201496,S2-202283,S2-201775,S2-202231,S2-201682,S2-201456,S2-202065,S2-201426,S3-301404,S3-301674,S3-302125,S3-301646,S3-301918,S3-301337,S3-302060,S3-301748,S3-301897,S3-301864,S3-301544,S3-301312,S3-302008,S3-301952,S3-302111,S3-301373,S2-202080,S2-201902,S3-301976
S1-102542	S3-302039,S2-202211,S2-202048,S2-201549,S3-301417,S2-201929,S3-301774,S3-301781,S2-201961,S2-202066,S2-201921,S2-201935,S2-202115,S2-201974,S2-201419,S2-202209,S3-302037,S3-301901,S3-301307,S3-301814,S3-302072,S3-301371,S3-301803,S3-301420,S2-201636,S3-301501,S2-201494,S2-202241,S2-201810,S2-201551,S2-201920,S2-201743,S2-201923,S2-202238,S2-202033
S1-102543	S3-302040,S2-202212,S3-301655,S2-201796,S2-201883,S2-201487,S2-201631,S3-301481,S3-301733,S3-301416,S2-201547,S2-202295
S1-102544	S2-202213,S2-201628,S2-202233,S2-201657,S2-202173,S3-302063,S2-202179,S3-302000,S3-302041,S3-301524,S2-202095,S2-202201,S2-201688,S2-201875,S2-201841,S2-201646,S2-201459,S2-201438,S2-202001,S2-201719,S2-201464,S2-201692,S2-201418,S2-202309,S2-201582,S2-201700,S2-201439,S2-201634,S3-301318,S3-301693,S3-302016,S3-301553,S3-301802,S3-302133,S3-301928
S1-102545	S2-202214,S2-202187,S2-202291,S2-201938,S2-201847,S2-201597,S2-201560,S2-201784,S2-202034,S2-201726,S2-201600,S2-201972,S2-201489,S2-202167,S2-201801,S3-301989,S3-301634,S3-301413,S3-301575,S3-301871,S3-301587,S3-301463,S3-301645,S3-301302,S3-301434,S3-301570,S3-301698,S3-302118,S3-301784,S3-301613,S2-202377,S2-202478,S2-202548,S3-302377,S3-302307
S1-102546	S3-302042,S2-201529,S2-202105,S2-201962,S2-201505,S2-201640,S2-202092,S2-201639,S2-201624,S3-302069,S3-301934,S3-301484,S3-301382,S3-301926,S3-301505,S2-201423,S2-202542,S2-201724,S2-202047,S2-202321,S2-201947,S2-201756,S2-202437,S3-301719,S3-301616,S3-301778,S3-302371,S3-302103,S3-302266,S3-302147,S3-301900,S3-301569,S3-301310,S2-202237,S3-301637
S1-102547	S2-202215,S3-302043,S2-201462,S3-302159,S2-201730,S2-201591,S2-201720,S2-201513,S2-201656,S2-201727,S2-201486,S2-202232,S2-201778,S2-201572,S2-201619,S2-201691,S2-201906,S3-301975,S3-301752,S3-302062,S3-301588,S3-301479,S3-301620,S3-301457,S3-301389,S3-301523,S3-301305,S3-301590,S2-201502,S2-201415,S2-202151,S3-301834,S3-301638,S3-301363,S2-202465
S1-102548	S2-202216,S3-302044,S2-202007,S3-301846,S2-201689,S2-201764,S2-201998,S2-202164,S2-201501,S2-202086,S2-201762,S2-201987,S2-201973,S3-301624,S3-301826,S3-301379,S3-301922,S3-301738,S3-301836,S3-301304,S3-301551,S3-301920,S3-301813,S2-201888,S3-301986,S2-202370,S2-202484,S2-202546,S2-202432,S3-302199,S3-302313,S3-302375,S3-302261,S2-201575,S2-201523
S1-102549	S3-302045,S2-202217,S2-201405,S2-201655,S2-202128,S2-201725,S3-301521,S3-302049,S3-301401,S3-301295,S2-202399,S2-201527,S2-201684,S3-302228,S3-301586,S3-301546,S3-301832
S1-102550	S2-202218,S2-202163,S2-201407,S2-201933,S3-301297,S2-201540,S2-201441,S3-301779,S3-301957,S3-301985,S2-202306,S2-202143,S2-201580,S2-202314,S2-202111,S2-201789,S2-201416,S2-202070,S2-202104,S2-201898,S2-201445,S2-202332,S2-201975,S2-201922,S2-202054,S3-301326,S3-301815,S3-301907,S3-302141,S3-301940,S3-301306,S3-301458,S3-301447,S3-301767,S2-202385
S1-102551	S2-202219,S3-302046,S3-301856,S2-202018,S2-201463,S2-201783,S2-201497,S2-201651,S2-201602,S2-201614,S2-201558,S2-201428,S3-301374,S3-301883,S3-301560,S3-301474,S3-301516,S3-301917,S3-301314,S3-301345,S2-202405,S2-202338,S2-202339,S3-302167,S3-302168,S3-302234
S1-102552	S3-302047,S2-201946,S3-301503,S3-302004,S2-202182,S3-301790,S2-201843,S3-301695,S2-201444,S2-201940,S2-201437,S2-201615,S3-301972,S3-301357,S3-301475,S3-301770,S3-301414,S3-301840,S3-301528,S3-301324,S2-201661,S2-202382,S2-202383,S2-201480,S2-202421,S2-202451,S2-202448,S2-202519,S2-202499,S2-202540,S2-202450,S2-202002,S2-202566,S2-202357,S3-302369
S1-102553	S2-202220,S3-302048,S2-201669,S2-201598,S2-202100,S2-202178,S2-202155,S2-202255,S2-202051,S3-301886,S3-301932,S3-302084,S3-301999,S2-202573,S2-202553,S3-302382,S3-302402,S2-201423,S2-202017,S2-202542,S2-201899,S2-201845,S2-201879,S2-201724,S2-202047,S2-202321,S2-201704,S2-202050,S2-201947,S2-202221,S2-201756,S2-201521,S2-201897,S2-201421,S2-201868
S1-102554	S3-302049,S2-201405,S2-202399,S2-201655,S2-202128,S2-201725,S3-301832,S3-301521,S3-302228,S3-302045,S3-301401,S3-301295
S1-102555	S2-202221,S3-302050,S3-302150,S2-202323,S2-202017,S2-201899,S2-201879,S2-202050,S2-201521,S2-201897,S2-201421,S2-201868,S3-302144,S3-301746,S3-301396,S3-301309,S2-202337,S2-202460,S2-202569,S2-202536,S3-302365,S3-302166,S3-302289,S3-302398,S2-201423,S2-202542,S2-201845,S2-201724,S2-202047,S2-202321,S2-202220,S2-202573,S2-201669,S2-201704,S2-202553
S1-102556	S3-302051,S2-202222,S2-201533,S3-302007,S2-202184,S3-301405,S2-202131,S2-201969,S2-202012,S2-202010,S2-201746,S2-202121,S2-201799,S2-202298,S2-201603,S2-202023,S2-201559,S2-201457,S3-301849,S3-301426,S3-301607,S3-302151,S3-301906,S3-301470,S3-301810,S3-302027,S3-301338,S3-301495,S3-301657,S3-302021,S3-302124,S3-301599,S2-201737,S3-301850,S3-301862
S1-102557	S2-201848,S2-201596,S3-301699,S2-201470,S2-201653,S2-201461,S2-201979,S2-201697,S2-201752,S2-202192,S2-202150,S2-201992,S2-202079,S3-301518,S3-301343,S3-301728,S3-301559,S3-301974,S3-301916,S3-301817,S3-301830,S3-302015,S3-301366,S3-301550,S2-201876,S3-301462,S2-202390,S2-202363,S2-202527,S2-202547,S2-202416,S2-202581,S2-202495,S2-202349,S2-202223
S1-102558	S3-302052,S2-202133,S2-202294,S3-301956,S2-202304,S2-201903,S2-201905,S2-201698,S2-201815,S2-201473,S2-201894,S2-201681,S2-202308,S2-202117,S2-201541,S2-201453,S2-201945,S2-202139,S2-201455,S2-201650,S2-201413,S3-302121,S3-301751,S3-301336,S3-301749,S3-302132,S3-301543,S3-301964,S3-301592,S3-301561,S3-301409,S3-301335,S3-301444,S3-301789,S3-301514
S1-102559	S2-202099,S3-301931,S2-202198,S2-202162,S2-201863,S2-201794,S3-301908,S3-301716,S3-302136,S3-301627,S3-301412,S3-301984,S3-301427,S3-302023,S3-301653,S2-201545,S2-201767,S2-202491,S3-302320
S1-102560	S2-202006,S3-302053,S2-201482,S2-202148,S2-201785,S2-202196,S2-202101,S2-201802,S3-301647,S3-301659,S3-301358,S3-301970,S3-302019,S2-202158,S3-301979,S2-202430,S3-302259
S1-102561	S2-202224,S3-302054,S2-202305,S2-202125,S2-201871,S2-201926,S2-201594,S2-202088,S2-202284,S2-201896,S2-201625,S2-201613,S2-201857,S2-201919,S2-201936,S2-201458,S2-201864,S2-201878,S3-301717,S3-301325,S3-301499,S3-301460,S3-301485,S3-302077,S3-301782,S3-301950,S3-301340,S3-301473,S3-301772,S3-301406,S3-301942,S3-301722,S3-301418,S2-202461,S2-202514
S1-102562	S2-202225,S3-302055,S2-201509,S3-301385,S2-202157,S2-201556,S2-201713,S2-202257,S2-201499,S2-202062,S2-201460,S2-201519,S2-202067,S2-201564,S3-301424,S3-301578,S3-301395,S3-301342,S3-301376,S3-301978,S3-302137,S3-302085,S2-202438,S3-302267
S1-102563	S2-202226,S2-201809,S2-201908,S2-201790,S2-201618,S2-201483,S2-202247,S2-201567,S2-202000,S2-201604,S2-202021,S2-201399,S3-301754,S3-301289,S3-301436,S3-301465,S3-301649,S3-301359,S3-301838,S3-301344,S3-301860,S3-301478,S3-301891,S3-302078,S3-302161,S2-202523,S2-202391,S3-302220,S3-302352
S1-102564	S3-302056,S2-201571,S2-201570,S2-201765,S2-201493,S2-201590,S2-202227,S2-201761,S3-301294,S3-301369,S3-301626,S3-301625,S3-301623,S2-202480,S2-202567,S2-201576,S3-302309,S3-302396,S3-301442,S3-302002,S2-201643,S2-201904,S2-201950,S2-201850,S2-202135,S2-202312,S2-202042,S2-201768,S2-202269,S2-201678,S3-301540,S3-301993,S3-301793,S3-301702,S3-301628
S1-102565	S2-201539,S3-302057,S3-302152,S2-201776,S2-201569,S2-202169,S2-201931,S2-201805,S2-201420,S2-201605,S2-202073,S2-202122,S2-202228,S2-202147,S2-201870,S2-201696,S2-201525,S2-201911,S2-202325,S2-201912,S2-201705,S2-202319,S3-301911,S3-301662,S3-301558,S3-301991,S3-302145,S3-301466,S3-301757,S3-301776,S3-301308,S3-301439,S3-301969,S3-301635,S3-301571
S1-102566	S2-202229,S3-302058,S3-301461,S2-202020,S2-201939,S2-201963,S2-202260,S2-201620,S2-201707,S2-202015,S2-201699,S2-202130,S2-201891,S2-201451,S2-201982,S2-201751,S3-301740,S3-301574,S3-301820,S3-301656,S3-301859,S3-302089,S3-301562,S3-301954,S3-301332,S3-301853,S3-301804,S3-301785,S3-301857,S3-301580,S2-202537,S2-202563,S2-202498,S2-202507,S2-202418
S1-102567	S2-202230,S3-302059,S2-201980,S2-201409,S2-202270,S2-202112,S2-201670,S3-302113,S3-302065,S3-301494,S3-301892,S2-202285,S2-202057,S2-201478,S2-202036,S3-301299,S3-301818,S2-202236,S3-301355,S2-202144,S2-202401,S3-302230
S1-102568	S2-202231,S3-302060,S2-202127,S3-301952,S2-202283,S3-302111,S2-201532,S2-202153,S2-202025,S2-201819,S2-201496,S2-201775,S2-202142,S2-201682,S2-201456,S2-202065,S2-202210,S2-201426,S3-301404,S3-302038,S3-301674,S3-302125,S3-301646,S3-301918,S3-301337,S3-301748,S3-301897,S3-301864,S3-301544,S3-301312,S3-302008,S3-301373,S2-202080,S2-201902,S3-301976
S1-102569	S3-302061,S3-301731,S2-201818,S3-301673,S2-201477,S2-202132,S2-201772,S2-202140,S2-201520,S2-202159,S2-201469,S2-202240,S2-201617,S2-201827,S2-201431,S2-202259,S2-201836,S2-202330,S2-201430,S2-201814,S2-201952,S2-201610,S2-202181,S3-301354,S3-301980,S3-301670,S3-301902,S3-301522,S3-301855,S3-301681,S3-302003,S3-301955,S3-302157,S3-301796,S3-301965
S1-102570	S2-202232,S3-302062,S2-201730,S2-201591,S2-201720,S2-201513,S2-201656,S2-201727,S2-201486,S2-202215,S2-201462,S2-201778,S2-201572,S2-201619,S2-201691,S2-201906,S3-301975,S3-302043,S3-301752,S3-301588,S3-301479,S3-301620,S3-301457,S3-301389,S3-302159,S3-301523,S3-301305,S3-301590,S2-201502,S2-201415,S2-202151,S3-301834,S3-301638,S3-301363,S2-202465
S1-102571	S2-202233,S3-302063,S2-202213,S2-201628,S2-201657,S2-202173,S2-202179,S3-302000,S3-301524,S2-202201,S2-201688,S2-201841,S2-201646,S2-201459,S2-201438,S2-202001,S2-201418,S2-201582,S2-201439,S3-301693,S3-301553,S3-302133,S3-301450,S3-301727,S3-301839,S2-202095,S2-201875,S2-201719,S2-201464,S2-201692,S2-202309,S2-201700,S2-201634,S3-301318,S3-302016
S1-102572	S2-202234,S3-301621,S2-201736,S2-202118,S2-201526,S2-201813,S2-201887,S2-201797,S2-201599,S3-301515,S3-301400,S3-301365,S3-302068,S3-301669,S3-301762,S3-301945,S3-301464,S3-301598,S3-301737,S2-202456,S2-202526,S2-202494,S3-302323,S3-302355,S3-302285,S2-201798
S1-102573	S2-202235,S3-302064,S2-202011,S2-202165,S2-202076,S2-201837,S2-201717,S2-201723,S2-201550,S2-202267,S2-201750,S2-202266,S2-201983,S2-201999,S2-202242,S2-201654,S2-202136,S2-201729,S3-301542,S3-301582,S3-301844,S3-302073,S3-301837,S3-301689,S3-301519,S3-301346,S3-301293,S3-301547,S3-302095,S3-301602,S3-301726,S3-301987,S3-302149,S3-302096,S3-301377
S1-102574	S3-302065,S2-202057,S2-202236,S2-202036,S3-301299,S3-301818,S2-202230,S2-201980,S2-201409,S2-202270,S2-202112,S2-201670,S2-201478,S3-302113,S3-302059,S3-301494,S3-301892,S3-301355,S2-202285,S2-202144,S2-202401,S3-302230
S1-102575	S3-301505,S2-201639,S2-202237,S2-201529,S2-202105,S2-201962,S2-201505,S2-201640,S2-202092,S2-201624,S3-302069,S3-301934,S3-301484,S3-301382,S3-302042,S3-301926,S2-201423,S2-202542,S2-201724,S2-202047,S2-202321,S2-201947,S2-201756,S2-202437,S3-301719,S3-301616,S3-301778,S3-302371,S3-302103,S3-302266,S3-302147,S3-301900,S3-301569,S3-301310,S3-301637
S1-102576	S2-201494,S3-301371,S2-201961,S2-201929,S2-202048,S2-202066,S2-201921,S2-201935,S2-202115,S2-201974,S2-201419,S2-202209,S2-201549,S2-202238,S2-202211,S3-302037,S3-301901,S3-301774,S3-301307,S3-301417,S3-301814,S3-302072,S3-301803,S3-301420,S3-301781,S3-302067,S3-302039,S2-202241,S2-201810,S2-201551,S2-201920,S2-201636,S2-201743,S2-201923,S2-202033
S1-102577	S3-302068,S2-201736,S2-202118,S2-202234,S2-201526,S2-201813,S2-201887,S2-201797,S2-201599,S3-301515,S3-301400,S3-301365,S3-301669,S3-301621,S3-301762,S3-301945,S3-301464,S3-301598,S3-301737,S2-202456,S2-202526,S2-202494,S3-302323,S3-302355,S3-302285,S2-201798
S1-102578	S3-302069,S2-201529,S2-202105,S2-201962,S2-201505,S2-201640,S2-202092,S2-201639,S2-201624,S3-301934,S3-301484,S3-301382,S3-302042,S3-301926,S3-301505,S3-302103,S2-201423,S2-202542,S2-201724,S2-202047,S2-202321,S2-201947,S2-201756,S2-202437,S3-301719,S3-301616,S3-301778,S3-302371,S3-302266,S3-302147,S3-301900,S3-301569,S3-301310,S2-202237,S3-301637
S1-102579	S3-302070,S2-201414,S2-202200,S2-201769,S2-201693,S2-201627,S2-202004,S2-201583,S3-301487,S3-301843,S3-301554,S3-301629,S2-202575,S3-302404,S2-202329,S2-201949,S2-202315,S2-202071,S2-202246,S2-202206,S2-201989,S2-201683,S2-201872,S2-202083,S3-301909,S3-301792,S3-301828,S3-301854,S3-301545,S3-301723,S3-302034,S3-302142
S1-102580	S2-201903,S2-201541,S2-201650,S3-301749,S3-301409,S3-301514,S2-202304,S2-201905,S2-202133,S2-201698,S2-201815,S2-201473,S2-202294,S2-201894,S2-201681,S2-202308,S2-202117,S2-201453,S2-201945,S2-202139,S2-201455,S2-201413,S3-301956,S3-301751,S3-301336,S3-302132,S3-302052,S3-301543,S3-301964,S3-301592,S3-301561,S3-301335,S3-301444,S3-301789,S3-301451
S1-102581	S2-202239,S2-201637,S3-301502,S2-201722,S3-301339,S2-201927,S2-201748,S2-202074,S2-201954,S2-201476,S2-202078,S2-201877,S2-202038,S2-202189,S3-301798,S3-302012,S3-301449,S3-301912,S3-301443,S3-301391,S3-301874,S3-301915,S2-201581,S3-301448,S2-202493,S2-202525,S2-202393,S2-202481,S2-202476,S2-202582,S3-302322,S3-302222,S3-301609,S3-302310,S3-302354
S1-102582	S2-202240,S3-302071,S2-202330,S2-201952,S3-302157,S3-301796,S2-201477,S2-202132,S2-201772,S2-202140,S2-201520,S2-202159,S2-201469,S2-201617,S2-201818,S2-201827,S2-201431,S2-202259,S2-201836,S2-201430,S2-201814,S2-201610,S2-202181,S3-301354,S3-301980,S3-301731,S3-301670,S3-301902,S3-301522,S3-301855,S3-301681,S3-302003,S3-301673,S3-301955,S3-301965
S1-102583	S2-202241,S2-201920,S3-302072,S2-201810,S2-201551,S2-201494,S2-201961,S2-201929,S2-202048,S2-202066,S2-201636,S2-201921,S2-201935,S2-202115,S2-201974,S2-201743,S2-201419,S2-202209,S2-201549,S2-201923,S2-202238,S2-202033,S2-202211,S2-201503,S3-301766,S3-302037,S3-301901,S3-301774,S3-301307,S3-301417,S3-301814,S3-301419,S3-301501,S3-301371,S3-301803
S1-102584	S2-202190,S2-201808,S2-201734,S2-201951,S2-202293,S2-202248,S2-202252,S3-301488,S3-301595,S3-301665,S3-301445,S3-301677,S3-302112,S3-301795,S3-302082,S3-302120,S2-201822,S2-202348,S2-202347,S2-202483,S2-202407,S3-302176,S3-302312,S3-302236,S3-302177,S2-201665,S3-301298,S2-202327,S2-202124,S2-202274,S2-202146,S2-202116,S2-202120,S2-201716,S2-202114
S1-102585	S2-202242,S3-302073,S2-202165,S2-201729,S3-301987,S2-202076,S2-201837,S2-202011,S2-201717,S2-201723,S2-201550,S2-202267,S2-201750,S2-202266,S2-202235,S2-201983,S2-201999,S2-201654,S2-202136,S3-301542,S3-301582,S3-301844,S3-301837,S3-301689,S3-301519,S3-301346,S3-301293,S3-301547,S3-302095,S3-301602,S3-301726,S3-302149,S3-302096,S3-301377,S3-301959
S1-102586	S2-202243,S2-201587,S2-201820,S2-201566,S2-201967,S2-201495,S2-202005,S3-301386,S3-301845,S3-301372,S2-202261,S2-201510,S2-202572,S2-202333,S2-202462,S2-202424,S3-302401,S3-302162,S3-302253,S3-302291,S3-302074
S1-102587	S2-202244,S3-302075,S2-201512,S2-201817,S3-301388,S2-201484,S2-202022,S2-202013,S2-201585,S2-202093,S2-202049,S2-201834,S2-202273,S2-201991,S2-202027,S2-201793,S2-201694,S2-201706,S3-301884,S3-301765,S3-301829,S3-301520,S3-301652,S3-301866,S3-301927,S3-301453,S3-302093,S3-301861,S3-301556,S3-301572,S3-302101,S3-301851,S2-202485,S3-301685,S3-302314
S1-102588	S2-202245,S2-201893,S3-301741,S2-201718,S2-201434,S2-202141,S2-201812,S2-202250,S2-201679,S2-202063,S2-202282,S2-201492,S2-201823,S2-202166,S2-202055,S2-202318,S2-201450,S2-201630,S2-202110,S2-201517,S2-201468,S2-201806,S2-201780,S3-301988,S3-301663,S3-302110,S3-301889,S3-301491,S3-301349,S3-301583,S3-301939,S3-301541,S3-301667,S3-301316,S3-301483
S1-102589	S2-202246,S3-301854,S2-202083,S2-202329,S2-201949,S2-202315,S2-202071,S2-202206,S2-201989,S2-201683,S2-201872,S3-301909,S3-301792,S3-301828,S3-301545,S3-301723,S3-302034,S3-302142,S2-202353,S2-202466,S2-202415,S2-202369,S3-302295,S3-302182,S3-302244,S3-302198,S2-201414,S2-202200,S2-201769,S2-201693,S2-201627,S2-202004,S2-202575,S2-201583,S3-301487
S1-102590	S3-302077,S2-201871,S3-301722,S2-201896,S2-202125,S2-201926,S2-201594,S2-202088,S2-202284,S2-201625,S2-201613,S2-201857,S2-202305,S2-201919,S2-201936,S2-202224,S2-201458,S2-201864,S2-201878,S3-301717,S3-301325,S3-301499,S3-301460,S3-301485,S3-301782,S3-301950,S3-301340,S3-301473,S3-302054,S3-301772,S3-301406,S3-301942,S3-301418,S3-301745,S2-202461
S1-102591	S3-302078,S2-202247,S2-201399,S3-301289,S2-201809,S2-201908,S2-201790,S2-202226,S2-201618,S2-201483,S2-201567,S2-202000,S2-201604,S2-202021,S3-301754,S3-301436,S3-301465,S3-301649,S3-301359,S3-301838,S3-301344,S3-301860,S3-301478,S3-301891,S3-302161,S2-202523,S2-202391,S3-302220,S3-302352
S1-102592	S2-202248,S2-202190,S2-201808,S2-201734,S2-201951,S2-202293,S2-202252,S3-301488,S3-301595,S3-301665,S3-301445,S3-301677,S3-302112,S3-301795,S3-302082,S3-302120,S2-201822,S2-202348,S2-202347,S2-202483,S2-202407,S3-302176,S3-302312,S3-302236,S3-302177,S2-201665,S2-202327,S2-202124,S2-202274,S2-202146,S2-202116,S2-202120,S2-201716,S2-202114,S2-202543
S1-102593	S2-202249,S3-301331,S2-202137,S2-201555,S2-201758,S2-201565,S2-202176,S2-201449,S2-202160,S2-202045,S2-201804,S2-202203,S2-202324,S2-201667,S2-201579,S2-201839,S2-201443,S3-301691,S3-301370,S3-301997,S3-301617,S3-301423,S3-301446,S3-301960,S3-301880,S3-301411,S3-301982,S3-301433,S2-201543,S3-301322,S2-202431,S2-202501,S3-302260,S3-302330
S1-102594	S2-202250,S2-202055,S3-301889,S3-301483,S2-201718,S2-201434,S2-202141,S2-202245,S2-201812,S2-201679,S2-202063,S2-202282,S2-201492,S2-201823,S2-202166,S2-202318,S2-201450,S2-201630,S2-202110,S2-201517,S2-201468,S2-201893,S2-201806,S2-201780,S3-301988,S3-301663,S3-302110,S3-301491,S3-301741,S3-301349,S3-301583,S3-301939,S3-301541,S3-301667,S3-301316
S1-102595	S3-302079,S3-301899,S2-201575,S2-201523,S2-201978,S2-201424,S2-202301,S2-201880,S3-301398,S3-301973,S3-301905,S3-301730,S3-302128,S3-301816,S2-202436,S2-202400,S2-202558,S2-202552,S3-302387,S3-302229,S3-302381,S3-302265,S2-201689,S2-201764,S2-201998,S2-202164,S2-202216,S2-201501,S2-202086,S2-201762,S2-201987,S2-202007,S2-201973,S3-301624,S3-301826
S1-102596	S3-302080,S2-202251,S2-202003,S2-202328,S2-202053,S2-202311,S2-202009,S2-202331,S2-201800,S2-202307,S2-202296,S2-201959,S3-302033,S3-302158,S3-301606,S3-302131,S3-301383,S3-301658,S3-301848,S3-302155,S3-301801,S3-302138,S3-301888,S3-302122,S2-201745,S2-202576,S2-202453,S2-202570,S2-202336,S2-202555,S2-202446,S2-202571,S2-202384,S2-202402,S3-302165
S1-102597	S3-302081,S2-202263,S2-201971,S3-302091,S3-301812,S3-302119,S2-201738,S2-202292,S2-202188,S2-201498,S2-201695,S2-201658,S2-201795,S2-202040,S2-201937,S2-201621,S2-201884,S2-201666,S2-202032,S3-301375,S3-301531,S3-301876,S3-301480,S3-301885,S3-301557,S3-301734,S3-301525,S3-301361,S3-301783,S3-301654,S3-301334,S3-302011,S2-202497,S3-302326,S3-301538
S1-102598	S2-201587,S2-201820,S2-201566,S2-201967,S2-201495,S2-202005,S3-301386,S3-301845,S3-301372,S2-202261,S2-201510,S2-202243,S2-202572,S2-202333,S2-202462,S2-202424,S3-302401,S3-302162,S3-302253,S3-302291,S3-302074
S1-102599	S2-202252,S3-302082,S2-202190,S2-201734,S3-301595,S3-301677,S2-201822,S2-201808,S2-201951,S2-202293,S2-202248,S3-301488,S3-301665,S3-301445,S3-302112,S3-301795,S3-302120,S2-202348,S2-202347,S2-202483,S2-202407,S3-302176,S3-302312,S3-302236,S3-302177,S2-201665,S2-202327,S2-202124,S2-202274,S2-202146,S2-202116,S2-202120,S2-201716,S2-202114,S2-202543
S1-102600	S2-202277,S3-302106,S2-202253,S2-201792,S2-201511,S2-202096,S2-201892,S2-202113,S2-202208,S2-202272,S2-202258,S2-202275,S2-201703,S2-201763,S2-201611,S2-201425,S2-202056,S2-201422,S2-202075,S3-302104,S3-302100,S3-301651,S3-301438,S3-301311,S3-301890,S3-301567,S3-301913,S3-302086,S3-301981,S3-301941,S3-301387,S3-302036,S2-202549,S2-202562,S2-202417
S1-102601	S2-202254,S3-302083,S2-201440,S3-301708,S3-301319,S2-201918,S2-201676,S2-201403,S2-201826,S2-201429,S2-202085,S3-301724,S3-301764,S3-301498,S3-301539,S3-301680,S3-301496,S3-301510,S3-301421,S3-301347,S2-201465,S2-201644,S2-201709,S3-302025,S2-201553,S2-202414,S2-202345,S2-202207,S2-202564,S3-302393,S3-302174,S3-302243,S2-202447,S2-202350,S2-201532
S1-102602	S2-202255,S3-302084,S2-202220,S2-201669,S2-201598,S2-202100,S2-202178,S2-202155,S2-202051,S3-301886,S3-301932,S3-301999,S3-302048,S2-202573,S2-202553,S3-302382,S3-302402,S2-201423,S2-202017,S2-202542,S2-201899,S2-201845,S2-201879,S2-201724,S2-202047,S2-202321,S2-201704,S2-202050,S2-201947,S2-202221,S2-201756,S2-201521,S2-201897,S2-201421,S2-201868
S1-102603	S2-202256,S2-201881,S2-201994,S2-201830,S2-202180,S2-201623,S2-202185,S2-202016,S2-202276,S2-201522,S2-201524,S2-201988,S2-201544,S2-201687,S2-202129,S2-202029,S3-301482,S3-302001,S3-301403,S3-301399,S3-301827,S3-301683,S3-302009,S3-301868,S3-301549,S3-301397,S3-301953,S2-201531,S2-202341,S2-202551,S2-202458,S2-202565,S2-202511,S2-202397,S2-202381
S1-102604	S2-202257,S3-302085,S2-202157,S2-201509,S2-201556,S2-201713,S2-201499,S2-202062,S2-202225,S2-201460,S2-201519,S2-202067,S2-201564,S3-301424,S3-302055,S3-301578,S3-301395,S3-301342,S3-301376,S3-301978,S3-302137,S3-301385,S2-202438,S3-302267
S1-102605	S3-302086,S2-202258,S2-202075,S2-202113,S3-301913,S3-301941,S2-201792,S2-202277,S2-201511,S2-202096,S2-201892,S2-202208,S2-202272,S2-202275,S2-201703,S2-201763,S2-201611,S2-202056,S2-201422,S3-302104,S3-302100,S3-301651,S3-301311,S3-301890,S3-301567,S3-302106,S3-301981,S3-301387,S3-302036,S2-202253,S2-202549,S2-202562,S2-202417,S2-202561,S2-202403
S1-102606	S2-201900,S2-202320,S3-302146,S3-301747,S2-201747,S2-201404,S2-201546,S2-201862,S2-201647,S2-201427,S2-202046,S2-202106,S2-201924,S3-301769,S3-301608,S3-301512,S3-301455,S3-301292,S3-301841,S3-301415,S3-301715,S3-301313,S3-301881,S3-301935,S3-302087
S1-102607	S2-202259,S2-202140,S2-201617,S3-301965,S3-301477,S3-301759,S2-201477,S2-202132,S2-201772,S2-201520,S2-202159,S2-201469,S2-202240,S2-201818,S2-201827,S2-201431,S2-201836,S2-202330,S2-201430,S2-201814,S2-201952,S2-201610,S2-202181,S3-301354,S3-301980,S3-301731,S3-301670,S3-301902,S3-301522,S3-301855,S3-301681,S3-302003,S3-301673,S3-301955,S3-302157
S1-102608	S3-302088,S2-202028,S3-301527,S3-301867,S2-201452,S2-201915,S2-202286,S2-201882,S2-202149,S2-201436,S2-201787,S2-201960,S2-201660,S2-202174,S2-202264,S2-202313,S2-202268,S2-202126,S2-201803,S3-301661,S3-301760,S3-301435,S3-302092,S3-301971,S3-301648,S3-301333,S3-301732,S3-301995,S3-302140,S3-301951,S3-302098,S2-202556,S2-202374,S3-302385,S3-302203
S1-102609	S3-302089,S2-202260,S3-301580,S2-202020,S2-201939,S2-201963,S2-202229,S2-201620,S2-201707,S2-202015,S2-201699,S2-202130,S2-201891,S2-201451,S2-201982,S2-201751,S3-301740,S3-301574,S3-301820,S3-301656,S3-301859,S3-301562,S3-301954,S3-301332,S3-301853,S3-301804,S3-301785,S3-301857,S3-302058,S3-301461,S2-202537,S2-202563,S2-202498,S2-202507,S2-202418
S1-102610	S2-202261,S2-201587,S2-201820,S2-201566,S2-201967,S2-201495,S2-202005,S3-301386,S3-301845,S3-301372,S2-202572,S2-202333,S2-202462,S2-202424,S3-302401,S3-302162,S3-302253,S3-302291,S2-201510,S2-202243,S3-302074
S1-102611	S2-202262,S3-302090,S2-201535,S2-202156,S2-201953,S2-201873,S2-201997,S2-201874,S2-202064,S2-202102,S2-201417,S2-202109,S2-201735,S3-301725,S3-301797,S3-301835,S3-301597,S3-302024,S3-301938,S3-301933,S2-202378,S2-202394,S2-202352,S2-202443,S2-202371,S3-302200,S3-302181,S3-302207,S3-302272,S3-302223,S2-202199
S1-102612	S2-202263,S3-302091,S2-201738,S2-201971,S3-302081,S3-301812,S3-302119,S2-202292,S2-202188,S2-201498,S2-201695,S2-201658,S2-201795,S2-202040,S2-201937,S2-201621,S2-201884,S2-201666,S2-202032,S3-301375,S3-301531,S3-301876,S3-301480,S3-301885,S3-301557,S3-301734,S3-301525,S3-301361,S3-301783,S3-301654,S3-301334,S3-302011,S2-202497,S3-302326,S3-301573
S1-102613	S3-302092,S2-202264,S2-201452,S2-201915,S2-202286,S2-201882,S2-202028,S2-202149,S2-201436,S2-201787,S2-201960,S2-201660,S2-202174,S2-202313,S2-202268,S2-202126,S2-201803,S3-301661,S3-301760,S3-302088,S3-301435,S3-301971,S3-301648,S3-301333,S3-301732,S3-301527,S3-301995,S3-302140,S3-301951,S3-302098,S3-301867,S2-202556,S2-202374,S3-302385,S3-302203
S1-102614	S3-302093,S2-202013,S2-202049,S3-301851,S3-301884,S2-201484,S2-202022,S2-201585,S2-202093,S2-201834,S2-201817,S2-202273,S2-201991,S2-202027,S2-201793,S2-201512,S2-202244,S2-201694,S2-201706,S3-301388,S3-302075,S3-301765,S3-301829,S3-301520,S3-301652,S3-301866,S3-301927,S3-301453,S3-301861,S3-301556,S3-301572,S3-302101,S2-202485,S3-301685,S3-302314
S1-102615	S3-302094,S3-301668,S3-301576,S3-302035,S3-301585,S3-301532,S2-202265,S2-201964,S2-201757,S2-201542,S2-201955,S2-201680,S2-202195,S2-202098,S2-201500,S2-201663,S2-202019,S2-201563,S2-201506,S3-302020,S3-301378,S3-301530,S3-302018,S3-301805,S3-302029,S3-301410,S3-302013,S3-301930,S2-202359,S2-202545,S2-202521,S2-201710,S2-202441,S3-302350,S3-301432
S1-102616	S2-202266,S3-302095,S2-202165,S2-202076,S2-201837,S2-202011,S2-201717,S2-201723,S2-201550,S2-202267,S2-201750,S2-202235,S2-201983,S2-201999,S2-202242,S2-201654,S2-202136,S2-201729,S3-301542,S3-301582,S3-301844,S3-302073,S3-301837,S3-301689,S3-301519,S3-301346,S3-301293,S3-301547,S3-301602,S3-301726,S3-301987,S3-302149,S3-302096,S3-301377,S3-301959
S1-102617	S2-202267,S2-201717,S2-201723,S3-301582,S3-302096,S2-202165,S2-202076,S2-201837,S2-202011,S2-201550,S2-201750,S2-202266,S2-202235,S2-201983,S2-201999,S2-202242,S2-201654,S2-202136,S2-201729,S3-301542,S3-301844,S3-302073,S3-301837,S3-301689,S3-301519,S3-301346,S3-301293,S3-301547,S3-302095,S3-301602,S3-301726,S3-301987,S3-302149,S3-301377,S3-301959
S1-102618	S2-202268,S2-202149,S3-301971,S3-301648,S2-201787,S2-201452,S2-201915,S2-202286,S2-201882,S2-202028,S2-201436,S2-201960,S2-201660,S2-202174,S2-202264,S2-202313,S2-202126,S2-201803,S3-301661,S3-301760,S3-302088,S3-301435,S3-302092,S3-301333,S3-301732,S3-301527,S3-301995,S3-302140,S3-301951,S3-302098,S3-301867,S2-202556,S2-202374,S3-302385,S3-302203
S1-102619	S2-201810,S2-201920,S3-302072,S2-201551,S2-201494,S2-201961,S2-201929,S2-202048,S2-202066,S2-201636,S2-201921,S2-201935,S2-202115,S2-201974,S2-201743,S2-201419,S2-202209,S2-201549,S2-201923,S2-202238,S2-202033,S2-202241,S2-202211,S2-201503,S3-301766,S3-302037,S3-301901,S3-301774,S3-301307,S3-301417,S3-301814,S3-301419,S3-301501,S3-301371,S3-301803
S1-102620	S2-202312,S3-301958,S3-302139,S2-201643,S2-201904,S2-201950,S2-201850,S2-202135,S2-202042,S2-201768,S2-201576,S2-202269,S2-201678,S3-301540,S3-301993,S3-301793,S3-301702,S3-301628,S3-301442,S3-301750,S3-301509,S3-302002,S3-301761,S2-201571,S2-201570,S2-201765,S2-201493,S2-201590,S2-202480,S2-202567,S2-201761,S3-301294,S3-301369,S3-301626,S3-302309
S1-102621	S2-202270,S3-302113,S2-202285,S2-202057,S2-202036,S3-301299,S3-301818,S2-202230,S2-201980,S2-201409,S2-202112,S2-201670,S2-201478,S3-302065,S3-302059,S3-301494,S3-301892,S3-301355,S2-202236,S2-202144,S2-202401,S3-302230
S1-102622	S3-302098,S2-201960,S2-201452,S2-201915,S2-202286,S2-201882,S2-202028,S2-202149,S2-201436,S2-201787,S2-201660,S2-202174,S2-202264,S2-202313,S2-202268,S2-202126,S2-201803,S3-301661,S3-301760,S3-302088,S3-301435,S3-302092,S3-301971,S3-301648,S3-301333,S3-301732,S3-301527,S3-301995,S3-302140,S3-301951,S3-301867,S2-202556,S2-202374,S3-302385,S3-302203
S1-102623	S3-302099,S2-202271,S2-201609,S2-201825,S2-201632,S2-202037,S2-202087,S2-201981,S3-301819,S3-301471,S3-301873,S3-301492,S3-301429,S2-202368,S2-202408,S2-202510,S3-302339,S3-302237,S3-302197
S1-102624	S2-202272,S3-302100,S2-201792,S3-302104,S3-301387,S2-201511,S2-202275,S3-301651,S2-201763,S2-202277,S2-202096,S2-201892,S2-202113,S2-202208,S2-202258,S2-201703,S2-201611,S2-202056,S2-201422,S2-202075,S3-301311,S3-301890,S3-301567,S3-301913,S3-302086,S3-302106,S3-301981,S3-301941,S3-302036,S2-202253,S2-202549,S2-202562,S2-202417,S2-202561,S2-202403
S1-102625	S2-202273,S3-302101,S2-201585,S3-301453,S2-201484,S2-202022,S2-202013,S2-202093,S2-202049,S2-201834,S2-201817,S2-201991,S2-202027,S2-201793,S2-201512,S2-202244,S2-201694,S2-201706,S3-301884,S3-301388,S3-302075,S3-301765,S3-301829,S3-301520,S3-301652,S3-301866,S3-301927,S3-302093,S3-301861,S3-301556,S3-301572,S3-301851,S2-202485,S3-301685,S3-302314
S1-102626	S2-202274,S2-202114,S3-301949,S3-301882,S3-302102,S2-202124,S3-301943,S2-202327,S2-202146,S2-202116,S2-202120,S3-301968,S3-301298,S3-301944,S3-301360,S3-302154,S3-301581,S3-301877,S2-202543,S2-202351,S3-302180,S3-302372,S2-201716,S2-202190,S2-201808,S2-201822,S2-202348,S2-202347,S2-201734,S2-201665,S2-202483,S2-201951,S2-202293,S2-202248,S2-202407
S1-102627	S3-302103,S2-201756,S3-301616,S2-201423,S2-202047,S2-202321,S2-201947,S3-301778,S3-302147,S3-301569,S3-301310,S2-202542,S2-201704,S2-202437,S2-202119,S3-302371,S3-302266,S2-201724,S3-301900,S3-302069,S2-202017,S2-201899,S2-201845,S2-201879,S2-202220,S2-202573,S2-201669,S2-202050,S2-202553,S2-201598,S2-202221,S2-202100,S2-202178,S2-202155,S2-201521
S1-102628	S3-302104,S2-202275,S2-201792,S2-202272,S3-302100,S3-301387,S2-201511,S2-201763,S3-301651,S2-202277,S2-202096,S2-201892,S2-202113,S2-202208,S2-202258,S2-201703,S2-201611,S2-202056,S2-201422,S2-202075,S3-301311,S3-301890,S3-301567,S3-301913,S3-302086,S3-302106,S3-301981,S3-301941,S3-302036,S2-202253,S2-202549,S2-202562,S2-202417,S2-202561,S2-202403
S1-102629	S2-202276,S2-202185,S3-302009,S2-201544,S2-201830,S2-202180,S2-201623,S2-202016,S2-201522,S2-201881,S2-201524,S2-202256,S2-201988,S2-201687,S2-201994,S2-202129,S2-202029,S3-301482,S3-302001,S3-301403,S3-301399,S3-301827,S3-301683,S3-301868,S3-301549,S3-301397,S3-301953,S2-201531,S2-202341,S2-202551,S2-202458,S2-202565,S2-202511,S2-202397,S2-202381
S1-102630	S2-202277,S3-302106,S2-202253,S2-201792,S2-201511,S2-202096,S2-201892,S2-202113,S2-202208,S2-202272,S2-202258,S2-202275,S2-201703,S2-201763,S2-201611,S2-202056,S2-201422,S2-202075,S3-302104,S3-302100,S3-301651,S3-301311,S3-301890,S3-301567,S3-301913,S3-302086,S3-301981,S3-301941,S3-301387,S3-302036,S2-202549,S2-202562,S2-202417,S2-202561,S2-202403
S1-102631	S3-302107,S2-202278,S3-301870,S2-201514,S2-201889,S2-202175,S2-202302,S2-201595,S2-201715,S2-202281,S2-201932,S2-201733,S2-202152,S2-201976,S2-201402,S2-201744,S3-301296,S3-301996,S3-301390,S3-301777,S3-301593,S3-301684,S3-302129,S3-301898,S3-301703,S3-301402,S3-301644,S3-302109,S3-301291,S3-301601,S2-201851,S2-201528,S2-202358,S2-202517,S2-202533
S1-102632	S2-202279,S3-302108,S3-301847,S2-202008,S2-201742,S2-202024,S2-201728,S2-202171,S2-201777,S2-201807,S2-201824,S2-201400,S2-201584,S3-301679,S3-301664,S3-301994,S3-301589,S3-301712,S3-301604,S3-301794,S3-301636,S3-301863,S2-202342,S2-202557,S2-202504,S3-302386,S3-302333,S3-302171,S3-301452,S2-201859
S1-102633	S3-301903,S2-202068,S2-202058,S2-202280,S3-301893,S2-201586,S2-201731,S2-201448,S2-202193,S2-201538,S2-201895,S2-201673,S2-201561,S3-301977,S3-301454,S3-301842,S3-301568,S3-301428,S3-301535,S3-301743,S2-202154,S2-202411,S2-202412,S2-202435,S3-302241,S3-301330,S3-302240,S3-302264
S1-102634	S2-202281,S3-302109,S2-201744,S2-202175,S2-201514,S2-201889,S2-202302,S2-202278,S2-201595,S2-201715,S2-201932,S2-201733,S2-202152,S2-201976,S2-201402,S3-301296,S3-301996,S3-301390,S3-302107,S3-301777,S3-301593,S3-301684,S3-302129,S3-301898,S3-301703,S3-301402,S3-301644,S3-301291,S3-301870,S3-301601,S2-201851,S2-201528,S2-202358,S2-202517,S2-202533
S1-102635	S2-202282,S3-302110,S2-202141,S2-202063,S3-301966,S2-201718,S2-201434,S2-202245,S2-201812,S2-202250,S2-201679,S2-201492,S2-201823,S2-202166,S2-202055,S2-202318,S2-201450,S2-201630,S2-202110,S2-201517,S2-201468,S2-201893,S2-201806,S2-201780,S3-301988,S3-301663,S3-301889,S3-301491,S3-301741,S3-301349,S3-301583,S3-301939,S3-301541,S3-301667,S3-301316
S1-102636	S3-301969,S2-202147,S2-201776,S2-201569,S2-202169,S2-201539,S2-201931,S2-201805,S2-201420,S2-201605,S2-202073,S2-202122,S2-202228,S2-201870,S2-201696,S2-201525,S2-201911,S2-202325,S2-201912,S2-201705,S2-202319,S3-301911,S3-302057,S3-301662,S3-301558,S3-301991,S3-302145,S3-301466,S3-302152,S3-301776,S3-301439,S3-301635,S3-301571,S3-301947,S3-301675
S1-102637	S3-302111,S2-202283,S2-202231,S2-202127,S3-301952,S3-302060,S2-201532,S2-202153,S2-202025,S2-201819,S2-201496,S2-201775,S2-202142,S2-201682,S2-201456,S2-202065,S2-202210,S2-201426,S3-301404,S3-302038,S3-301674,S3-302125,S3-301646,S3-301918,S3-301337,S3-301748,S3-301897,S3-301864,S3-301544,S3-301312,S3-302008,S3-301373,S2-202080,S2-201902,S3-301976
S1-102638	S2-202284,S3-301406,S2-201936,S3-301782,S2-202125,S2-201871,S2-201926,S2-201594,S2-202088,S2-201896,S2-201625,S2-201613,S2-201857,S2-202305,S2-201919,S2-202224,S2-201458,S2-201864,S2-201878,S3-301717,S3-301325,S3-301499,S3-301460,S3-301485,S3-302077,S3-301950,S3-301340,S3-301473,S3-302054,S3-301772,S3-301942,S3-301722,S3-301418,S2-202461,S2-202514
S1-102639	S3-302112,S2-202190,S2-201808,S2-201734,S2-201951,S2-202293,S2-202248,S2-202252,S3-301488,S3-301595,S3-301665,S3-301445,S3-301677,S3-301795,S3-302082,S3-302120,S2-201822,S2-202348,S2-202347,S2-202483,S2-202407,S3-302176,S3-302312,S3-302236,S3-302177,S2-201665,S2-202327,S2-202124,S2-202274,S2-202146,S2-202116,S2-202120,S2-201716,S2-202114,S2-202543
S1-102640	S3-302113,S2-202285,S2-202270,S2-202230,S2-201980,S2-201409,S2-202112,S2-201670,S3-302065,S3-302059,S3-301494,S3-301892,S2-202057,S2-201478,S2-202036,S3-301299,S3-301818,S2-202236,S3-301355,S2-202144,S2-202401,S3-302230
S1-102641	S2-202286,S2-201452,S2-201915,S2-201882,S2-202028,S2-202149,S2-201436,S2-201787,S2-201960,S2-201660,S2-202174,S2-202264,S2-202313,S2-202268,S2-202126,S2-201803,S3-301661,S3-301760,S3-302088,S3-301435,S3-302092,S3-301971,S3-301648,S3-301333,S3-301732,S3-301527,S3-301995,S3-302140,S3-301951,S3-302098,S3-301867,S2-202556,S2-202374,S3-302385,S3-302203
S1-102642	S3-302114,S2-202287,S2-201855,S2-201853,S2-202089,S2-201507,S2-201642,S2-201606,S2-202172,S2-201588,S2-201675,S2-201866,S2-201993,S2-202297,S2-202186,S2-201766,S3-301508,S3-301705,S3-301831,S3-301566,S3-301384,S3-301537,S3-301735,S3-302010,S3-301718,S3-301612,S2-201885,S2-201753,S2-201454,S3-302123,S3-301694,S2-202520,S2-202489,S2-202449,S2-202459
S1-102643	S2-202288,S3-302115,S3-301687,S2-202303,S2-201854,S3-301706,S3-302130,S3-301666,S2-201811,S2-201833,S2-202194,S3-302017,S2-201740,S2-201568,S2-201965,S2-201852,S2-201573,S2-201856,S2-201401,S2-201601,S2-201944,S2-201442,S2-201890,S2-201674,S2-202202,S2-201781,S2-201574,S3-301704,S3-302028,S3-301788,S3-301536,S3-301806,S3-301321,S3-301441,S3-301467
S1-102644	S3-302116,S2-202289,S2-201788,S2-202183,S2-201479,S2-201633,S2-201732,S2-201648,S2-201645,S2-201759,S2-201622,S2-202170,S3-301591,S3-301493,S3-301992,S3-301614,S3-302005,S3-301513,S3-301356,S3-301618,S2-202344,S2-202395,S2-202404,S3-302233,S3-302173,S3-302224
S1-102645	S2-202290,S3-302117,S2-201913,S3-301758,S2-201410,S2-201869,S2-201849,S2-201481,S2-201536,S2-201672,S2-201977,S2-202052,S3-301701,S3-301887,S3-301707,S3-301548,S3-301300,S3-301721,S3-301534,S2-201686,S2-202473,S2-202340,S2-202427,S3-302256,S3-302302,S3-302169
S1-102646	S2-202291,S3-302118,S3-301413,S3-301989,S2-202167,S2-201938,S2-201847,S2-201597,S2-201560,S2-201784,S2-202034,S2-202187,S2-202214,S2-201726,S2-201600,S2-201972,S2-201489,S2-201801,S3-301634,S3-301575,S3-301871,S3-301587,S3-301463,S3-301645,S3-301302,S3-301434,S3-301570,S3-301698,S3-301784,S3-301613,S2-202377,S2-202478,S2-202548,S3-302377,S3-302307
S1-102647	S3-302119,S2-202263,S2-201971,S3-302091,S3-302081,S3-301812,S2-202292,S2-201738,S2-202188,S2-201498,S2-201695,S2-201658,S2-201795,S2-202040,S2-201937,S2-201621,S2-201884,S2-201666,S2-202032,S3-301375,S3-301531,S3-301876,S3-301480,S3-301885,S3-301557,S3-301734,S3-301525,S3-301361,S3-301783,S3-301654,S3-301334,S3-302011,S2-202497,S3-302326,S3-301538
S1-102648	S2-202293,S3-302120,S3-301445,S2-202190,S2-201808,S2-201734,S2-201951,S2-202248,S2-202252,S3-301488,S3-301595,S3-301665,S3-301677,S3-302112,S3-301795,S3-302082,S2-201822,S2-202348,S2-202347,S2-202483,S2-202407,S3-302176,S3-302312,S3-302236,S3-302177,S2-201665,S2-202327,S2-202124,S2-202274,S2-202146,S2-202116,S2-202120,S2-201716,S2-202114,S2-202543
S1-102649	S2-202294,S3-301956,S3-302052,S2-202133,S3-302121,S2-202304,S2-201903,S2-201905,S2-201698,S2-201815,S2-201473,S2-201894,S2-201681,S2-202308,S2-202117,S2-201541,S2-201453,S2-201945,S2-202139,S2-201455,S2-201650,S2-201413,S3-301751,S3-301336,S3-301749,S3-302132,S3-301543,S3-301964,S3-301592,S3-301561,S3-301409,S3-301335,S3-301444,S3-301789,S3-301514
S1-102650	S2-201631,S2-201883,S2-201796,S2-202212,S2-201487,S3-301481,S3-301733,S3-302040,S3-301655,S3-301416,S2-201547,S2-202295
S1-102651	S2-202296,S3-302033,S3-302122,S2-202053,S2-202251,S2-202311,S2-202009,S2-201800,S2-201959,S3-302158,S3-302080,S3-302131,S3-301383,S3-301658,S3-301848,S3-302155,S3-302138,S3-301888,S2-202328,S2-202003,S2-202331,S2-202307,S3-301606,S3-301801,S2-201745,S2-202576,S2-202453,S2-202570,S2-202336,S2-202555,S2-202446,S2-202571,S2-202384,S2-202402,S3-302165
S1-102652	S2-202297,S3-302123,S3-301694,S2-201853,S2-202089,S2-201507,S2-201642,S2-201606,S2-201855,S2-202172,S2-201588,S2-201675,S2-201866,S2-201993,S2-202186,S2-201766,S3-301508,S3-301705,S3-301831,S3-302114,S3-301566,S3-301384,S3-301537,S3-301735,S3-302010,S3-301718,S3-301612,S2-202287,S2-201885,S2-201753,S2-201454,S2-202520,S2-202489,S2-202449,S2-202459
S1-102653	S2-202298,S3-302124,S3-301599,S2-201737,S2-201969,S2-201533,S2-202010,S2-202222,S2-201799,S2-201603,S2-202023,S2-201559,S3-301849,S3-301607,S3-301906,S3-301810,S3-302027,S3-301338,S3-301405,S3-301495,S3-301657,S3-302021,S2-201608,S2-202012,S2-201746,S2-202121,S2-202184,S2-201457,S2-202131,S3-301426,S3-302151,S3-301470,S3-302051,S3-302007,S3-301850
S1-102654	S3-302125,S2-201532,S2-202153,S2-202127,S2-202025,S2-201819,S2-201496,S2-202283,S2-201775,S2-202231,S2-202142,S2-201682,S2-201456,S2-202065,S2-202210,S2-201426,S3-301404,S3-302038,S3-301674,S3-301646,S3-301918,S3-301337,S3-302060,S3-301748,S3-301897,S3-301864,S3-301544,S3-301312,S3-302008,S3-301952,S3-302111,S3-301373,S2-202080,S2-201902,S3-301976
S1-102655	S3-302126,S2-202300,S2-201828,S2-202043,S2-201984,S2-201589,S2-202316,S2-201491,S2-201714,S2-201671,S3-301456,S3-301923,S3-302143,S3-301533,S3-301579,S3-301394,S2-201518,S3-301823,S3-301368,S3-301596,S3-301879,S2-202550,S2-202426,S2-202452,S3-302379,S3-302255,S3-302281
S1-102656	S3-302127,S2-201702,S2-201861,S3-301714,S2-201948,S3-301791,S3-301904,S2-201592,S2-201755,S2-201741,S2-201934,S2-201548,S2-202031,S2-202035,S2-202060,S2-202103,S3-301780,S3-301872,S3-301676,S3-301895,S3-301615,S2-202544,S2-202529,S2-202535,S2-202469,S2-202486,S2-201821,S3-302373,S3-302358,S3-302315,S3-302364,S3-301869,S3-302298
S1-102657	S3-302128,S2-202301,S2-201523,S2-201575,S2-201978,S2-201424,S2-201880,S3-301398,S3-301973,S3-302079,S3-301899,S3-301905,S3-301730,S3-301816,S2-202436,S2-202400,S2-202558,S2-202552,S3-302387,S3-302229,S3-302381,S3-302265,S2-201689,S2-201764,S2-201998,S2-202164,S2-202216,S2-201501,S2-202086,S2-201762,S2-201987,S2-202007,S2-201973,S3-301624,S3-301826
S1-102658	S3-302129,S2-202302,S2-201514,S3-301390,S2-201889,S2-202175,S2-202278,S2-201595,S2-201715,S2-202281,S2-201932,S2-201733,S2-202152,S2-201976,S2-201402,S2-201744,S3-301296,S3-301996,S3-302107,S3-301777,S3-301593,S3-301684,S3-301898,S3-301703,S3-301402,S3-301644,S3-302109,S3-301291,S3-301870,S3-301601,S2-201851,S2-201528,S2-202358,S2-202517,S2-202533
S1-102659	S3-302130,S2-202303,S2-202288,S2-201854,S3-301706,S3-302115,S3-301666,S2-201811,S2-201833,S2-202194,S3-302017,S2-201740,S2-201568,S2-201965,S2-201852,S2-201573,S2-201856,S2-201401,S2-201601,S2-201944,S2-201442,S2-201890,S2-201674,S2-202202,S2-201781,S2-201574,S3-301704,S3-302028,S3-301788,S3-301536,S3-301806,S3-301441,S3-301467,S3-301437,S3-301290
S1-102660	S2-202304,S2-201455,S3-301336,S3-301789,S3-301451,S2-201945,S2-201903,S2-201905,S2-202133,S2-201698,S2-201815,S2-201473,S2-202294,S2-201894,S2-201681,S2-202308,S2-202117,S2-201541,S2-201453,S2-202139,S2-201650,S2-201413,S3-301956,S3-301751,S3-301749,S3-302132,S3-302052,S3-301543,S3-301964,S3-301592,S3-301561,S3-301409,S3-301335,S3-301444,S3-301514
S1-102661	S2-202305,S2-202224,S3-302054,S2-202125,S2-201871,S2-201926,S2-201594,S2-202088,S2-202284,S2-201896,S2-201625,S2-201613,S2-201857,S2-201919,S2-201936,S2-201458,S2-201864,S2-201878,S3-301717,S3-301325,S3-301499,S3-301460,S3-301485,S3-302077,S3-301782,S3-301950,S3-301340,S3-301473,S3-301772,S3-301406,S3-301942,S3-301722,S3-301418,S2-202461,S2-202514
S1-102662	S2-202306,S2-202143,S2-201580,S2-202314,S2-202111,S2-201789,S2-201416,S2-202070,S2-201540,S2-202104,S2-202163,S2-201898,S2-201445,S2-202332,S2-201975,S2-202218,S2-201407,S2-201922,S2-201441,S2-202054,S2-201933,S3-301326,S3-301297,S3-301815,S3-301779,S3-301907,S3-301957,S3-302141,S3-301940,S3-301306,S3-301458,S3-301447,S3-301985,S3-301767,S2-202385
S1-102663	S2-202307,S3-302131,S2-202003,S2-202328,S2-202053,S2-202251,S2-202311,S2-202009,S2-202331,S2-201800,S2-202296,S2-201959,S3-302033,S3-302158,S3-301606,S3-302080,S3-301383,S3-301658,S3-301848,S3-302155,S3-301801,S3-302138,S3-301888,S3-302122,S2-201745,S2-202576,S2-202453,S2-202570,S2-202336,S2-202555,S2-202446,S2-202571,S2-202384,S2-202402,S3-302165
S1-102664	S2-202308,S3-302132,S3-301561,S3-301671,S2-202304,S2-201903,S2-201905,S2-202133,S2-201698,S2-201815,S2-201473,S2-202294,S2-201894,S2-201681,S2-202117,S2-201541,S2-201453,S2-201945,S2-202139,S2-201455,S2-201650,S2-201413,S3-301956,S3-301751,S3-301336,S3-301749,S3-302052,S3-301543,S3-301964,S3-301592,S3-301409,S3-301335,S3-301444,S3-301789,S3-301514
S1-102665	S2-202309,S3-302133,S3-301327,S2-202213,S2-202095,S2-202201,S2-201628,S2-201688,S2-202173,S2-201875,S2-202233,S2-201841,S2-201646,S2-201459,S2-201438,S2-202001,S2-202179,S2-201719,S2-201464,S2-201692,S2-201418,S2-201582,S2-201700,S2-201439,S2-201634,S2-201657,S3-301318,S3-301693,S3-302016,S3-301553,S3-301802,S3-302063,S3-301928,S3-302000,S3-301821
S1-102666	S2-202310,S3-302134,S2-202177,S2-201406,S3-301301,S3-301998,S2-201786,S2-201411,S2-201985,S3-301744,S3-301500,S2-202014,S2-201638,S2-201635,S3-301852,S3-301504,S2-202457,S2-202406,S3-302235,S3-302286,S3-301824
S1-102667	S3-302135,S2-201858,S2-201408,S2-202084,S2-201677,S2-201467,S2-201516,S2-201649,S2-202059,S2-202108,S2-201760,S2-201943,S2-202161,S2-201910,S3-301921,S3-301894,S3-301787,S3-301315,S3-301756,S3-301643,S3-301619,S3-301711,S3-301937,S2-201432,S2-201782,S2-202343,S2-202364,S2-202428,S2-202396,S2-202433,S3-302193,S3-302262,S3-302257,S3-302225,S3-302172
S1-102668	S3-302136,S2-202099,S2-202198,S2-202162,S2-201863,S2-201794,S3-301908,S3-301716,S3-301627,S3-301412,S3-301984,S3-301427,S3-302023,S3-301931,S3-301653,S2-201545,S2-201767,S2-202491,S3-302320
S1-102669	S3-302137,S2-202062,S2-202157,S2-201509,S2-201556,S2-201713,S2-202257,S2-201499,S2-202225,S2-201460,S2-201519,S2-202067,S2-201564,S3-301424,S3-302055,S3-301578,S3-301395,S3-301342,S3-301376,S3-301978,S3-301385,S3-302085,S2-202438,S3-302267
S1-102670	S3-302138,S3-301383,S2-202311,S3-301848,S2-202009,S2-202003,S2-202328,S2-202053,S2-202251,S2-202331,S2-201800,S2-202307,S2-202296,S2-201959,S3-302033,S3-302158,S3-301606,S3-302080,S3-302131,S3-301658,S3-302155,S3-301801,S3-301888,S3-302122,S2-201745,S2-202576,S2-202453,S2-202570,S2-202336,S2-202555,S2-202446,S2-202571,S2-202384,S2-202402,S3-302165
S1-102671	S2-202312,S3-302139,S3-301958,S2-202135,S2-201643,S2-201904,S2-201950,S2-201850,S2-202042,S2-201768,S2-201576,S2-201678,S3-301540,S3-301993,S3-301793,S3-301702,S3-301628,S3-301442,S3-301750,S3-301509,S3-302002,S3-301761,S2-202269,S2-201571,S2-201570,S2-201765,S2-201493,S2-201590,S2-202480,S2-202567,S2-201761,S3-301294,S3-301369,S3-301626,S3-302309
S1-102672	S3-302140,S2-202313,S2-201452,S2-201915,S2-202286,S2-201882,S2-202028,S2-202149,S2-201436,S2-201787,S2-201960,S2-201660,S2-202174,S2-202264,S2-202268,S2-202126,S2-201803,S3-301661,S3-301760,S3-302088,S3-301435,S3-302092,S3-301971,S3-301648,S3-301333,S3-301732,S3-301527,S3-301995,S3-301951,S3-302098,S3-301867,S2-202556,S2-202374,S3-302385,S3-302203
S1-102673	S3-302141,S2-202314,S2-202306,S2-202143,S2-201580,S2-202111,S2-201789,S2-201416,S2-202070,S2-201540,S2-202104,S2-202163,S2-201898,S2-201445,S2-202332,S2-201975,S2-202218,S2-201407,S2-201922,S2-201441,S2-202054,S2-201933,S3-301326,S3-301297,S3-301815,S3-301779,S3-301907,S3-301957,S3-301940,S3-301306,S3-301458,S3-301447,S3-301985,S3-301767,S2-202385
S1-102674	S2-202315,S3-302142,S2-202329,S2-201949,S2-202071,S2-202246,S2-202206,S2-201989,S2-201683,S2-201872,S2-202083,S3-301909,S3-301792,S3-301828,S3-301854,S3-301545,S3-301723,S3-302034,S2-202353,S2-202466,S2-202415,S2-202369,S3-302295,S3-302182,S3-302244,S3-302198,S2-201414,S2-202200,S2-201769,S2-201693,S2-201627,S2-202004,S2-202575,S2-201583,S3-301487
S1-102675	S2-202316,S3-302143,S2-202043,S3-301879,S2-201984,S2-201518,S2-202300,S2-201589,S2-201491,S2-201714,S2-201828,S2-201671,S3-301456,S3-301823,S3-302126,S3-301923,S3-301368,S3-301533,S3-301596,S3-301579,S3-301394,S2-202550,S2-202426,S2-202452,S3-302379,S3-302255,S3-302281
S1-102676	S3-302144,S2-201421,S3-301309,S2-202017,S2-201899,S2-201879,S2-202050,S2-202221,S2-201521,S2-201897,S2-201868,S2-202323,S3-301746,S3-302050,S3-302150,S3-301396,S2-202337,S2-202460,S2-202569,S2-202536,S3-302365,S3-302166,S3-302289,S3-302398,S2-201423,S2-202542,S2-201845,S2-201724,S2-202047,S2-202321,S2-202220,S2-202573,S2-201669,S2-201704,S2-202553
S1-102677	S2-202317,S2-201537,S2-201941,S2-201829,S2-201925,S2-201488,S2-201942,S2-202326,S2-201816,S2-202044,S2-201996,S2-201968,S2-201909,S2-202077,S2-201690,S2-201711,S3-301577,S3-301407,S3-301672,S3-301809,S3-302153,S3-301682,S3-301408,S3-301771,S3-301755,S3-301786,S3-301963,S3-301552,S3-301431,S3-301914,S3-302006,S3-301364,S3-301833,S2-202429,S3-302258
S1-102678	S2-202318,S2-202166,S2-201450,S3-301988,S2-201718,S2-201434,S2-202141,S2-202245,S2-201812,S2-202250,S2-201679,S2-202063,S2-202282,S2-201492,S2-201823,S2-202055,S2-201630,S2-202110,S2-201517,S2-201468,S2-201893,S2-201806,S2-201780,S3-301663,S3-302110,S3-301889,S3-301491,S3-301741,S3-301349,S3-301583,S3-301939,S3-301541,S3-301667,S3-301316,S3-301483
S1-102679	S2-202319,S3-302145,S3-301571,S2-201569,S2-201912,S3-301439,S2-201705,S2-201776,S2-202169,S2-201539,S2-201931,S2-201805,S2-201420,S2-201605,S2-202073,S2-202122,S2-202228,S2-202147,S2-201870,S2-201696,S2-201525,S2-201911,S2-202325,S3-301911,S3-302057,S3-301662,S3-301558,S3-301991,S3-301466,S3-302152,S3-301776,S3-301969,S3-301635,S3-301947,S3-301675
S1-102680	S2-202320,S3-302146,S2-201900,S3-301747,S2-201747,S2-201404,S2-201546,S2-201862,S2-201647,S2-201427,S2-202046,S2-202106,S2-201924,S3-301769,S3-301608,S3-301512,S3-301455,S3-301292,S3-301841,S3-301415,S3-301715,S3-301313,S3-301881,S3-301935
S1-102681	S2-202321,S3-302147,S2-201423,S2-202047,S2-201947,S2-201756,S3-301616,S3-301778,S3-302103,S3-301569,S3-301310,S2-202542,S2-201704,S2-202437,S2-202119,S3-302371,S3-302266,S2-201529,S2-201724,S2-202105,S2-201962,S2-201505,S2-201640,S2-202092,S2-201639,S2-201624,S3-302069,S3-301934,S3-301719,S3-301484,S3-301382,S3-302042,S3-301926,S3-301900,S3-301505
S1-102682	S2-202030,S2-202322,S2-202097,S3-301929,S2-201557,S3-301425,S3-301650,S2-202091,S2-201907,S2-201791,S2-202082,S3-301660,S3-301768,S3-302148,S2-202367,S2-202500,S2-202578,S3-302196,S3-302329,S3-302407,S3-301753,S2-202183,S2-201479,S2-202041,S2-201788,S2-202289,S2-201773,S2-201645,S2-201917,S2-201622,S3-301591,S3-301493,S3-301992,S3-302005,S3-301618
S1-102683	S3-302149,S2-201837,S2-201654,S3-301844,S3-301689,S3-301519,S3-301726,S2-202165,S2-202076,S2-202011,S2-201717,S2-201723,S2-201550,S2-202267,S2-201750,S2-202266,S2-202235,S2-201983,S2-201999,S2-202242,S2-202136,S2-201729,S3-301542,S3-301582,S3-302073,S3-301837,S3-301346,S3-301293,S3-301547,S3-302095,S3-301602,S3-301987,S3-302096,S3-301377,S3-301959
S1-102684	S3-302150,S2-202323,S2-202221,S3-302050,S2-202017,S2-201899,S2-201879,S2-202050,S2-201521,S2-201897,S2-201421,S2-201868,S3-302144,S3-301746,S3-301396,S3-301309,S2-202337,S2-202460,S2-202569,S2-202536,S3-302365,S3-302166,S3-302289,S3-302398,S2-201423,S2-202542,S2-201845,S2-201724,S2-202047,S2-202321,S2-202220,S2-202573,S2-201669,S2-201704,S2-202553
S1-102685	S2-202324,S2-202137,S2-201555,S2-201758,S2-201565,S2-202176,S2-201449,S2-202160,S2-202045,S2-201804,S2-202203,S2-201667,S2-201579,S2-201839,S2-202249,S2-201443,S3-301691,S3-301370,S3-301997,S3-301617,S3-301423,S3-301446,S3-301960,S3-301880,S3-301411,S3-301331,S3-301982,S3-301433,S2-201543,S3-301322,S2-202431,S2-202501,S3-302260,S3-302330
S1-102686	S2-201969,S3-301810,S3-302151,S2-201799,S3-301657,S2-201533,S2-202010,S2-202222,S2-201603,S2-202023,S2-201559,S3-301849,S3-301607,S3-301906,S3-302027,S3-301338,S3-301405,S3-301495,S3-301599,S3-302021,S2-202121,S2-201608,S2-202012,S2-201746,S2-202298,S2-202184,S2-201457,S2-202131,S3-301426,S3-301470,S3-302051,S3-302007,S3-302124,S2-201737,S3-301850
S1-102687	S2-202325,S2-201539,S2-201931,S3-302152,S2-202228,S3-302057,S3-301776,S2-201776,S2-201569,S2-202169,S2-201805,S2-201420,S2-201605,S2-202073,S2-202122,S2-202147,S2-201870,S2-201696,S2-201525,S2-201911,S2-201912,S2-201705,S2-202319,S3-301911,S3-301662,S3-301558,S3-301991,S3-302145,S3-301466,S3-301439,S3-301969,S3-301635,S3-301571,S3-301947,S3-301675
S1-102688	S2-202326,S3-302153,S2-201942,S3-301786,S2-201537,S2-201941,S2-201829,S2-201925,S2-201488,S2-201816,S2-202044,S2-201996,S2-201968,S2-201909,S2-202317,S2-202077,S2-201690,S2-201711,S3-301577,S3-301407,S3-301672,S3-301809,S3-301682,S3-301408,S3-301771,S3-301755,S3-301963,S3-301552,S3-301431,S3-301914,S3-302006,S3-301364,S3-301833,S3-301323,S2-202429
S1-102689	S2-202327,S3-302154,S2-202274,S2-202146,S2-202116,S2-202120,S2-202114,S3-301968,S3-302102,S3-301298,S3-301944,S3-301949,S3-301360,S3-301581,S3-301882,S2-202124,S3-301943,S2-202543,S2-202351,S3-302180,S3-302372,S2-201716,S3-301877,S2-201808,S3-301665,S2-202190,S2-201822,S2-202348,S2-202347,S2-201734,S2-201665,S2-202483,S2-201951,S2-202293,S2-202248
S1-102690	S2-202328,S3-302155,S2-202003,S2-202053,S2-202251,S2-202311,S2-202009,S2-202331,S2-201800,S2-202307,S2-202296,S2-201959,S3-302033,S3-302158,S3-301606,S3-302080,S3-302131,S3-301383,S3-301658,S3-301848,S3-301801,S3-302138,S3-301888,S3-302122,S2-201745,S2-202576,S2-202453,S2-202570,S2-202336,S2-202555,S2-202446,S2-202571,S2-202384,S2-202402,S3-302165
S1-102691	S3-301380,S3-302156,S2-201986,S2-201554,S2-201916,S2-201867,S2-202138,S2-201865,S2-201990,S2-202204,S2-202090,S2-201474,S2-201475,S2-202191,S2-201447,S2-201771,S3-301825,S3-301720,S3-301640,S3-301329,S3-302014,S3-301422,S3-301353,S3-301925,S3-301631,S3-301352,S3-302030,S3-301962,S2-202217,S2-201527,S2-201684,S3-301586,S3-301546
S1-102692	S2-201801,S3-301434,S2-202291,S2-201938,S2-201847,S2-201597,S2-201560,S2-201784,S2-202034,S2-202187,S2-202214,S2-201726,S2-201600,S2-201972,S2-201489,S2-202167,S3-301989,S3-301634,S3-301413,S3-301575,S3-301871,S3-301587,S3-301463,S3-301645,S3-301302,S3-301570,S3-301698,S3-302118,S3-301784,S3-301613,S2-202377,S2-202478,S2-202548,S3-302377,S3-302307
S1-102693	S2-202329,S2-201949,S2-202315,S2-202071,S2-202246,S2-202206,S2-201989,S2-201683,S2-201872,S2-202083,S3-301909,S3-301792,S3-301828,S3-301854,S3-301545,S3-301723,S3-302034,S3-302142,S2-202353,S2-202466,S2-202415,S2-202369,S3-302295,S3-302182,S3-302244,S3-302198,S2-201414,S2-202200,S2-201769,S2-201693,S2-201627,S2-202004,S2-202575,S2-201583,S3-301487
S1-102694	S2-202330,S3-302157,S2-202240,S2-201952,S3-301796,S3-302071,S2-201477,S2-202132,S2-201772,S2-202140,S2-201520,S2-202159,S2-201469,S2-201617,S2-201818,S2-201827,S2-201431,S2-202259,S2-201836,S2-201430,S2-201814,S2-201610,S2-202181,S3-301354,S3-301980,S3-301731,S3-301670,S3-301902,S3-301522,S3-301855,S3-301681,S3-302003,S3-301673,S3-301955,S3-301965
S1-102695	S2-202331,S3-302158,S2-201959,S3-301658,S3-301801,S2-201800,S2-202003,S2-202328,S2-202053,S2-202251,S2-202311,S2-202009,S2-202307,S2-202296,S3-302033,S3-301606,S3-302080,S3-302131,S3-301383,S3-301848,S3-302155,S3-302138,S3-301888,S3-302122,S2-201745,S2-202576,S2-202453,S2-202570,S2-202336,S2-202555,S2-202446,S2-202571,S2-202384,S2-202402,S3-302165
S1-102696	S3-302159,S2-202215,S3-302043,S2-201462,S2-201730,S2-201591,S2-201720,S2-201513,S2-201656,S2-201727,S2-201486,S2-202232,S2-201778,S2-201572,S2-201619,S2-201691,S2-201906,S3-301975,S3-301752,S3-302062,S3-301588,S3-301479,S3-301620,S3-301457,S3-301389,S3-301523,S3-301305,S3-301590,S2-201502,S2-201415,S2-202151,S3-301834,S3-301638,S3-301363,S2-202465
S1-102697	S2-202137,S2-201555,S2-201758,S2-201565,S2-202176,S2-201449,S2-202160,S2-202045,S2-201804,S2-202203,S2-202324,S2-201667,S2-201579,S2-201839,S2-202249,S2-201443,S3-301691,S3-301370,S3-301997,S3-301617,S3-301423,S3-301446,S3-301960,S3-301880,S3-301411,S3-301331,S3-301982,S3-301433,S2-201543,S3-301322,S2-202431,S2-202501,S3-302260,S3-302330
S1-102698	S2-202332,S2-202111,S3-301940,S2-202306,S2-202143,S2-201580,S2-202314,S2-201789,S2-201416,S2-202070,S2-201540,S2-202104,S2-202163,S2-201898,S2-201445,S2-201975,S2-202218,S2-201407,S2-201922,S2-201441,S2-202054,S2-201933,S3-301326,S3-301297,S3-301815,S3-301779,S3-301907,S3-301957,S3-302141,S3-301306,S3-301458,S3-301447,S3-301985,S3-301767,S2-202385
S1-102699	S3-302161,S3-301465,S2-201604,S2-201809,S2-201908,S2-201790,S2-202226,S2-201618,S2-201483,S2-202247,S2-201567,S2-202000,S2-202021,S2-201399,S3-301754,S3-301289,S3-301436,S3-301649,S3-301359,S3-301838,S3-301344,S3-301860,S3-301478,S3-301891,S3-302078,S2-202523,S2-202391,S3-302220,S3-302352
